+1789354097.440890 fm-watch.sh:116 set -u
+++1789354097.442097 fm-watch.sh:118 dirname /tmp/fm-target-99f67cc/bin/fm-watch.sh
++1789354097.445598 fm-watch.sh:118 cd /tmp/fm-target-99f67cc/bin
++1789354097.445719 fm-watch.sh:118 pwd
+1789354097.446105 fm-watch.sh:118 SCRIPT_DIR=/tmp/fm-target-99f67cc/bin
+1789354097.446197 fm-watch.sh:119 FM_ROOT=/tmp/fm-target-99f67cc
+1789354097.446221 fm-watch.sh:120 FM_HOME=/tmp/fm-pr-check-security.q7m8p0/rejected-metacharacters/home
+1789354097.446244 fm-watch.sh:121 STATE=/tmp/fm-pr-check-security.q7m8p0/rejected-metacharacters/home/state
+1789354097.446262 fm-watch.sh:122 CONFIG=/tmp/fm-pr-check-security.q7m8p0/rejected-metacharacters/home/config
+1789354097.446279 fm-watch.sh:123 mkdir -p /tmp/fm-pr-check-security.q7m8p0/rejected-metacharacters/home/state
+1789354097.450130 fm-watch.sh:132 . /tmp/fm-target-99f67cc/bin/fm-push-transition-lib.sh
++++1789354097.451259 fm-push-transition-lib.sh:8 dirname /tmp/fm-target-99f67cc/bin/fm-push-transition-lib.sh
+++1789354097.455079 fm-push-transition-lib.sh:8 cd /tmp/fm-target-99f67cc/bin
+++1789354097.455204 fm-push-transition-lib.sh:8 pwd
++1789354097.455602 fm-push-transition-lib.sh:8 FM_PUSH_TRANSITION_LIB_DIR=/tmp/fm-target-99f67cc/bin
++1789354097.455657 fm-push-transition-lib.sh:11 . /tmp/fm-target-99f67cc/bin/fm-wake-lib.sh
+++++1789354097.456859 fm-wake-lib.sh:4 dirname /tmp/fm-target-99f67cc/bin/fm-wake-lib.sh
++++1789354097.460564 fm-wake-lib.sh:4 cd /tmp/fm-target-99f67cc/bin
++++1789354097.460685 fm-wake-lib.sh:4 pwd
+++1789354097.461072 fm-wake-lib.sh:4 FM_WAKE_LIB_DIR=/tmp/fm-target-99f67cc/bin
++++1789354097.461578 fm-wake-lib.sh:5 cd /tmp/fm-target-99f67cc/bin/..
++++1789354097.461683 fm-wake-lib.sh:5 pwd
+++1789354097.462039 fm-wake-lib.sh:5 FM_WAKE_DEFAULT_ROOT=/tmp/fm-target-99f67cc
+++1789354097.462095 fm-wake-lib.sh:6 FM_ROOT=/tmp/fm-target-99f67cc
+++1789354097.462116 fm-wake-lib.sh:7 FM_HOME=/tmp/fm-pr-check-security.q7m8p0/rejected-metacharacters/home
+++1789354097.462140 fm-wake-lib.sh:8 STATE=/tmp/fm-pr-check-security.q7m8p0/rejected-metacharacters/home/state
+++1789354097.462158 fm-wake-lib.sh:9 FM_WAKE_QUEUE=/tmp/fm-pr-check-security.q7m8p0/rejected-metacharacters/home/state/.wake-queue
+++1789354097.462177 fm-wake-lib.sh:10 FM_WAKE_QUEUE_LOCK=/tmp/fm-pr-check-security.q7m8p0/rejected-metacharacters/home/state/.wake-queue.lock
+++1789354097.462192 fm-wake-lib.sh:11 FM_LOCK_STALE_AFTER=2
++++1789354097.462701 fm-wake-lib.sh:15 uname
+++1789354097.466873 fm-wake-lib.sh:15 _FM_UNAME=Linux
+++1789354097.466956 fm-wake-lib.sh:16 mkdir -p /tmp/fm-pr-check-security.q7m8p0/rejected-metacharacters/home/state
+++1789354097.472026 fm-wake-lib.sh:139 FM_WATCHER_MATCHED_IDENTITY=
+++1789354097.472130 fm-wake-lib.sh:155 FM_WATCHER_HEALTHY_PID=
+++1789354097.472143 fm-wake-lib.sh:156 FM_WATCHER_HEALTHY_IDENTITY=
+++1789354097.472560 fm-wake-lib.sh:380 FM_WATCHER_VERDICT_OK=false
+++1789354097.472579 fm-wake-lib.sh:382 FM_WATCHER_VERDICT_REASON=stale-beacon
+++1789354097.473133 fm-wake-lib.sh:606 FM_RECOVERY_MARKER_TOKEN=
+++1789354097.473151 fm-wake-lib.sh:607 FM_RECOVERY_MARKER_ACTION=none
+++1789354097.477259 fm-wake-lib.sh:2191 FM_WAKE_STATUS_KEY=
+++1789354097.477313 fm-wake-lib.sh:2192 FM_WAKE_STATUS_HISTORICAL=false
+++1789354097.477419 fm-wake-lib.sh:2231 FM_WAKE_EVENT_LINE=
+++1789354097.477435 fm-wake-lib.sh:2232 FM_WAKE_UNREAD_LINES=
++1789354097.477771 fm-push-transition-lib.sh:13 . /tmp/fm-target-99f67cc/bin/fm-classify-lib.sh
+++++1789354097.479314 fm-classify-lib.sh:47 dirname /tmp/fm-target-99f67cc/bin/fm-classify-lib.sh
++++1789354097.482745 fm-classify-lib.sh:47 cd /tmp/fm-target-99f67cc/bin
++++1789354097.482897 fm-classify-lib.sh:47 pwd
+++1789354097.483456 fm-classify-lib.sh:47 _FM_CLASSIFY_LIB_DIR=/tmp/fm-target-99f67cc/bin
+++1789354097.483545 fm-classify-lib.sh:52 FM_CREW_STATE_BIN=/tmp/fm-target-99f67cc/bin/fm-crew-state.sh
+++1789354097.483573 fm-classify-lib.sh:60 case $- in
+++1789354097.483587 fm-classify-lib.sh:60 _fm_classify_nounset=on
+++1789354097.483613 fm-classify-lib.sh:63 . /tmp/fm-target-99f67cc/bin/fm-timeout-lib.sh
++++1789354097.483690 fm-timeout-lib.sh:28 set -u
+++1789354097.483999 fm-classify-lib.sh:64 '[' on = on ']'
+++1789354097.484020 fm-classify-lib.sh:65 unset _fm_classify_nounset
+++1789354097.484048 fm-classify-lib.sh:78 FM_CLASSIFY_CAPTAIN_RE_DEFAULT='done:|needs-decision:|blocked:|failed:|PR ready|checks green|ready in branch|merged'
+++1789354097.484072 fm-classify-lib.sh:91 FM_CLASSIFY_PAUSED_VERB_DEFAULT=paused
+++1789354097.484096 fm-classify-lib.sh:106 FM_PAUSE_RESURFACE_SECS_DEFAULT=14400
+++1789354097.484143 fm-classify-lib.sh:128 FM_CLASSIFY_RESOLVE_VERB_DEFAULT=resolved
+++1789354097.484154 fm-classify-lib.sh:129 FM_CLASSIFY_CAPTAIN_HELD_VERB_DEFAULT=captain-held
+++1789354097.485046 fm-classify-lib.sh:442 FM_CLASSIFY_RESERVED_KEY_PREFIXES_DEFAULT=pending-reply-
+++1789354097.485636 fm-classify-lib.sh:684 FM_OPEN_DECISIONS_FOLD_VERSION=5
+++1789354097.486519 fm-classify-lib.sh:914 FM_STATUS_SNAPSHOT_EVENT_LINE=
+++1789354097.486545 fm-classify-lib.sh:915 FM_STATUS_SNAPSHOT_EVENT_MTIME=
+++1789354097.486558 fm-classify-lib.sh:916 FM_STATUS_SNAPSHOT_EVENT_ENDPOINT=
+++1789354097.487082 fm-classify-lib.sh:1083 STATUS_PRESENTATION_REPORTED=
+++1789354097.487100 fm-classify-lib.sh:1084 STATUS_PRESENTATION_CLASSIFIED=
+++1789354097.489260 fm-classify-lib.sh:1849 FM_WORKTREE_WRITE_PRUNE='.git node_modules .venv venv __pycache__ .mypy_cache .pytest_cache .ruff_cache .tox target dist build .next .cache vendor'
+++1789354097.489294 fm-classify-lib.sh:1850 FM_WORKTREE_WRITE_MAXDEPTH=6
+++1789354097.489320 fm-classify-lib.sh:1864 FM_WORKTREE_WRITE_TIMEOUT=10
++1789354097.489610 fm-push-transition-lib.sh:15 . /tmp/fm-target-99f67cc/bin/fm-backend.sh
+++1789354097.489784 fm-backend.sh:49 FM_BACKEND_SCRIPT=/tmp/fm-target-99f67cc/bin/fm-backend.sh
+++++1789354097.491175 fm-backend.sh:50 dirname /tmp/fm-target-99f67cc/bin/fm-backend.sh
++++1789354097.495545 fm-backend.sh:50 cd /tmp/fm-target-99f67cc/bin
++++1789354097.495723 fm-backend.sh:50 pwd
+++1789354097.496198 fm-backend.sh:50 FM_BACKEND_LIB_DIR=/tmp/fm-target-99f67cc/bin
+++1789354097.496262 fm-backend.sh:51 unset FM_BACKEND_SCRIPT
++++1789354097.496895 fm-backend.sh:52 cd /tmp/fm-target-99f67cc/bin/..
++++1789354097.497023 fm-backend.sh:52 pwd
+++1789354097.497418 fm-backend.sh:52 FM_BACKEND_DEFAULT_ROOT=/tmp/fm-target-99f67cc
+++1789354097.497482 fm-backend.sh:53 FM_ROOT=/tmp/fm-target-99f67cc
+++1789354097.497504 fm-backend.sh:54 FM_HOME=/tmp/fm-pr-check-security.q7m8p0/rejected-metacharacters/home
+++1789354097.497529 fm-backend.sh:55 FM_BACKEND_CONFIG_DIR=/tmp/fm-pr-check-security.q7m8p0/rejected-metacharacters/home/config
+++1789354097.497553 fm-backend.sh:69 FM_BACKEND_KNOWN='tmux herdr zellij orca cmux'
+++1789354097.497564 fm-backend.sh:70 FM_BACKEND_SPAWN='tmux herdr zellij orca cmux'
+++1789354097.497674 fm-backend.sh:138 FM_BACKEND_CMUX_BUNDLE_ID=com.cmuxterm.app
++1789354097.499931 fm-push-transition-lib.sh:17 . /tmp/fm-target-99f67cc/bin/fm-transition-lib.sh
+++1789354097.500050 fm-transition-lib.sh:37 FM_TRANSITION_FIELD_SEP=$'\t'
++1789354097.500198 fm-push-transition-lib.sh:19 TRIAGE_LOG=/tmp/fm-pr-check-security.q7m8p0/rejected-metacharacters/home/state/.watch-triage.log
++1789354097.500219 fm-push-transition-lib.sh:20 TRIAGE_LOG_MAX_BYTES=262144
++1789354097.500232 fm-push-transition-lib.sh:21 FM_WAKE_POST_OUTPUT_ACTION=
++1789354097.500247 fm-push-transition-lib.sh:25 FM_WATCH_DELIVERED_REASON=
++1789354097.500257 fm-push-transition-lib.sh:26 FM_WATCH_DELIVERY_PID=
++1789354097.500268 fm-push-transition-lib.sh:27 FM_WATCH_DELIVERY_IDENTITY=
++1789354097.500284 fm-push-transition-lib.sh:28 WATCH_DELIVERY_LOG=/tmp/fm-pr-check-security.q7m8p0/rejected-metacharacters/home/state/.watch-deliveries.log
++1789354097.500301 fm-push-transition-lib.sh:29 WATCH_DELIVERY_LOCK=/tmp/fm-pr-check-security.q7m8p0/rejected-metacharacters/home/state/.watch-deliveries.lock
++1789354097.500316 fm-push-transition-lib.sh:30 WATCH_DELIVERY_MAX_BYTES=65536
++1789354097.500329 fm-push-transition-lib.sh:31 WATCH_DELIVERY_KEEP_LINES=64
++1789354097.500344 fm-push-transition-lib.sh:32 case "$WATCH_DELIVERY_MAX_BYTES" in
++1789354097.500363 fm-push-transition-lib.sh:33 case "$WATCH_DELIVERY_KEEP_LINES" in
+1789354097.500874 fm-watch.sh:134 . /tmp/fm-target-99f67cc/bin/fm-pr-lib.sh
++1789354097.501020 fm-pr-lib.sh:20 FM_PR_PROVIDER=
++1789354097.501043 fm-pr-lib.sh:21 FM_PR_URL=
++1789354097.501058 fm-pr-lib.sh:22 FM_PR_HOST=
++1789354097.501072 fm-pr-lib.sh:23 FM_PR_PATH=
++1789354097.501128 fm-pr-lib.sh:24 FM_PR_OWNER=
++1789354097.501146 fm-pr-lib.sh:25 FM_PR_REPO=
++1789354097.501160 fm-pr-lib.sh:26 FM_PR_NUMBER=
++1789354097.501175 fm-pr-lib.sh:27 FM_PR_DATA_PROVIDER=
++1789354097.501189 fm-pr-lib.sh:28 FM_PR_DATA_URL=
++1789354097.501203 fm-pr-lib.sh:29 FM_PR_DATA_HOST=
++1789354097.501217 fm-pr-lib.sh:30 FM_PR_DATA_PATH=
++1789354097.501232 fm-pr-lib.sh:31 FM_PR_DATA_NUMBER=
++1789354097.501247 fm-pr-lib.sh:32 FM_PR_META_PROVIDER=
++1789354097.501262 fm-pr-lib.sh:33 FM_PR_META_URL=
++1789354097.501276 fm-pr-lib.sh:34 FM_PR_META_HOST=
++1789354097.501291 fm-pr-lib.sh:35 FM_PR_META_PATH=
++1789354097.501306 fm-pr-lib.sh:36 FM_PR_META_NUMBER=
++1789354097.501321 fm-pr-lib.sh:37 FM_PR_REG_ID=
++1789354097.501336 fm-pr-lib.sh:38 FM_PR_REG_PROVIDER=
++1789354097.501350 fm-pr-lib.sh:39 FM_PR_REG_URL=
++1789354097.501364 fm-pr-lib.sh:40 FM_PR_REG_HOST=
++1789354097.501378 fm-pr-lib.sh:41 FM_PR_REG_PATH=
++1789354097.501393 fm-pr-lib.sh:42 FM_PR_REG_NUMBER=
++1789354097.501407 fm-pr-lib.sh:43 FM_PR_REG_DATA_HASH=
++1789354097.501422 fm-pr-lib.sh:44 FM_PR_REG_TEMPLATE_HASH=
++1789354097.501437 fm-pr-lib.sh:45 FM_PR_REG_DATA_IDENTITY=
++1789354097.501452 fm-pr-lib.sh:46 FM_PR_REG_CHECK_IDENTITY=
++1789354097.501467 fm-pr-lib.sh:47 FM_PR_POLL_DATA_TMP=
++1789354097.501481 fm-pr-lib.sh:48 FM_PR_POLL_CHECK_TMP=
++1789354097.501498 fm-pr-lib.sh:49 FM_PR_POLL_REG_TMP=
++1789354097.501512 fm-pr-lib.sh:50 FM_PR_POLL_DATA_DEST=
++1789354097.501526 fm-pr-lib.sh:51 FM_PR_POLL_CHECK_DEST=
++1789354097.501541 fm-pr-lib.sh:52 FM_PR_POLL_REG_DEST=
++1789354097.501556 fm-pr-lib.sh:53 FM_PR_POLL_EXPECT_ID=
++1789354097.501570 fm-pr-lib.sh:54 FM_PR_POLL_EXPECT_PROVIDER=
++1789354097.501584 fm-pr-lib.sh:55 FM_PR_POLL_EXPECT_URL=
++1789354097.501599 fm-pr-lib.sh:56 FM_PR_POLL_EXPECT_HOST=
++1789354097.501614 fm-pr-lib.sh:57 FM_PR_POLL_EXPECT_PATH=
++1789354097.501628 fm-pr-lib.sh:58 FM_PR_POLL_EXPECT_NUMBER=
++1789354097.501642 fm-pr-lib.sh:59 FM_PR_POLL_EXPECT_DATA_HASH=
++1789354097.501660 fm-pr-lib.sh:60 FM_PR_POLL_EXPECT_TEMPLATE_HASH=
++1789354097.501675 fm-pr-lib.sh:61 FM_PR_POLL_EXPECT_DATA_IDENTITY=
++1789354097.501690 fm-pr-lib.sh:62 FM_PR_POLL_EXPECT_CHECK_IDENTITY=
++1789354097.501705 fm-pr-lib.sh:63 FM_PR_POLL_TEMPLATE=
++1789354097.501720 fm-pr-lib.sh:64 FM_PR_POLL_STATE_DEVICE=
++1789354097.501735 fm-pr-lib.sh:65 FM_PR_POLL_SNAPSHOT_ID=
++1789354097.501749 fm-pr-lib.sh:66 FM_PR_POLL_SNAPSHOT_PROVIDER=
++1789354097.501764 fm-pr-lib.sh:67 FM_PR_POLL_SNAPSHOT_URL=
++1789354097.501778 fm-pr-lib.sh:68 FM_PR_POLL_SNAPSHOT_HOST=
++1789354097.501792 fm-pr-lib.sh:69 FM_PR_POLL_SNAPSHOT_PATH=
++1789354097.501807 fm-pr-lib.sh:70 FM_PR_POLL_SNAPSHOT_NUMBER=
++1789354097.501822 fm-pr-lib.sh:71 FM_PR_POLL_SNAPSHOT_DATA_HASH=
++1789354097.501837 fm-pr-lib.sh:72 FM_PR_POLL_SNAPSHOT_TEMPLATE_HASH=
++1789354097.501852 fm-pr-lib.sh:73 FM_PR_POLL_SNAPSHOT_DATA_IDENTITY=
++1789354097.501868 fm-pr-lib.sh:74 FM_PR_POLL_SNAPSHOT_CHECK_IDENTITY=
++1789354097.501883 fm-pr-lib.sh:75 FM_PR_POLL_SNAPSHOT_REG_HASH=
++1789354097.501898 fm-pr-lib.sh:76 FM_PR_POLL_SNAPSHOT_REG_IDENTITY=
++1789354097.502017 fm-pr-lib.sh:77 FM_PR_RETIRE_ID=
++1789354097.502044 fm-pr-lib.sh:78 FM_PR_RETIRE_PROVIDER=
++1789354097.502059 fm-pr-lib.sh:79 FM_PR_RETIRE_URL=
++1789354097.502073 fm-pr-lib.sh:80 FM_PR_RETIRE_HOST=
++1789354097.502087 fm-pr-lib.sh:81 FM_PR_RETIRE_PATH=
++1789354097.502101 fm-pr-lib.sh:82 FM_PR_RETIRE_NUMBER=
++1789354097.502116 fm-pr-lib.sh:83 FM_PR_RETIRE_DATA_HASH=
++1789354097.502131 fm-pr-lib.sh:84 FM_PR_RETIRE_TEMPLATE_HASH=
++1789354097.502152 fm-pr-lib.sh:85 FM_PR_RETIRE_DATA_IDENTITY=
++1789354097.502167 fm-pr-lib.sh:86 FM_PR_RETIRE_CHECK_IDENTITY=
++1789354097.502189 fm-pr-lib.sh:87 FM_PR_RETIRE_REG_HASH=
++1789354097.502205 fm-pr-lib.sh:88 FM_PR_RETIRE_REG_IDENTITY=
++1789354097.502220 fm-pr-lib.sh:89 FM_PR_RETIRE_RECEIPT_HASH=
++1789354097.502235 fm-pr-lib.sh:90 FM_PR_RETIRE_RECEIPT_IDENTITY=
++1789354097.502250 fm-pr-lib.sh:91 FM_PR_POLL_RETIREMENT_REJECTED=
+1789354097.506524 fm-watch.sh:138 . /tmp/fm-target-99f67cc/bin/fm-procevent-lib.sh
++1789354097.506977 fm-procevent-lib.sh:165 FM_PROCEVENT_OWNER_LEASE_DEFAULT_SECONDS=600
++1789354097.507000 fm-procevent-lib.sh:166 FM_PROCEVENT_OWNER_LEASE_MIN_SECONDS=1
++1789354097.507014 fm-procevent-lib.sh:167 FM_PROCEVENT_OWNER_LEASE_MAX_SECONDS=86400
++1789354097.507080 fm-procevent-lib.sh:182 FM_PROCEVENT_OWNER_CHECK_DEFAULT_SECONDS=15
++1789354097.507094 fm-procevent-lib.sh:183 FM_PROCEVENT_OWNER_CHECK_MIN_SECONDS=1
++1789354097.507106 fm-procevent-lib.sh:184 FM_PROCEVENT_OWNER_CHECK_MAX_SECONDS=3600
++1789354097.507175 fm-procevent-lib.sh:198 FM_PROCEVENT_LAUNCH_FLOOR_DEFAULT_SECONDS=1
++1789354097.507192 fm-procevent-lib.sh:199 FM_PROCEVENT_LAUNCH_FLOOR_MIN_SECONDS=1
++1789354097.507204 fm-procevent-lib.sh:200 FM_PROCEVENT_LAUNCH_FLOOR_MAX_SECONDS=3600
++1789354097.507257 fm-procevent-lib.sh:220 FM_PROCEVENT_LAUNCH_CONFIRM_DEFAULT_SECONDS=3
++1789354097.507269 fm-procevent-lib.sh:221 FM_PROCEVENT_LAUNCH_CONFIRM_MIN_SECONDS=1
++1789354097.507279 fm-procevent-lib.sh:222 FM_PROCEVENT_LAUNCH_CONFIRM_MAX_SECONDS=600
+1789354097.510979 fm-watch.sh:149 . /tmp/fm-target-99f67cc/bin/fm-merge-outcome-lib.sh
++++1789354097.512783 fm-merge-outcome-lib.sh:29 dirname /tmp/fm-target-99f67cc/bin/fm-merge-outcome-lib.sh
+++1789354097.517469 fm-merge-outcome-lib.sh:29 cd /tmp/fm-target-99f67cc/bin
+++1789354097.517638 fm-merge-outcome-lib.sh:29 pwd
++1789354097.518300 fm-merge-outcome-lib.sh:29 _FM_MERGE_OUTCOME_LIB_DIR=/tmp/fm-target-99f67cc/bin
++1789354097.518428 fm-merge-outcome-lib.sh:31 . /tmp/fm-target-99f67cc/bin/fm-pr-lib.sh
+++1789354097.518605 fm-pr-lib.sh:20 FM_PR_PROVIDER=
+++1789354097.518635 fm-pr-lib.sh:21 FM_PR_URL=
+++1789354097.518653 fm-pr-lib.sh:22 FM_PR_HOST=
+++1789354097.518668 fm-pr-lib.sh:23 FM_PR_PATH=
+++1789354097.518682 fm-pr-lib.sh:24 FM_PR_OWNER=
+++1789354097.518695 fm-pr-lib.sh:25 FM_PR_REPO=
+++1789354097.518709 fm-pr-lib.sh:26 FM_PR_NUMBER=
+++1789354097.518723 fm-pr-lib.sh:27 FM_PR_DATA_PROVIDER=
+++1789354097.518737 fm-pr-lib.sh:28 FM_PR_DATA_URL=
+++1789354097.518753 fm-pr-lib.sh:29 FM_PR_DATA_HOST=
+++1789354097.518766 fm-pr-lib.sh:30 FM_PR_DATA_PATH=
+++1789354097.518782 fm-pr-lib.sh:31 FM_PR_DATA_NUMBER=
+++1789354097.518795 fm-pr-lib.sh:32 FM_PR_META_PROVIDER=
+++1789354097.518808 fm-pr-lib.sh:33 FM_PR_META_URL=
+++1789354097.518822 fm-pr-lib.sh:34 FM_PR_META_HOST=
+++1789354097.518835 fm-pr-lib.sh:35 FM_PR_META_PATH=
+++1789354097.518848 fm-pr-lib.sh:36 FM_PR_META_NUMBER=
+++1789354097.518862 fm-pr-lib.sh:37 FM_PR_REG_ID=
+++1789354097.518876 fm-pr-lib.sh:38 FM_PR_REG_PROVIDER=
+++1789354097.518889 fm-pr-lib.sh:39 FM_PR_REG_URL=
+++1789354097.518902 fm-pr-lib.sh:40 FM_PR_REG_HOST=
+++1789354097.518916 fm-pr-lib.sh:41 FM_PR_REG_PATH=
+++1789354097.518929 fm-pr-lib.sh:42 FM_PR_REG_NUMBER=
+++1789354097.518943 fm-pr-lib.sh:43 FM_PR_REG_DATA_HASH=
+++1789354097.518957 fm-pr-lib.sh:44 FM_PR_REG_TEMPLATE_HASH=
+++1789354097.518971 fm-pr-lib.sh:45 FM_PR_REG_DATA_IDENTITY=
+++1789354097.518985 fm-pr-lib.sh:46 FM_PR_REG_CHECK_IDENTITY=
+++1789354097.518999 fm-pr-lib.sh:47 FM_PR_POLL_DATA_TMP=
+++1789354097.519014 fm-pr-lib.sh:48 FM_PR_POLL_CHECK_TMP=
+++1789354097.519028 fm-pr-lib.sh:49 FM_PR_POLL_REG_TMP=
+++1789354097.519042 fm-pr-lib.sh:50 FM_PR_POLL_DATA_DEST=
+++1789354097.519057 fm-pr-lib.sh:51 FM_PR_POLL_CHECK_DEST=
+++1789354097.519070 fm-pr-lib.sh:52 FM_PR_POLL_REG_DEST=
+++1789354097.519084 fm-pr-lib.sh:53 FM_PR_POLL_EXPECT_ID=
+++1789354097.519101 fm-pr-lib.sh:54 FM_PR_POLL_EXPECT_PROVIDER=
+++1789354097.519115 fm-pr-lib.sh:55 FM_PR_POLL_EXPECT_URL=
+++1789354097.519129 fm-pr-lib.sh:56 FM_PR_POLL_EXPECT_HOST=
+++1789354097.519144 fm-pr-lib.sh:57 FM_PR_POLL_EXPECT_PATH=
+++1789354097.519167 fm-pr-lib.sh:58 FM_PR_POLL_EXPECT_NUMBER=
+++1789354097.519184 fm-pr-lib.sh:59 FM_PR_POLL_EXPECT_DATA_HASH=
+++1789354097.519202 fm-pr-lib.sh:60 FM_PR_POLL_EXPECT_TEMPLATE_HASH=
+++1789354097.519216 fm-pr-lib.sh:61 FM_PR_POLL_EXPECT_DATA_IDENTITY=
+++1789354097.519425 fm-pr-lib.sh:62 FM_PR_POLL_EXPECT_CHECK_IDENTITY=
+++1789354097.519464 fm-pr-lib.sh:63 FM_PR_POLL_TEMPLATE=
+++1789354097.519481 fm-pr-lib.sh:64 FM_PR_POLL_STATE_DEVICE=
+++1789354097.519496 fm-pr-lib.sh:65 FM_PR_POLL_SNAPSHOT_ID=
+++1789354097.519510 fm-pr-lib.sh:66 FM_PR_POLL_SNAPSHOT_PROVIDER=
+++1789354097.519524 fm-pr-lib.sh:67 FM_PR_POLL_SNAPSHOT_URL=
+++1789354097.519538 fm-pr-lib.sh:68 FM_PR_POLL_SNAPSHOT_HOST=
+++1789354097.519552 fm-pr-lib.sh:69 FM_PR_POLL_SNAPSHOT_PATH=
+++1789354097.519566 fm-pr-lib.sh:70 FM_PR_POLL_SNAPSHOT_NUMBER=
+++1789354097.519580 fm-pr-lib.sh:71 FM_PR_POLL_SNAPSHOT_DATA_HASH=
+++1789354097.519594 fm-pr-lib.sh:72 FM_PR_POLL_SNAPSHOT_TEMPLATE_HASH=
+++1789354097.519609 fm-pr-lib.sh:73 FM_PR_POLL_SNAPSHOT_DATA_IDENTITY=
+++1789354097.519625 fm-pr-lib.sh:74 FM_PR_POLL_SNAPSHOT_CHECK_IDENTITY=
+++1789354097.519639 fm-pr-lib.sh:75 FM_PR_POLL_SNAPSHOT_REG_HASH=
+++1789354097.519653 fm-pr-lib.sh:76 FM_PR_POLL_SNAPSHOT_REG_IDENTITY=
+++1789354097.519667 fm-pr-lib.sh:77 FM_PR_RETIRE_ID=
+++1789354097.519683 fm-pr-lib.sh:78 FM_PR_RETIRE_PROVIDER=
+++1789354097.519697 fm-pr-lib.sh:79 FM_PR_RETIRE_URL=
+++1789354097.519710 fm-pr-lib.sh:80 FM_PR_RETIRE_HOST=
+++1789354097.519763 fm-pr-lib.sh:81 FM_PR_RETIRE_PATH=
+++1789354097.519785 fm-pr-lib.sh:82 FM_PR_RETIRE_NUMBER=
+++1789354097.519799 fm-pr-lib.sh:83 FM_PR_RETIRE_DATA_HASH=
+++1789354097.519813 fm-pr-lib.sh:84 FM_PR_RETIRE_TEMPLATE_HASH=
+++1789354097.519836 fm-pr-lib.sh:85 FM_PR_RETIRE_DATA_IDENTITY=
+++1789354097.519852 fm-pr-lib.sh:86 FM_PR_RETIRE_CHECK_IDENTITY=
+++1789354097.519869 fm-pr-lib.sh:87 FM_PR_RETIRE_REG_HASH=
+++1789354097.519883 fm-pr-lib.sh:88 FM_PR_RETIRE_REG_IDENTITY=
+++1789354097.519898 fm-pr-lib.sh:89 FM_PR_RETIRE_RECEIPT_HASH=
+++1789354097.519912 fm-pr-lib.sh:90 FM_PR_RETIRE_RECEIPT_IDENTITY=
+++1789354097.519927 fm-pr-lib.sh:91 FM_PR_POLL_RETIREMENT_REJECTED=
++1789354097.523874 fm-merge-outcome-lib.sh:33 . /tmp/fm-target-99f67cc/bin/fm-parent-channel-lib.sh
+++++1789354097.525990 fm-parent-channel-lib.sh:59 dirname /tmp/fm-target-99f67cc/bin/fm-parent-channel-lib.sh
++++1789354097.530469 fm-parent-channel-lib.sh:59 cd /tmp/fm-target-99f67cc/bin
++++1789354097.530641 fm-parent-channel-lib.sh:59 pwd
+++1789354097.531206 fm-parent-channel-lib.sh:59 _FM_PARENT_CHANNEL_LIB_DIR=/tmp/fm-target-99f67cc/bin
+++1789354097.531305 fm-parent-channel-lib.sh:61 . /tmp/fm-target-99f67cc/bin/fm-secondmate-parent-lib.sh
+++1789354097.531579 fm-parent-channel-lib.sh:64 FM_PARENT_CHANNEL_ID=
+++1789354097.531596 fm-parent-channel-lib.sh:66 FM_PARENT_CHANNEL_ROUTE=
++1789354097.531890 fm-merge-outcome-lib.sh:36 FM_MERGE_OUTCOME_ALREADY_RECORDED=false
+1789354097.532130 fm-watch.sh:153 . /tmp/fm-target-99f67cc/bin/fm-merge-authority-lib.sh
++++1789354097.534225 fm-merge-authority-lib.sh:33 dirname /tmp/fm-target-99f67cc/bin/fm-merge-authority-lib.sh
+++1789354097.538610 fm-merge-authority-lib.sh:33 cd /tmp/fm-target-99f67cc/bin
+++1789354097.538781 fm-merge-authority-lib.sh:33 pwd
++1789354097.539301 fm-merge-authority-lib.sh:33 _FM_MERGE_AUTHORITY_LIB_DIR=/tmp/fm-target-99f67cc/bin
++1789354097.539390 fm-merge-authority-lib.sh:35 . /tmp/fm-target-99f67cc/bin/fm-pr-lib.sh
+++1789354097.539549 fm-pr-lib.sh:20 FM_PR_PROVIDER=
+++1789354097.539575 fm-pr-lib.sh:21 FM_PR_URL=
+++1789354097.539589 fm-pr-lib.sh:22 FM_PR_HOST=
+++1789354097.539600 fm-pr-lib.sh:23 FM_PR_PATH=
+++1789354097.539610 fm-pr-lib.sh:24 FM_PR_OWNER=
+++1789354097.539618 fm-pr-lib.sh:25 FM_PR_REPO=
+++1789354097.539629 fm-pr-lib.sh:26 FM_PR_NUMBER=
+++1789354097.539639 fm-pr-lib.sh:27 FM_PR_DATA_PROVIDER=
+++1789354097.539647 fm-pr-lib.sh:28 FM_PR_DATA_URL=
+++1789354097.539656 fm-pr-lib.sh:29 FM_PR_DATA_HOST=
+++1789354097.539668 fm-pr-lib.sh:30 FM_PR_DATA_PATH=
+++1789354097.539683 fm-pr-lib.sh:31 FM_PR_DATA_NUMBER=
+++1789354097.539693 fm-pr-lib.sh:32 FM_PR_META_PROVIDER=
+++1789354097.539702 fm-pr-lib.sh:33 FM_PR_META_URL=
+++1789354097.539710 fm-pr-lib.sh:34 FM_PR_META_HOST=
+++1789354097.539718 fm-pr-lib.sh:35 FM_PR_META_PATH=
+++1789354097.539726 fm-pr-lib.sh:36 FM_PR_META_NUMBER=
+++1789354097.539734 fm-pr-lib.sh:37 FM_PR_REG_ID=
+++1789354097.539742 fm-pr-lib.sh:38 FM_PR_REG_PROVIDER=
+++1789354097.539751 fm-pr-lib.sh:39 FM_PR_REG_URL=
+++1789354097.539759 fm-pr-lib.sh:40 FM_PR_REG_HOST=
+++1789354097.539767 fm-pr-lib.sh:41 FM_PR_REG_PATH=
+++1789354097.539775 fm-pr-lib.sh:42 FM_PR_REG_NUMBER=
+++1789354097.539783 fm-pr-lib.sh:43 FM_PR_REG_DATA_HASH=
+++1789354097.539795 fm-pr-lib.sh:44 FM_PR_REG_TEMPLATE_HASH=
+++1789354097.539805 fm-pr-lib.sh:45 FM_PR_REG_DATA_IDENTITY=
+++1789354097.539813 fm-pr-lib.sh:46 FM_PR_REG_CHECK_IDENTITY=
+++1789354097.539822 fm-pr-lib.sh:47 FM_PR_POLL_DATA_TMP=
+++1789354097.539830 fm-pr-lib.sh:48 FM_PR_POLL_CHECK_TMP=
+++1789354097.539839 fm-pr-lib.sh:49 FM_PR_POLL_REG_TMP=
+++1789354097.539847 fm-pr-lib.sh:50 FM_PR_POLL_DATA_DEST=
+++1789354097.539855 fm-pr-lib.sh:51 FM_PR_POLL_CHECK_DEST=
+++1789354097.539864 fm-pr-lib.sh:52 FM_PR_POLL_REG_DEST=
+++1789354097.539872 fm-pr-lib.sh:53 FM_PR_POLL_EXPECT_ID=
+++1789354097.539882 fm-pr-lib.sh:54 FM_PR_POLL_EXPECT_PROVIDER=
+++1789354097.539890 fm-pr-lib.sh:55 FM_PR_POLL_EXPECT_URL=
+++1789354097.539899 fm-pr-lib.sh:56 FM_PR_POLL_EXPECT_HOST=
+++1789354097.539907 fm-pr-lib.sh:57 FM_PR_POLL_EXPECT_PATH=
+++1789354097.539915 fm-pr-lib.sh:58 FM_PR_POLL_EXPECT_NUMBER=
+++1789354097.539923 fm-pr-lib.sh:59 FM_PR_POLL_EXPECT_DATA_HASH=
+++1789354097.539932 fm-pr-lib.sh:60 FM_PR_POLL_EXPECT_TEMPLATE_HASH=
+++1789354097.539941 fm-pr-lib.sh:61 FM_PR_POLL_EXPECT_DATA_IDENTITY=
+++1789354097.539950 fm-pr-lib.sh:62 FM_PR_POLL_EXPECT_CHECK_IDENTITY=
+++1789354097.539958 fm-pr-lib.sh:63 FM_PR_POLL_TEMPLATE=
+++1789354097.539966 fm-pr-lib.sh:64 FM_PR_POLL_STATE_DEVICE=
+++1789354097.539975 fm-pr-lib.sh:65 FM_PR_POLL_SNAPSHOT_ID=
+++1789354097.539983 fm-pr-lib.sh:66 FM_PR_POLL_SNAPSHOT_PROVIDER=
+++1789354097.539991 fm-pr-lib.sh:67 FM_PR_POLL_SNAPSHOT_URL=
+++1789354097.539999 fm-pr-lib.sh:68 FM_PR_POLL_SNAPSHOT_HOST=
+++1789354097.540007 fm-pr-lib.sh:69 FM_PR_POLL_SNAPSHOT_PATH=
+++1789354097.540016 fm-pr-lib.sh:70 FM_PR_POLL_SNAPSHOT_NUMBER=
+++1789354097.540024 fm-pr-lib.sh:71 FM_PR_POLL_SNAPSHOT_DATA_HASH=
+++1789354097.540032 fm-pr-lib.sh:72 FM_PR_POLL_SNAPSHOT_TEMPLATE_HASH=
+++1789354097.540041 fm-pr-lib.sh:73 FM_PR_POLL_SNAPSHOT_DATA_IDENTITY=
+++1789354097.540050 fm-pr-lib.sh:74 FM_PR_POLL_SNAPSHOT_CHECK_IDENTITY=
+++1789354097.540058 fm-pr-lib.sh:75 FM_PR_POLL_SNAPSHOT_REG_HASH=
+++1789354097.540066 fm-pr-lib.sh:76 FM_PR_POLL_SNAPSHOT_REG_IDENTITY=
+++1789354097.540074 fm-pr-lib.sh:77 FM_PR_RETIRE_ID=
+++1789354097.540082 fm-pr-lib.sh:78 FM_PR_RETIRE_PROVIDER=
+++1789354097.540090 fm-pr-lib.sh:79 FM_PR_RETIRE_URL=
+++1789354097.540099 fm-pr-lib.sh:80 FM_PR_RETIRE_HOST=
+++1789354097.540106 fm-pr-lib.sh:81 FM_PR_RETIRE_PATH=
+++1789354097.540115 fm-pr-lib.sh:82 FM_PR_RETIRE_NUMBER=
+++1789354097.540123 fm-pr-lib.sh:83 FM_PR_RETIRE_DATA_HASH=
+++1789354097.540131 fm-pr-lib.sh:84 FM_PR_RETIRE_TEMPLATE_HASH=
+++1789354097.540141 fm-pr-lib.sh:85 FM_PR_RETIRE_DATA_IDENTITY=
+++1789354097.540149 fm-pr-lib.sh:86 FM_PR_RETIRE_CHECK_IDENTITY=
+++1789354097.540159 fm-pr-lib.sh:87 FM_PR_RETIRE_REG_HASH=
+++1789354097.540167 fm-pr-lib.sh:88 FM_PR_RETIRE_REG_IDENTITY=
+++1789354097.540176 fm-pr-lib.sh:89 FM_PR_RETIRE_RECEIPT_HASH=
+++1789354097.540184 fm-pr-lib.sh:90 FM_PR_RETIRE_RECEIPT_IDENTITY=
+++1789354097.540193 fm-pr-lib.sh:91 FM_PR_POLL_RETIREMENT_REJECTED=
++1789354097.543443 fm-merge-authority-lib.sh:37 . /tmp/fm-target-99f67cc/bin/fm-afk-contract.sh
+++1789354097.543686 fm-afk-contract.sh:136 set -u
+++++1789354097.545475 fm-afk-contract.sh:138 dirname /tmp/fm-target-99f67cc/bin/fm-afk-contract.sh
++++1789354097.549851 fm-afk-contract.sh:138 cd /tmp/fm-target-99f67cc/bin
++++1789354097.550062 fm-afk-contract.sh:138 pwd
+++1789354097.550585 fm-afk-contract.sh:138 FM_AFK_CONTRACT_DIR=/tmp/fm-target-99f67cc/bin
+++1789354097.550724 fm-afk-contract.sh:139 FM_ROOT=/tmp/fm-target-99f67cc
+++1789354097.550756 fm-afk-contract.sh:140 FM_HOME=/tmp/fm-pr-check-security.q7m8p0/rejected-metacharacters/home
+++1789354097.550790 fm-afk-contract.sh:141 FM_AFK_CONTRACT_STATE=/tmp/fm-pr-check-security.q7m8p0/rejected-metacharacters/home/state
+++1789354097.550811 fm-afk-contract.sh:144 . /tmp/fm-target-99f67cc/bin/fm-classify-lib.sh
++++++1789354097.552675 fm-classify-lib.sh:47 dirname /tmp/fm-target-99f67cc/bin/fm-classify-lib.sh
+++++1789354097.556846 fm-classify-lib.sh:47 cd /tmp/fm-target-99f67cc/bin
+++++1789354097.557026 fm-classify-lib.sh:47 pwd
++++1789354097.557625 fm-classify-lib.sh:47 _FM_CLASSIFY_LIB_DIR=/tmp/fm-target-99f67cc/bin
++++1789354097.557744 fm-classify-lib.sh:52 FM_CREW_STATE_BIN=/tmp/fm-target-99f67cc/bin/fm-crew-state.sh
++++1789354097.557774 fm-classify-lib.sh:60 case $- in
++++1789354097.557790 fm-classify-lib.sh:60 _fm_classify_nounset=on
++++1789354097.557823 fm-classify-lib.sh:63 . /tmp/fm-target-99f67cc/bin/fm-timeout-lib.sh
+++++1789354097.557910 fm-timeout-lib.sh:28 set -u
++++1789354097.558411 fm-classify-lib.sh:64 '[' on = on ']'
++++1789354097.558437 fm-classify-lib.sh:65 unset _fm_classify_nounset
++++1789354097.558468 fm-classify-lib.sh:78 FM_CLASSIFY_CAPTAIN_RE_DEFAULT='done:|needs-decision:|blocked:|failed:|PR ready|checks green|ready in branch|merged'
++++1789354097.558491 fm-classify-lib.sh:91 FM_CLASSIFY_PAUSED_VERB_DEFAULT=paused
++++1789354097.558515 fm-classify-lib.sh:106 FM_PAUSE_RESURFACE_SECS_DEFAULT=14400
++++1789354097.558569 fm-classify-lib.sh:128 FM_CLASSIFY_RESOLVE_VERB_DEFAULT=resolved
++++1789354097.558581 fm-classify-lib.sh:129 FM_CLASSIFY_CAPTAIN_HELD_VERB_DEFAULT=captain-held
++++1789354097.559073 fm-classify-lib.sh:442 FM_CLASSIFY_RESERVED_KEY_PREFIXES_DEFAULT=pending-reply-
++++1789354097.559550 fm-classify-lib.sh:684 FM_OPEN_DECISIONS_FOLD_VERSION=5
++++1789354097.560447 fm-classify-lib.sh:914 FM_STATUS_SNAPSHOT_EVENT_LINE=
++++1789354097.560481 fm-classify-lib.sh:915 FM_STATUS_SNAPSHOT_EVENT_MTIME=
++++1789354097.560499 fm-classify-lib.sh:916 FM_STATUS_SNAPSHOT_EVENT_ENDPOINT=
++++1789354097.561397 fm-classify-lib.sh:1083 STATUS_PRESENTATION_REPORTED=
++++1789354097.561446 fm-classify-lib.sh:1084 STATUS_PRESENTATION_CLASSIFIED=
++++1789354097.564939 fm-classify-lib.sh:1849 FM_WORKTREE_WRITE_PRUNE='.git node_modules .venv venv __pycache__ .mypy_cache .pytest_cache .ruff_cache .tox target dist build .next .cache vendor'
++++1789354097.564997 fm-classify-lib.sh:1850 FM_WORKTREE_WRITE_MAXDEPTH=6
++++1789354097.565040 fm-classify-lib.sh:1864 FM_WORKTREE_WRITE_TIMEOUT=10
+++1789354097.565597 fm-afk-contract.sh:146 FM_AFK_CONTRACT_VERSION=1
+++1789354097.565644 fm-afk-contract.sh:147 FM_AFK_CONTRACT_VERBS='merge land prerelease install rerun dispatch abort-run answer discard wake-me'
+++1789354097.565673 fm-afk-contract.sh:148 FM_AFK_CONTRACT_REACH_ANNOUNCED='No phone channel is configured; anything that needs you waits for your return.'
+++1789354097.565691 fm-afk-contract.sh:149 FM_AFK_CONTRACT_SPEND_DEFAULT=4
+++1789354097.565713 fm-afk-contract.sh:152 _FM_AFK_CONTRACT_LOCK_TIMEOUT=120
+++1789354097.565730 fm-afk-contract.sh:153 FM_AFK_CONTRACT_LOCK_HELD=
+++1789354097.569271 fm-afk-contract.sh:1016 '[' /tmp/fm-target-99f67cc/bin/fm-afk-contract.sh = /tmp/fm-target-99f67cc/bin/fm-watch.sh ']'
++1789354097.569394 fm-merge-authority-lib.sh:40 FM_MERGE_AUTHORITY=
++1789354097.569435 fm-merge-authority-lib.sh:42 FM_MERGE_AUTHORITY_REASON=
++1789354097.569456 fm-merge-authority-lib.sh:44 FM_MERGE_AUTHORITY_RECORD_IDENTITY=
+1789354097.570275 fm-watch.sh:155 . /tmp/fm-target-99f67cc/bin/fm-x-lib.sh
++++1789354097.572667 fm-x-lib.sh:51 dirname /tmp/fm-target-99f67cc/bin/fm-x-lib.sh
+++1789354097.577343 fm-x-lib.sh:51 cd /tmp/fm-target-99f67cc/bin
+++1789354097.577534 fm-x-lib.sh:51 pwd
++1789354097.578142 fm-x-lib.sh:51 _FM_X_LIB_DIR=/tmp/fm-target-99f67cc/bin
++1789354097.578271 fm-x-lib.sh:52 command -v fm_backlog_atomic_transition
++1789354097.578398 fm-x-lib.sh:54 . /tmp/fm-target-99f67cc/bin/fm-tasks-axi-lib.sh
+++1789354097.578489 fm-tasks-axi-lib.sh:45 FM_TASKS_AXI_MIN=0.2.4
+++1789354097.578516 fm-tasks-axi-lib.sh:47 FM_TASKS_AXI_COMPATIBLE_MEMO=
+++1789354097.578530 fm-tasks-axi-lib.sh:48 unset FM_TASKS_AXI_COMPATIBLE
+++1789354097.578551 fm-tasks-axi-lib.sh:49 case "$FM_TASKS_AXI_COMPATIBLE_MEMO" in
+++1789354097.578561 fm-tasks-axi-lib.sh:51 FM_TASKS_AXI_COMPATIBLE_MEMO=
++1789354097.578985 fm-x-lib.sh:56 . /tmp/fm-target-99f67cc/bin/fm-backlog-transition-lib.sh
+++1789354097.579124 fm-backlog-transition-lib.sh:61 FM_BACKLOG_TRANSITION_SKIP=
+++1789354097.579148 fm-backlog-transition-lib.sh:63 FM_BACKLOG_TRANSITION_ERROR=
+++1789354097.579161 fm-backlog-transition-lib.sh:64 FM_BACKLOG_ROW_RESULT=
+++1789354097.579173 fm-backlog-transition-lib.sh:65 FM_BACKLOG_ROW_STATE=
+++1789354097.579184 fm-backlog-transition-lib.sh:66 FM_BACKLOG_ROW_ERROR=
+++1789354097.579197 fm-backlog-transition-lib.sh:70 FM_BACKLOG_ROW_HOLD_KIND=
+++1789354097.579212 fm-backlog-transition-lib.sh:74 FM_BACKLOG_CLOSE_REPLAY_RESULT=
+++++1789354097.580692 fm-backlog-transition-lib.sh:80 dirname /tmp/fm-target-99f67cc/bin/fm-backlog-transition-lib.sh
++++1789354097.585286 fm-backlog-transition-lib.sh:80 cd /tmp/fm-target-99f67cc/bin
++++1789354097.585522 fm-backlog-transition-lib.sh:80 pwd
+++1789354097.586468 fm-backlog-transition-lib.sh:80 . /tmp/fm-target-99f67cc/bin/fm-timeout-lib.sh
++++1789354097.586625 fm-timeout-lib.sh:28 set -u
+++1789354097.587111 fm-backlog-transition-lib.sh:85 FM_BACKLOG_ROW_SHOW_WEDGED=0
+1789354097.592814 fm-watch.sh:157 . /tmp/fm-target-99f67cc/bin/fm-check-lib.sh
++1789354097.592913 fm-check-lib.sh:3 FM_CUSTOM_CHECK_HASH=
++1789354097.592929 fm-check-lib.sh:4 FM_CUSTOM_CHECK_SNAPSHOT=
+1789354097.593180 fm-watch.sh:162 . /tmp/fm-target-99f67cc/bin/fm-pending-reply-lib.sh
++++1789354097.595309 fm-pending-reply-lib.sh:109 dirname /tmp/fm-target-99f67cc/bin/fm-pending-reply-lib.sh
+++1789354097.599570 fm-pending-reply-lib.sh:109 cd /tmp/fm-target-99f67cc/bin
+++1789354097.599760 fm-pending-reply-lib.sh:109 pwd
++1789354097.600371 fm-pending-reply-lib.sh:109 _FM_PENDING_REPLY_LIB_DIR=/tmp/fm-target-99f67cc/bin
++1789354097.600468 fm-pending-reply-lib.sh:111 . /tmp/fm-target-99f67cc/bin/fm-marker-lib.sh
+++++1789354097.601839 fm-marker-lib.sh:9 dirname /tmp/fm-target-99f67cc/bin/fm-marker-lib.sh
++++1789354097.606840 fm-marker-lib.sh:9 cd /tmp/fm-target-99f67cc/bin
++++1789354097.607138 fm-marker-lib.sh:9 pwd
+++1789354097.607894 fm-marker-lib.sh:9 _FM_MARKER_LIB_DIR=/tmp/fm-target-99f67cc/bin
+++1789354097.607991 fm-marker-lib.sh:11 . /tmp/fm-target-99f67cc/bin/fm-operational-input.sh
++++1789354097.608081 fm-operational-input.sh:27 FM_OPERATIONAL_MARK=⁣
++++1789354097.608114 fm-operational-input.sh:28 FM_OPERATIONAL_PREFIX='⁣FIRSTMATE_OP: '
++++1789354097.608132 fm-operational-input.sh:29 FM_OPERATIONAL_VERSION=v1
++++1789354097.608149 fm-operational-input.sh:30 FM_OPERATIONAL_HEADER_PREFIX='⁣FIRSTMATE_OP: v1 '
++++1789354097.608164 fm-operational-input.sh:31 FM_OPERATIONAL_KINDS='session-start watcher turn-end-guard away-supervisor launch-brief branch-outcome'
++++1789354097.608182 fm-operational-input.sh:35 FM_INJECT_MARK=⁣
++++1789354097.608196 fm-operational-input.sh:39 FM_FROMFIRST_LABEL='[fm-from-firstmate]'
++++1789354097.608208 fm-operational-input.sh:40 FM_FROMFIRST_SEPARATOR=⁣
++++1789354097.608228 fm-operational-input.sh:41 FM_FROMFIRST_MARK='[fm-from-firstmate]⁣'
++++1789354097.608442 fm-operational-input.sh:121 FM_LEGACY_SESSIONSTART='Run `bin/fm-session-start.sh` now, exactly once, before executing any other instructions.'
++++1789354097.608460 fm-operational-input.sh:122 FM_LEGACY_WATCHER_PREFIX='FIRSTMATE WATCHER WAKE: '
++++1789354097.608481 fm-operational-input.sh:123 FM_LEGACY_WATCHER_SUFFIX=$'\n\nRun bin/fm-wake-drain.sh first and handle the queued wake. Watcher continuity is extension-owned.'
++++1789354097.608505 fm-operational-input.sh:124 FM_LEGACY_TURNEND_PREFIX=$'TURN WOULD END BLIND - supervision is off. The watcher cycle is missing, failed, or unhealthy. Follow the harness recovery instruction below before ending the turn.\n\n'
++++1789354097.608529 fm-operational-input.sh:125 FM_LEGACY_AWAY_PREFIX='⁣Supervisor escalate ('
++++1789354097.608837 fm-operational-input.sh:250 '[' /tmp/fm-target-99f67cc/bin/fm-operational-input.sh = /tmp/fm-target-99f67cc/bin/fm-watch.sh ']'
+++1789354097.608872 fm-marker-lib.sh:12 unset _FM_MARKER_LIB_DIR
++1789354097.608913 fm-pending-reply-lib.sh:113 . /tmp/fm-target-99f67cc/bin/fm-backend.sh
+++1789354097.609020 fm-backend.sh:49 FM_BACKEND_SCRIPT=/tmp/fm-target-99f67cc/bin/fm-backend.sh
+++++1789354097.610440 fm-backend.sh:50 dirname /tmp/fm-target-99f67cc/bin/fm-backend.sh
++++1789354097.614802 fm-backend.sh:50 cd /tmp/fm-target-99f67cc/bin
++++1789354097.614978 fm-backend.sh:50 pwd
+++1789354097.615512 fm-backend.sh:50 FM_BACKEND_LIB_DIR=/tmp/fm-target-99f67cc/bin
+++1789354097.615600 fm-backend.sh:51 unset FM_BACKEND_SCRIPT
++++1789354097.616375 fm-backend.sh:52 cd /tmp/fm-target-99f67cc/bin/..
++++1789354097.616553 fm-backend.sh:52 pwd
+++1789354097.617138 fm-backend.sh:52 FM_BACKEND_DEFAULT_ROOT=/tmp/fm-target-99f67cc
+++1789354097.617219 fm-backend.sh:53 FM_ROOT=/tmp/fm-target-99f67cc
+++1789354097.617246 fm-backend.sh:54 FM_HOME=/tmp/fm-pr-check-security.q7m8p0/rejected-metacharacters/home
+++1789354097.617279 fm-backend.sh:55 FM_BACKEND_CONFIG_DIR=/tmp/fm-pr-check-security.q7m8p0/rejected-metacharacters/home/config
+++1789354097.617307 fm-backend.sh:69 FM_BACKEND_KNOWN='tmux herdr zellij orca cmux'
+++1789354097.617319 fm-backend.sh:70 FM_BACKEND_SPAWN='tmux herdr zellij orca cmux'
+++1789354097.617444 fm-backend.sh:138 FM_BACKEND_CMUX_BUNDLE_ID=com.cmuxterm.app
++1789354097.619598 fm-pending-reply-lib.sh:115 . /tmp/fm-target-99f67cc/bin/fm-tmux-lib.sh
++++1789354097.620751 fm-tmux-lib.sh:45 dirname -- /tmp/fm-target-99f67cc/bin/fm-tmux-lib.sh
+++1789354097.625546 fm-tmux-lib.sh:45 . /tmp/fm-target-99f67cc/bin/fm-composer-lib.sh
++++1789354097.626166 fm-composer-lib.sh:135 FM_COMPOSER_UNICODE_SPACES=()
++++1789354097.626299 fm-composer-lib.sh:136 for _fm_composer_space_octal in '\0302\0205' '\0302\0240' '\0341\0232\0200' '\0342\0200\0200' '\0342\0200\0201' '\0342\0200\0202' '\0342\0200\0203' '\0342\0200\0204' '\0342\0200\0205' '\0342\0200\0206' '\0342\0200\0207' '\0342\0200\0210' '\0342\0200\0211' '\0342\0200\0212' '\0342\0200\0250' '\0342\0200\0251' '\0342\0200\0257' '\0342\0201\0237' '\0343\0200\0200'
++++1789354097.626334 fm-composer-lib.sh:143 printf -v _fm_composer_space_utf8 %b '\0302\0205'
++++1789354097.626361 fm-composer-lib.sh:144 FM_COMPOSER_UNICODE_SPACES+=("$_fm_composer_space_utf8")
++++1789354097.626389 fm-composer-lib.sh:136 for _fm_composer_space_octal in '\0302\0205' '\0302\0240' '\0341\0232\0200' '\0342\0200\0200' '\0342\0200\0201' '\0342\0200\0202' '\0342\0200\0203' '\0342\0200\0204' '\0342\0200\0205' '\0342\0200\0206' '\0342\0200\0207' '\0342\0200\0210' '\0342\0200\0211' '\0342\0200\0212' '\0342\0200\0250' '\0342\0200\0251' '\0342\0200\0257' '\0342\0201\0237' '\0343\0200\0200'
++++1789354097.626411 fm-composer-lib.sh:143 printf -v _fm_composer_space_utf8 %b '\0302\0240'
++++1789354097.626429 fm-composer-lib.sh:144 FM_COMPOSER_UNICODE_SPACES+=("$_fm_composer_space_utf8")
++++1789354097.626449 fm-composer-lib.sh:136 for _fm_composer_space_octal in '\0302\0205' '\0302\0240' '\0341\0232\0200' '\0342\0200\0200' '\0342\0200\0201' '\0342\0200\0202' '\0342\0200\0203' '\0342\0200\0204' '\0342\0200\0205' '\0342\0200\0206' '\0342\0200\0207' '\0342\0200\0210' '\0342\0200\0211' '\0342\0200\0212' '\0342\0200\0250' '\0342\0200\0251' '\0342\0200\0257' '\0342\0201\0237' '\0343\0200\0200'
++++1789354097.626468 fm-composer-lib.sh:143 printf -v _fm_composer_space_utf8 %b '\0341\0232\0200'
++++1789354097.626483 fm-composer-lib.sh:144 FM_COMPOSER_UNICODE_SPACES+=("$_fm_composer_space_utf8")
++++1789354097.626501 fm-composer-lib.sh:136 for _fm_composer_space_octal in '\0302\0205' '\0302\0240' '\0341\0232\0200' '\0342\0200\0200' '\0342\0200\0201' '\0342\0200\0202' '\0342\0200\0203' '\0342\0200\0204' '\0342\0200\0205' '\0342\0200\0206' '\0342\0200\0207' '\0342\0200\0210' '\0342\0200\0211' '\0342\0200\0212' '\0342\0200\0250' '\0342\0200\0251' '\0342\0200\0257' '\0342\0201\0237' '\0343\0200\0200'
++++1789354097.626524 fm-composer-lib.sh:143 printf -v _fm_composer_space_utf8 %b '\0342\0200\0200'
++++1789354097.626537 fm-composer-lib.sh:144 FM_COMPOSER_UNICODE_SPACES+=("$_fm_composer_space_utf8")
++++1789354097.626550 fm-composer-lib.sh:136 for _fm_composer_space_octal in '\0302\0205' '\0302\0240' '\0341\0232\0200' '\0342\0200\0200' '\0342\0200\0201' '\0342\0200\0202' '\0342\0200\0203' '\0342\0200\0204' '\0342\0200\0205' '\0342\0200\0206' '\0342\0200\0207' '\0342\0200\0210' '\0342\0200\0211' '\0342\0200\0212' '\0342\0200\0250' '\0342\0200\0251' '\0342\0200\0257' '\0342\0201\0237' '\0343\0200\0200'
++++1789354097.626563 fm-composer-lib.sh:143 printf -v _fm_composer_space_utf8 %b '\0342\0200\0201'
++++1789354097.626571 fm-composer-lib.sh:144 FM_COMPOSER_UNICODE_SPACES+=("$_fm_composer_space_utf8")
++++1789354097.626583 fm-composer-lib.sh:136 for _fm_composer_space_octal in '\0302\0205' '\0302\0240' '\0341\0232\0200' '\0342\0200\0200' '\0342\0200\0201' '\0342\0200\0202' '\0342\0200\0203' '\0342\0200\0204' '\0342\0200\0205' '\0342\0200\0206' '\0342\0200\0207' '\0342\0200\0210' '\0342\0200\0211' '\0342\0200\0212' '\0342\0200\0250' '\0342\0200\0251' '\0342\0200\0257' '\0342\0201\0237' '\0343\0200\0200'
++++1789354097.626595 fm-composer-lib.sh:143 printf -v _fm_composer_space_utf8 %b '\0342\0200\0202'
++++1789354097.626604 fm-composer-lib.sh:144 FM_COMPOSER_UNICODE_SPACES+=("$_fm_composer_space_utf8")
++++1789354097.626615 fm-composer-lib.sh:136 for _fm_composer_space_octal in '\0302\0205' '\0302\0240' '\0341\0232\0200' '\0342\0200\0200' '\0342\0200\0201' '\0342\0200\0202' '\0342\0200\0203' '\0342\0200\0204' '\0342\0200\0205' '\0342\0200\0206' '\0342\0200\0207' '\0342\0200\0210' '\0342\0200\0211' '\0342\0200\0212' '\0342\0200\0250' '\0342\0200\0251' '\0342\0200\0257' '\0342\0201\0237' '\0343\0200\0200'
++++1789354097.626627 fm-composer-lib.sh:143 printf -v _fm_composer_space_utf8 %b '\0342\0200\0203'
++++1789354097.626636 fm-composer-lib.sh:144 FM_COMPOSER_UNICODE_SPACES+=("$_fm_composer_space_utf8")
++++1789354097.626647 fm-composer-lib.sh:136 for _fm_composer_space_octal in '\0302\0205' '\0302\0240' '\0341\0232\0200' '\0342\0200\0200' '\0342\0200\0201' '\0342\0200\0202' '\0342\0200\0203' '\0342\0200\0204' '\0342\0200\0205' '\0342\0200\0206' '\0342\0200\0207' '\0342\0200\0210' '\0342\0200\0211' '\0342\0200\0212' '\0342\0200\0250' '\0342\0200\0251' '\0342\0200\0257' '\0342\0201\0237' '\0343\0200\0200'
++++1789354097.626659 fm-composer-lib.sh:143 printf -v _fm_composer_space_utf8 %b '\0342\0200\0204'
++++1789354097.626668 fm-composer-lib.sh:144 FM_COMPOSER_UNICODE_SPACES+=("$_fm_composer_space_utf8")
++++1789354097.626681 fm-composer-lib.sh:136 for _fm_composer_space_octal in '\0302\0205' '\0302\0240' '\0341\0232\0200' '\0342\0200\0200' '\0342\0200\0201' '\0342\0200\0202' '\0342\0200\0203' '\0342\0200\0204' '\0342\0200\0205' '\0342\0200\0206' '\0342\0200\0207' '\0342\0200\0210' '\0342\0200\0211' '\0342\0200\0212' '\0342\0200\0250' '\0342\0200\0251' '\0342\0200\0257' '\0342\0201\0237' '\0343\0200\0200'
++++1789354097.626693 fm-composer-lib.sh:143 printf -v _fm_composer_space_utf8 %b '\0342\0200\0205'
++++1789354097.626702 fm-composer-lib.sh:144 FM_COMPOSER_UNICODE_SPACES+=("$_fm_composer_space_utf8")
++++1789354097.626713 fm-composer-lib.sh:136 for _fm_composer_space_octal in '\0302\0205' '\0302\0240' '\0341\0232\0200' '\0342\0200\0200' '\0342\0200\0201' '\0342\0200\0202' '\0342\0200\0203' '\0342\0200\0204' '\0342\0200\0205' '\0342\0200\0206' '\0342\0200\0207' '\0342\0200\0210' '\0342\0200\0211' '\0342\0200\0212' '\0342\0200\0250' '\0342\0200\0251' '\0342\0200\0257' '\0342\0201\0237' '\0343\0200\0200'
++++1789354097.626725 fm-composer-lib.sh:143 printf -v _fm_composer_space_utf8 %b '\0342\0200\0206'
++++1789354097.626736 fm-composer-lib.sh:144 FM_COMPOSER_UNICODE_SPACES+=("$_fm_composer_space_utf8")
++++1789354097.626757 fm-composer-lib.sh:136 for _fm_composer_space_octal in '\0302\0205' '\0302\0240' '\0341\0232\0200' '\0342\0200\0200' '\0342\0200\0201' '\0342\0200\0202' '\0342\0200\0203' '\0342\0200\0204' '\0342\0200\0205' '\0342\0200\0206' '\0342\0200\0207' '\0342\0200\0210' '\0342\0200\0211' '\0342\0200\0212' '\0342\0200\0250' '\0342\0200\0251' '\0342\0200\0257' '\0342\0201\0237' '\0343\0200\0200'
++++1789354097.626776 fm-composer-lib.sh:143 printf -v _fm_composer_space_utf8 %b '\0342\0200\0207'
++++1789354097.626785 fm-composer-lib.sh:144 FM_COMPOSER_UNICODE_SPACES+=("$_fm_composer_space_utf8")
++++1789354097.626831 fm-composer-lib.sh:136 for _fm_composer_space_octal in '\0302\0205' '\0302\0240' '\0341\0232\0200' '\0342\0200\0200' '\0342\0200\0201' '\0342\0200\0202' '\0342\0200\0203' '\0342\0200\0204' '\0342\0200\0205' '\0342\0200\0206' '\0342\0200\0207' '\0342\0200\0210' '\0342\0200\0211' '\0342\0200\0212' '\0342\0200\0250' '\0342\0200\0251' '\0342\0200\0257' '\0342\0201\0237' '\0343\0200\0200'
++++1789354097.626850 fm-composer-lib.sh:143 printf -v _fm_composer_space_utf8 %b '\0342\0200\0210'
++++1789354097.626862 fm-composer-lib.sh:144 FM_COMPOSER_UNICODE_SPACES+=("$_fm_composer_space_utf8")
++++1789354097.626877 fm-composer-lib.sh:136 for _fm_composer_space_octal in '\0302\0205' '\0302\0240' '\0341\0232\0200' '\0342\0200\0200' '\0342\0200\0201' '\0342\0200\0202' '\0342\0200\0203' '\0342\0200\0204' '\0342\0200\0205' '\0342\0200\0206' '\0342\0200\0207' '\0342\0200\0210' '\0342\0200\0211' '\0342\0200\0212' '\0342\0200\0250' '\0342\0200\0251' '\0342\0200\0257' '\0342\0201\0237' '\0343\0200\0200'
++++1789354097.626889 fm-composer-lib.sh:143 printf -v _fm_composer_space_utf8 %b '\0342\0200\0211'
++++1789354097.626898 fm-composer-lib.sh:144 FM_COMPOSER_UNICODE_SPACES+=("$_fm_composer_space_utf8")
++++1789354097.626910 fm-composer-lib.sh:136 for _fm_composer_space_octal in '\0302\0205' '\0302\0240' '\0341\0232\0200' '\0342\0200\0200' '\0342\0200\0201' '\0342\0200\0202' '\0342\0200\0203' '\0342\0200\0204' '\0342\0200\0205' '\0342\0200\0206' '\0342\0200\0207' '\0342\0200\0210' '\0342\0200\0211' '\0342\0200\0212' '\0342\0200\0250' '\0342\0200\0251' '\0342\0200\0257' '\0342\0201\0237' '\0343\0200\0200'
++++1789354097.626921 fm-composer-lib.sh:143 printf -v _fm_composer_space_utf8 %b '\0342\0200\0212'
++++1789354097.626930 fm-composer-lib.sh:144 FM_COMPOSER_UNICODE_SPACES+=("$_fm_composer_space_utf8")
++++1789354097.626941 fm-composer-lib.sh:136 for _fm_composer_space_octal in '\0302\0205' '\0302\0240' '\0341\0232\0200' '\0342\0200\0200' '\0342\0200\0201' '\0342\0200\0202' '\0342\0200\0203' '\0342\0200\0204' '\0342\0200\0205' '\0342\0200\0206' '\0342\0200\0207' '\0342\0200\0210' '\0342\0200\0211' '\0342\0200\0212' '\0342\0200\0250' '\0342\0200\0251' '\0342\0200\0257' '\0342\0201\0237' '\0343\0200\0200'
++++1789354097.626953 fm-composer-lib.sh:143 printf -v _fm_composer_space_utf8 %b '\0342\0200\0250'
++++1789354097.626962 fm-composer-lib.sh:144 FM_COMPOSER_UNICODE_SPACES+=("$_fm_composer_space_utf8")
++++1789354097.626973 fm-composer-lib.sh:136 for _fm_composer_space_octal in '\0302\0205' '\0302\0240' '\0341\0232\0200' '\0342\0200\0200' '\0342\0200\0201' '\0342\0200\0202' '\0342\0200\0203' '\0342\0200\0204' '\0342\0200\0205' '\0342\0200\0206' '\0342\0200\0207' '\0342\0200\0210' '\0342\0200\0211' '\0342\0200\0212' '\0342\0200\0250' '\0342\0200\0251' '\0342\0200\0257' '\0342\0201\0237' '\0343\0200\0200'
++++1789354097.626986 fm-composer-lib.sh:143 printf -v _fm_composer_space_utf8 %b '\0342\0200\0251'
++++1789354097.626995 fm-composer-lib.sh:144 FM_COMPOSER_UNICODE_SPACES+=("$_fm_composer_space_utf8")
++++1789354097.627005 fm-composer-lib.sh:136 for _fm_composer_space_octal in '\0302\0205' '\0302\0240' '\0341\0232\0200' '\0342\0200\0200' '\0342\0200\0201' '\0342\0200\0202' '\0342\0200\0203' '\0342\0200\0204' '\0342\0200\0205' '\0342\0200\0206' '\0342\0200\0207' '\0342\0200\0210' '\0342\0200\0211' '\0342\0200\0212' '\0342\0200\0250' '\0342\0200\0251' '\0342\0200\0257' '\0342\0201\0237' '\0343\0200\0200'
++++1789354097.627020 fm-composer-lib.sh:143 printf -v _fm_composer_space_utf8 %b '\0342\0200\0257'
++++1789354097.627029 fm-composer-lib.sh:144 FM_COMPOSER_UNICODE_SPACES+=("$_fm_composer_space_utf8")
++++1789354097.627040 fm-composer-lib.sh:136 for _fm_composer_space_octal in '\0302\0205' '\0302\0240' '\0341\0232\0200' '\0342\0200\0200' '\0342\0200\0201' '\0342\0200\0202' '\0342\0200\0203' '\0342\0200\0204' '\0342\0200\0205' '\0342\0200\0206' '\0342\0200\0207' '\0342\0200\0210' '\0342\0200\0211' '\0342\0200\0212' '\0342\0200\0250' '\0342\0200\0251' '\0342\0200\0257' '\0342\0201\0237' '\0343\0200\0200'
++++1789354097.627052 fm-composer-lib.sh:143 printf -v _fm_composer_space_utf8 %b '\0342\0201\0237'
++++1789354097.627076 fm-composer-lib.sh:144 FM_COMPOSER_UNICODE_SPACES+=("$_fm_composer_space_utf8")
++++1789354097.627096 fm-composer-lib.sh:136 for _fm_composer_space_octal in '\0302\0205' '\0302\0240' '\0341\0232\0200' '\0342\0200\0200' '\0342\0200\0201' '\0342\0200\0202' '\0342\0200\0203' '\0342\0200\0204' '\0342\0200\0205' '\0342\0200\0206' '\0342\0200\0207' '\0342\0200\0210' '\0342\0200\0211' '\0342\0200\0212' '\0342\0200\0250' '\0342\0200\0251' '\0342\0200\0257' '\0342\0201\0237' '\0343\0200\0200'
++++1789354097.627113 fm-composer-lib.sh:143 printf -v _fm_composer_space_utf8 %b '\0343\0200\0200'
++++1789354097.627123 fm-composer-lib.sh:144 FM_COMPOSER_UNICODE_SPACES+=("$_fm_composer_space_utf8")
++++1789354097.627148 fm-composer-lib.sh:146 unset -v _fm_composer_space_octal _fm_composer_space_utf8
++++1789354097.627427 fm-composer-lib.sh:318 FM_DELIVERY_BUSY_REGEX_DEFAULT='esc (to )?interrupt|Working(\.\.\.|…)|Ctrl\+c:cancel|ctrl\+c to stop|esc[[:space:]]+to[[:space:]]+cancel'
++++1789354097.627468 fm-composer-lib.sh:319 FM_DELIVERY_CLAUDE_BUSY_REGEX_DEFAULT='esc to interrupt|…[[:space:]]+\([0-9]+[smh]'
++++1789354097.627489 fm-composer-lib.sh:320 FM_DELIVERY_CODEX_BUSY_REGEX_DEFAULT='esc to interrupt'
++++1789354097.627507 fm-composer-lib.sh:321 FM_DELIVERY_OPENCODE_BUSY_REGEX_DEFAULT='esc interrupt'
++++1789354097.627525 fm-composer-lib.sh:322 FM_DELIVERY_PI_BUSY_REGEX_DEFAULT='Working\.\.\.'
++++1789354097.627574 fm-composer-lib.sh:338 FM_OMP_SPINNER_FRAMES_RE='(⠋|⠙|⠹|⠸|⠼|⠴|⠦|⠧|⠇|⠏|⣾|⣽|⣻|⢿|⡿|⣟|⣯|⣷)'
++++1789354097.627622 fm-composer-lib.sh:339 FM_DELIVERY_OMP_BUSY_REGEX_DEFAULT='Working…|^[[:space:]]*(⠋|⠙|⠹|⠸|⠼|⠴|⠦|⠧|⠇|⠏|⣾|⣽|⣻|⢿|⡿|⣟|⣯|⣷)[[:space:]]+[0-9]+[smh]'
++++1789354097.627648 fm-composer-lib.sh:340 FM_DELIVERY_GROK_BUSY_REGEX_DEFAULT='Ctrl\+c:cancel'
++++1789354097.627680 fm-composer-lib.sh:348 FM_DELIVERY_CURSOR_BUSY_REGEX_DEFAULT='ctrl\+c to stop'
++++1789354097.627712 fm-composer-lib.sh:356 FM_DELIVERY_AGY_BUSY_REGEX_DEFAULT='esc[[:space:]]+to[[:space:]]+cancel'
++++1789354097.627741 fm-composer-lib.sh:357 FM_DELIVERY_KIMI_BUSY_REGEX_DEFAULT='^[[:space:]]*(🌑|🌒|🌓|🌔|🌕|🌖|🌗|🌘)[[:space:]]+·[[:space:]]+'
+++++1789354097.628996 fm-composer-lib.sh:392 printf '%s\n' ❯ › ⟩ →
++++1789354097.629967 fm-composer-lib.sh:392 FM_COMPOSER_AGENT_PROMPT_GLYPHS=$'❯\n›\n⟩\n→'
+++++1789354097.631086 fm-composer-lib.sh:393 printf '%s\n' '>' '$' % '#'
++++1789354097.631902 fm-composer-lib.sh:393 FM_COMPOSER_SHELL_PROMPT_GLYPHS=$'>\n$\n%\n#'
++++1789354097.632028 fm-composer-lib.sh:403 FM_COMPOSER_IDLE_RE_DEFAULT='^Type a message\.\.\.$|^Ask anything\.\.\.|^Plan, search, build anything$|^Add a follow-up$'
++++1789354097.632068 fm-composer-lib.sh:408 FM_COMPOSER_LEFTBAR_FOOTER_RE_DEFAULT='^(Build|Plan)[[:space:]]+·[[:space:]]+'
++++1789354097.632155 fm-composer-lib.sh:427 FM_COMPOSER_OMP_STATUS_RE_DEFAULT='^[[:space:]]*(π|󰵗)[[:space:]]+·[[:space:]]|^[[:space:]]*(⠋|⠙|⠹|⠸|⠼|⠴|⠦|⠧|⠇|⠏|⣾|⣽|⣻|⢿|⡿|⣟|⣯|⣷)[[:space:]]+[0-9]+[smh]([[:space:]]|$)|[[:space:]]·[[:space:]].*[0-9]+(\.[0-9]+)?%/[0-9]+K'
++++1789354097.632204 fm-composer-lib.sh:434 FM_COMPOSER_CAPTURE_LINES=20
++++1789354097.632232 fm-composer-lib.sh:439 FM_COMPOSER_PI_MAX_LINES=8
++++1789354097.637621 fm-tmux-lib.sh:47 dirname -- /tmp/fm-target-99f67cc/bin/fm-tmux-lib.sh
+++1789354097.644445 fm-tmux-lib.sh:47 . /tmp/fm-target-99f67cc/bin/fm-cursor-lib.sh
++++1789354097.644671 fm-cursor-lib.sh:45 FM_CURSOR_PROBE_TIMEOUT=10
++1789354097.645766 fm-pending-reply-lib.sh:117 . /tmp/fm-target-99f67cc/bin/fm-classify-lib.sh
+++++1789354097.648151 fm-classify-lib.sh:47 dirname /tmp/fm-target-99f67cc/bin/fm-classify-lib.sh
++++1789354097.652896 fm-classify-lib.sh:47 cd /tmp/fm-target-99f67cc/bin
++++1789354097.653200 fm-classify-lib.sh:47 pwd
+++1789354097.654327 fm-classify-lib.sh:47 _FM_CLASSIFY_LIB_DIR=/tmp/fm-target-99f67cc/bin
+++1789354097.654483 fm-classify-lib.sh:52 FM_CREW_STATE_BIN=/tmp/fm-target-99f67cc/bin/fm-crew-state.sh
+++1789354097.654537 fm-classify-lib.sh:60 case $- in
+++1789354097.654562 fm-classify-lib.sh:60 _fm_classify_nounset=on
+++1789354097.654602 fm-classify-lib.sh:63 . /tmp/fm-target-99f67cc/bin/fm-timeout-lib.sh
++++1789354097.654740 fm-timeout-lib.sh:28 set -u
+++1789354097.655359 fm-classify-lib.sh:64 '[' on = on ']'
+++1789354097.655402 fm-classify-lib.sh:65 unset _fm_classify_nounset
+++1789354097.655453 fm-classify-lib.sh:78 FM_CLASSIFY_CAPTAIN_RE_DEFAULT='done:|needs-decision:|blocked:|failed:|PR ready|checks green|ready in branch|merged'
+++1789354097.655495 fm-classify-lib.sh:91 FM_CLASSIFY_PAUSED_VERB_DEFAULT=paused
+++1789354097.655539 fm-classify-lib.sh:106 FM_PAUSE_RESURFACE_SECS_DEFAULT=14400
+++1789354097.655637 fm-classify-lib.sh:128 FM_CLASSIFY_RESOLVE_VERB_DEFAULT=resolved
+++1789354097.655656 fm-classify-lib.sh:129 FM_CLASSIFY_CAPTAIN_HELD_VERB_DEFAULT=captain-held
+++1789354097.656608 fm-classify-lib.sh:442 FM_CLASSIFY_RESERVED_KEY_PREFIXES_DEFAULT=pending-reply-
+++1789354097.657283 fm-classify-lib.sh:684 FM_OPEN_DECISIONS_FOLD_VERSION=5
+++1789354097.658083 fm-classify-lib.sh:914 FM_STATUS_SNAPSHOT_EVENT_LINE=
+++1789354097.658107 fm-classify-lib.sh:915 FM_STATUS_SNAPSHOT_EVENT_MTIME=
+++1789354097.658118 fm-classify-lib.sh:916 FM_STATUS_SNAPSHOT_EVENT_ENDPOINT=
+++1789354097.659132 fm-classify-lib.sh:1083 STATUS_PRESENTATION_REPORTED=
+++1789354097.659196 fm-classify-lib.sh:1084 STATUS_PRESENTATION_CLASSIFIED=
+++1789354097.662183 fm-classify-lib.sh:1849 FM_WORKTREE_WRITE_PRUNE='.git node_modules .venv venv __pycache__ .mypy_cache .pytest_cache .ruff_cache .tox target dist build .next .cache vendor'
+++1789354097.662229 fm-classify-lib.sh:1850 FM_WORKTREE_WRITE_MAXDEPTH=6
+++1789354097.662257 fm-classify-lib.sh:1864 FM_WORKTREE_WRITE_TIMEOUT=10
++1789354097.662562 fm-pending-reply-lib.sh:119 FM_PENDING_REPLY_SCHEMA=fm-pending-reply.v1
++1789354097.662580 fm-pending-reply-lib.sh:120 FM_PENDING_REPLY_CORR_RE='corr=[A-Fa-f0-9]{16}'
++1789354097.662592 fm-pending-reply-lib.sh:121 FM_PENDING_REPLY_GRACE_DEFAULT=120
+1789354097.666456 fm-watch.sh:164 . /tmp/fm-target-99f67cc/bin/fm-busy-lib.sh
++1789354097.666792 fm-busy-lib.sh:95 FM_BUSY_LIB_VERSION=v1
++1789354097.666837 fm-busy-lib.sh:115 FM_BUSY_KIMI_VERIFIED_VERSIONS=
+1789354097.668512 fm-watch.sh:170 . /tmp/fm-target-99f67cc/bin/fm-task-inbox-lib.sh
++++1789354097.670425 fm-task-inbox-lib.sh:72 dirname /tmp/fm-target-99f67cc/bin/fm-task-inbox-lib.sh
+++1789354097.675491 fm-task-inbox-lib.sh:72 cd /tmp/fm-target-99f67cc/bin
+++1789354097.675709 fm-task-inbox-lib.sh:72 pwd
++1789354097.676495 fm-task-inbox-lib.sh:72 _FM_TASK_INBOX_LIB_DIR=/tmp/fm-target-99f67cc/bin
++1789354097.676603 fm-task-inbox-lib.sh:77 . /tmp/fm-target-99f67cc/bin/fm-wake-lib.sh
+++++1789354097.678366 fm-wake-lib.sh:4 dirname /tmp/fm-target-99f67cc/bin/fm-wake-lib.sh
++++1789354097.682840 fm-wake-lib.sh:4 cd /tmp/fm-target-99f67cc/bin
++++1789354097.683009 fm-wake-lib.sh:4 pwd
+++1789354097.683611 fm-wake-lib.sh:4 FM_WAKE_LIB_DIR=/tmp/fm-target-99f67cc/bin
++++1789354097.684685 fm-wake-lib.sh:5 cd /tmp/fm-target-99f67cc/bin/..
++++1789354097.684860 fm-wake-lib.sh:5 pwd
+++1789354097.685423 fm-wake-lib.sh:5 FM_WAKE_DEFAULT_ROOT=/tmp/fm-target-99f67cc
+++1789354097.685494 fm-wake-lib.sh:6 FM_ROOT=/tmp/fm-target-99f67cc
+++1789354097.685518 fm-wake-lib.sh:7 FM_HOME=/tmp/fm-pr-check-security.q7m8p0/rejected-metacharacters/home
+++1789354097.685553 fm-wake-lib.sh:8 STATE=/tmp/fm-pr-check-security.q7m8p0/rejected-metacharacters/home/state
+++1789354097.685578 fm-wake-lib.sh:9 FM_WAKE_QUEUE=/tmp/fm-pr-check-security.q7m8p0/rejected-metacharacters/home/state/.wake-queue
+++1789354097.685601 fm-wake-lib.sh:10 FM_WAKE_QUEUE_LOCK=/tmp/fm-pr-check-security.q7m8p0/rejected-metacharacters/home/state/.wake-queue.lock
+++1789354097.685615 fm-wake-lib.sh:11 FM_LOCK_STALE_AFTER=2
++++1789354097.686576 fm-wake-lib.sh:15 uname
+++1789354097.691692 fm-wake-lib.sh:15 _FM_UNAME=Linux
+++1789354097.691831 fm-wake-lib.sh:16 mkdir -p /tmp/fm-pr-check-security.q7m8p0/rejected-metacharacters/home/state
+++1789354097.696284 fm-wake-lib.sh:139 FM_WATCHER_MATCHED_IDENTITY=
+++1789354097.696389 fm-wake-lib.sh:155 FM_WATCHER_HEALTHY_PID=
+++1789354097.696401 fm-wake-lib.sh:156 FM_WATCHER_HEALTHY_IDENTITY=
+++1789354097.696803 fm-wake-lib.sh:380 FM_WATCHER_VERDICT_OK=false
+++1789354097.696818 fm-wake-lib.sh:382 FM_WATCHER_VERDICT_REASON=stale-beacon
+++1789354097.697345 fm-wake-lib.sh:606 FM_RECOVERY_MARKER_TOKEN=
+++1789354097.697359 fm-wake-lib.sh:607 FM_RECOVERY_MARKER_ACTION=none
+++1789354097.701186 fm-wake-lib.sh:2191 FM_WAKE_STATUS_KEY=
+++1789354097.701229 fm-wake-lib.sh:2192 FM_WAKE_STATUS_HISTORICAL=false
+++1789354097.701314 fm-wake-lib.sh:2231 FM_WAKE_EVENT_LINE=
+++1789354097.701326 fm-wake-lib.sh:2232 FM_WAKE_UNREAD_LINES=
++1789354097.701804 fm-task-inbox-lib.sh:79 . /tmp/fm-target-99f67cc/bin/fm-backend.sh
+++1789354097.701959 fm-backend.sh:49 FM_BACKEND_SCRIPT=/tmp/fm-target-99f67cc/bin/fm-backend.sh
+++++1789354097.703943 fm-backend.sh:50 dirname /tmp/fm-target-99f67cc/bin/fm-backend.sh
++++1789354097.708989 fm-backend.sh:50 cd /tmp/fm-target-99f67cc/bin
++++1789354097.709259 fm-backend.sh:50 pwd
+++1789354097.710052 fm-backend.sh:50 FM_BACKEND_LIB_DIR=/tmp/fm-target-99f67cc/bin
+++1789354097.710167 fm-backend.sh:51 unset FM_BACKEND_SCRIPT
++++1789354097.711136 fm-backend.sh:52 cd /tmp/fm-target-99f67cc/bin/..
++++1789354097.711377 fm-backend.sh:52 pwd
+++1789354097.712053 fm-backend.sh:52 FM_BACKEND_DEFAULT_ROOT=/tmp/fm-target-99f67cc
+++1789354097.712138 fm-backend.sh:53 FM_ROOT=/tmp/fm-target-99f67cc
+++1789354097.712162 fm-backend.sh:54 FM_HOME=/tmp/fm-pr-check-security.q7m8p0/rejected-metacharacters/home
+++1789354097.712196 fm-backend.sh:55 FM_BACKEND_CONFIG_DIR=/tmp/fm-pr-check-security.q7m8p0/rejected-metacharacters/home/config
+++1789354097.712230 fm-backend.sh:69 FM_BACKEND_KNOWN='tmux herdr zellij orca cmux'
+++1789354097.712244 fm-backend.sh:70 FM_BACKEND_SPAWN='tmux herdr zellij orca cmux'
+++1789354097.712392 fm-backend.sh:138 FM_BACKEND_CMUX_BUNDLE_ID=com.cmuxterm.app
++1789354097.714653 fm-task-inbox-lib.sh:81 FM_TASK_INBOX_SCHEMA=fm-task-inbox.v1
++1789354097.714699 fm-task-inbox-lib.sh:82 FM_TASK_INBOX_GRACE_DEFAULT=90
++1789354097.714712 fm-task-inbox-lib.sh:83 FM_TASK_INBOX_RING_MAX_DEFAULT=3
++1789354097.714725 fm-task-inbox-lib.sh:84 FM_TASK_INBOX_LOCK_WAIT_DEFAULT=5
+1789354097.715768 fm-watch.sh:175 . /tmp/fm-target-99f67cc/bin/fm-afk-contract.sh
++1789354097.716055 fm-afk-contract.sh:136 set -u
++++1789354097.718164 fm-afk-contract.sh:138 dirname /tmp/fm-target-99f67cc/bin/fm-afk-contract.sh
+++1789354097.723008 fm-afk-contract.sh:138 cd /tmp/fm-target-99f67cc/bin
+++1789354097.723247 fm-afk-contract.sh:138 pwd
++1789354097.723832 fm-afk-contract.sh:138 FM_AFK_CONTRACT_DIR=/tmp/fm-target-99f67cc/bin
++1789354097.723994 fm-afk-contract.sh:139 FM_ROOT=/tmp/fm-target-99f67cc
++1789354097.724039 fm-afk-contract.sh:140 FM_HOME=/tmp/fm-pr-check-security.q7m8p0/rejected-metacharacters/home
++1789354097.724068 fm-afk-contract.sh:141 FM_AFK_CONTRACT_STATE=/tmp/fm-pr-check-security.q7m8p0/rejected-metacharacters/home/state
++1789354097.724097 fm-afk-contract.sh:144 . /tmp/fm-target-99f67cc/bin/fm-classify-lib.sh
+++++1789354097.726054 fm-classify-lib.sh:47 dirname /tmp/fm-target-99f67cc/bin/fm-classify-lib.sh
++++1789354097.730370 fm-classify-lib.sh:47 cd /tmp/fm-target-99f67cc/bin
++++1789354097.730534 fm-classify-lib.sh:47 pwd
+++1789354097.731118 fm-classify-lib.sh:47 _FM_CLASSIFY_LIB_DIR=/tmp/fm-target-99f67cc/bin
+++1789354097.731231 fm-classify-lib.sh:52 FM_CREW_STATE_BIN=/tmp/fm-target-99f67cc/bin/fm-crew-state.sh
+++1789354097.731262 fm-classify-lib.sh:60 case $- in
+++1789354097.731281 fm-classify-lib.sh:60 _fm_classify_nounset=on
+++1789354097.731311 fm-classify-lib.sh:63 . /tmp/fm-target-99f67cc/bin/fm-timeout-lib.sh
++++1789354097.731384 fm-timeout-lib.sh:28 set -u
+++1789354097.731789 fm-classify-lib.sh:64 '[' on = on ']'
+++1789354097.731810 fm-classify-lib.sh:65 unset _fm_classify_nounset
+++1789354097.731841 fm-classify-lib.sh:78 FM_CLASSIFY_CAPTAIN_RE_DEFAULT='done:|needs-decision:|blocked:|failed:|PR ready|checks green|ready in branch|merged'
+++1789354097.731866 fm-classify-lib.sh:91 FM_CLASSIFY_PAUSED_VERB_DEFAULT=paused
+++1789354097.731890 fm-classify-lib.sh:106 FM_PAUSE_RESURFACE_SECS_DEFAULT=14400
+++1789354097.731959 fm-classify-lib.sh:128 FM_CLASSIFY_RESOLVE_VERB_DEFAULT=resolved
+++1789354097.731971 fm-classify-lib.sh:129 FM_CLASSIFY_CAPTAIN_HELD_VERB_DEFAULT=captain-held
+++1789354097.732572 fm-classify-lib.sh:442 FM_CLASSIFY_RESERVED_KEY_PREFIXES_DEFAULT=pending-reply-
+++1789354097.733031 fm-classify-lib.sh:684 FM_OPEN_DECISIONS_FOLD_VERSION=5
+++1789354097.734034 fm-classify-lib.sh:914 FM_STATUS_SNAPSHOT_EVENT_LINE=
+++1789354097.734102 fm-classify-lib.sh:915 FM_STATUS_SNAPSHOT_EVENT_MTIME=
+++1789354097.734143 fm-classify-lib.sh:916 FM_STATUS_SNAPSHOT_EVENT_ENDPOINT=
+++1789354097.735047 fm-classify-lib.sh:1083 STATUS_PRESENTATION_REPORTED=
+++1789354097.735084 fm-classify-lib.sh:1084 STATUS_PRESENTATION_CLASSIFIED=
+++1789354097.737790 fm-classify-lib.sh:1849 FM_WORKTREE_WRITE_PRUNE='.git node_modules .venv venv __pycache__ .mypy_cache .pytest_cache .ruff_cache .tox target dist build .next .cache vendor'
+++1789354097.737827 fm-classify-lib.sh:1850 FM_WORKTREE_WRITE_MAXDEPTH=6
+++1789354097.737852 fm-classify-lib.sh:1864 FM_WORKTREE_WRITE_TIMEOUT=10
++1789354097.738266 fm-afk-contract.sh:146 FM_AFK_CONTRACT_VERSION=1
++1789354097.738293 fm-afk-contract.sh:147 FM_AFK_CONTRACT_VERBS='merge land prerelease install rerun dispatch abort-run answer discard wake-me'
++1789354097.738310 fm-afk-contract.sh:148 FM_AFK_CONTRACT_REACH_ANNOUNCED='No phone channel is configured; anything that needs you waits for your return.'
++1789354097.738322 fm-afk-contract.sh:149 FM_AFK_CONTRACT_SPEND_DEFAULT=4
++1789354097.738335 fm-afk-contract.sh:152 _FM_AFK_CONTRACT_LOCK_TIMEOUT=120
++1789354097.738346 fm-afk-contract.sh:153 FM_AFK_CONTRACT_LOCK_HELD=
++1789354097.740605 fm-afk-contract.sh:1016 '[' /tmp/fm-target-99f67cc/bin/fm-afk-contract.sh = /tmp/fm-target-99f67cc/bin/fm-watch.sh ']'
+1789354097.740674 fm-watch.sh:177 WATCH_LOCK=/tmp/fm-pr-check-security.q7m8p0/rejected-metacharacters/home/state/.watch.lock
+1789354097.740694 fm-watch.sh:178 WATCH_PATH=/tmp/fm-target-99f67cc/bin/fm-watch.sh
+1789354097.740709 fm-watch.sh:179 WATCHER_DOWNTIME_MARKER=/tmp/fm-pr-check-security.q7m8p0/rejected-metacharacters/home/state/.watcher-down
++1789354097.741648 fm-watch.sh:196 uname
+1789354097.747122 fm-watch.sh:196 '[' Linux = Darwin ']'
+1789354097.747313 fm-watch.sh:205 POLL=0.02
++1789354097.748419 fm-watch.sh:214 fm_poll_derived_grace 0.02
++1789354097.748811 fm-wake-lib.sh:119 local poll=0.02 margin=60 derived
++1789354097.748861 fm-wake-lib.sh:120 case "$poll" in
++1789354097.748878 fm-wake-lib.sh:120 poll=15
++1789354097.748917 fm-wake-lib.sh:121 derived=75
++1789354097.748937 fm-wake-lib.sh:122 '[' 75 -ge 300 ']'
++1789354097.748957 fm-wake-lib.sh:122 derived=300
++1789354097.748971 fm-wake-lib.sh:123 printf '%s\n' 300
+1789354097.749708 fm-watch.sh:214 WATCHER_STALE_GRACE=300
+1789354097.749805 fm-watch.sh:215 HEARTBEAT=999999
+1789354097.749829 fm-watch.sh:216 HEARTBEAT_MAX=7200
+1789354097.749847 fm-watch.sh:217 CHECK_INTERVAL=0
+1789354097.749862 fm-watch.sh:218 CHECK_TIMEOUT=1
+1789354097.749880 fm-watch.sh:219 HOME_SUMMARY_INTERVAL=300
+1789354097.749960 fm-watch.sh:220 case "$HOME_SUMMARY_INTERVAL" in
+1789354097.749999 fm-watch.sh:223 SIGNAL_GRACE=0
+1789354097.750032 fm-watch.sh:226 TURNEND_CHURN_ABSORB_SECS=900
+1789354097.750093 fm-watch.sh:251 STALE_ESCALATE_SECS=240
+1789354097.750120 fm-watch.sh:266 BUSY_TURN_MAX_SECS=3600
+1789354097.750138 fm-watch.sh:272 SECONDMATE_WAKE_STALL_SECS=
+1789354097.750165 fm-watch.sh:273 case "$SECONDMATE_WAKE_STALL_SECS" in
+1789354097.750175 fm-watch.sh:273 SECONDMATE_WAKE_STALL_SECS=180
+1789354097.750206 fm-watch.sh:285 PAUSE_RESURFACE_SECS=14400
+1789354097.750229 fm-watch.sh:295 EVENT_CAP_FAIL_MAX=3
+1789354097.750242 fm-watch.sh:299 _event_cap_key=
+1789354097.750250 fm-watch.sh:300 _event_cap_ok=0
+1789354097.750259 fm-watch.sh:301 _event_cap_fails=0
+1789354097.751759 fm-watch.sh:855 FM_WEDGE_DEMAND_INSPECT_COUNT=3
+1789354097.752527 fm-watch.sh:1200 STALE_WAIT_DECLARATION=
+1789354097.752542 fm-watch.sh:1202 CAPTAIN_CALL_IDENTITY=
+1789354097.753278 fm-watch.sh:1482 FM_ACTIVE_CHECK_PID=
+1789354097.753302 fm-watch.sh:1483 FM_ACTIVE_CHECK_PGID=
+1789354097.753313 fm-watch.sh:1484 FM_CHECK_OUTPUT=
+1789354097.753323 fm-watch.sh:1485 FM_CHECK_RESULT=
+1789354097.753332 fm-watch.sh:1486 FM_CHECK_SIGNAL_PENDING=
+1789354097.754045 fm-watch.sh:1731 '[' /tmp/fm-target-99f67cc/bin/fm-watch.sh '!=' /tmp/fm-target-99f67cc/bin/fm-watch.sh ']'
+1789354097.754104 fm-watch.sh:1748 fm_procevent_launch_confirm_seconds
+1789354097.754178 fm-procevent-lib.sh:225 local value=
+1789354097.754199 fm-procevent-lib.sh:226 '[' -z '' ']'
+1789354097.754218 fm-procevent-lib.sh:227 printf '%s\n' 3
+1789354097.754247 fm-procevent-lib.sh:228 return 0
+1789354097.754320 fm-watch.sh:1753 fm_lock_try_acquire /tmp/fm-pr-check-security.q7m8p0/rejected-metacharacters/home/state/.watch.lock
+1789354097.754392 fm-wake-lib.sh:902 local lockdir=/tmp/fm-pr-check-security.q7m8p0/rejected-metacharacters/home/state/.watch.lock pid steal cur rc steal_owner primary_owner current
+1789354097.754419 fm-wake-lib.sh:903 FM_LOCK_HELD_PID=
+1789354097.754431 fm-wake-lib.sh:904 FM_LOCK_OWNER_DIR=
+1789354097.754439 fm-wake-lib.sh:905 FM_LOCK_RECOVERED_PID=
+1789354097.754452 fm-wake-lib.sh:907 fm_lock_try_create /tmp/fm-pr-check-security.q7m8p0/rejected-metacharacters/home/state/.watch.lock
+1789354097.754488 fm-wake-lib.sh:537 local lockdir=/tmp/fm-pr-check-security.q7m8p0/rejected-metacharacters/home/state/.watch.lock allowed_steal_owner= ownerdir
+1789354097.754507 fm-wake-lib.sh:538 FM_LOCK_OWNER_DIR=
++1789354097.755446 fm-wake-lib.sh:539 fm_lock_owner_dir /tmp/fm-pr-check-security.q7m8p0/rejected-metacharacters/home/state/.watch.lock
++1789354097.755611 fm-wake-lib.sh:456 local lockdir=/tmp/fm-pr-check-security.q7m8p0/rejected-metacharacters/home/state/.watch.lock lock_abs
+++1789354097.756281 fm-wake-lib.sh:457 fm_lock_abs_path /tmp/fm-pr-check-security.q7m8p0/rejected-metacharacters/home/state/.watch.lock
+++1789354097.756418 fm-wake-lib.sh:448 local path=/tmp/fm-pr-check-security.q7m8p0/rejected-metacharacters/home/state/.watch.lock dir base
++++1789354097.757104 fm-wake-lib.sh:449 dirname /tmp/fm-pr-check-security.q7m8p0/rejected-metacharacters/home/state/.watch.lock
+++1789354097.761485 fm-wake-lib.sh:449 dir=/tmp/fm-pr-check-security.q7m8p0/rejected-metacharacters/home/state
++++1789354097.762235 fm-wake-lib.sh:450 basename /tmp/fm-pr-check-security.q7m8p0/rejected-metacharacters/home/state/.watch.lock
+++1789354097.767407 fm-wake-lib.sh:450 base=.watch.lock
++++1789354097.768146 fm-wake-lib.sh:451 cd /tmp/fm-pr-check-security.q7m8p0/rejected-metacharacters/home/state
++++1789354097.768346 fm-wake-lib.sh:451 pwd -P
+++1789354097.768886 fm-wake-lib.sh:451 dir=/tmp/fm-pr-check-security.q7m8p0/rejected-metacharacters/home/state
+++1789354097.768941 fm-wake-lib.sh:452 printf '%s/%s\n' /tmp/fm-pr-check-security.q7m8p0/rejected-metacharacters/home/state .watch.lock
++1789354097.769564 fm-wake-lib.sh:457 lock_abs=/tmp/fm-pr-check-security.q7m8p0/rejected-metacharacters/home/state/.watch.lock
++1789354097.769675 fm-wake-lib.sh:458 mktemp -d /tmp/fm-pr-check-security.q7m8p0/rejected-metacharacters/home/state/.watch.lock.owner.XXXXXX
+1789354097.774413 fm-wake-lib.sh:539 ownerdir=/tmp/fm-pr-check-security.q7m8p0/rejected-metacharacters/home/state/.watch.lock.owner.5JzdVW
+1789354097.774484 fm-wake-lib.sh:540 '[' -e /tmp/fm-pr-check-security.q7m8p0/rejected-metacharacters/home/state/.watch.lock ']'
+1789354097.774525 fm-wake-lib.sh:540 '[' -L /tmp/fm-pr-check-security.q7m8p0/rejected-metacharacters/home/state/.watch.lock ']'
+1789354097.774551 fm-wake-lib.sh:544 fm_lock_prepare_owner /tmp/fm-pr-check-security.q7m8p0/rejected-metacharacters/home/state/.watch.lock.owner.5JzdVW
+1789354097.774591 fm-wake-lib.sh:462 local ownerdir=/tmp/fm-pr-check-security.q7m8p0/rejected-metacharacters/home/state/.watch.lock.owner.5JzdVW mypid back
+1789354097.774618 fm-wake-lib.sh:463 fm_current_pid mypid
+1789354097.774646 fm-wake-lib.sh:38 local fm_pid
+1789354097.774682 fm-wake-lib.sh:39 fm_pid=2972488
+1789354097.774693 fm-wake-lib.sh:40 case "$fm_pid" in
+1789354097.774709 fm-wake-lib.sh:41 '[' 1 -gt 0 ']'
+1789354097.774725 fm-wake-lib.sh:42 printf -v mypid %s 2972488
+1789354097.774750 fm-wake-lib.sh:464 printf '%s\n' 2972488
++1789354097.775430 fm-wake-lib.sh:465 cat /tmp/fm-pr-check-security.q7m8p0/rejected-metacharacters/home/state/.watch.lock.owner.5JzdVW/pid
+1789354097.780342 fm-wake-lib.sh:465 back=2972488
+1789354097.780424 fm-wake-lib.sh:466 '[' 2972488 = 2972488 ']'
+1789354097.780482 fm-wake-lib.sh:548 ln -s /tmp/fm-pr-check-security.q7m8p0/rejected-metacharacters/home/state/.watch.lock.owner.5JzdVW /tmp/fm-pr-check-security.q7m8p0/rejected-metacharacters/home/state/.watch.lock
+1789354097.785024 fm-wake-lib.sh:548 fm_lock_points_to_owner /tmp/fm-pr-check-security.q7m8p0/rejected-metacharacters/home/state/.watch.lock /tmp/fm-pr-check-security.q7m8p0/rejected-metacharacters/home/state/.watch.lock.owner.5JzdVW
+1789354097.785109 fm-wake-lib.sh:480 local lockdir=/tmp/fm-pr-check-security.q7m8p0/rejected-metacharacters/home/state/.watch.lock ownerdir=/tmp/fm-pr-check-security.q7m8p0/rejected-metacharacters/home/state/.watch.lock.owner.5JzdVW actual
++1789354097.785844 fm-wake-lib.sh:481 readlink /tmp/fm-pr-check-security.q7m8p0/rejected-metacharacters/home/state/.watch.lock
+1789354097.790815 fm-wake-lib.sh:481 actual=/tmp/fm-pr-check-security.q7m8p0/rejected-metacharacters/home/state/.watch.lock.owner.5JzdVW
+1789354097.790896 fm-wake-lib.sh:482 '[' /tmp/fm-pr-check-security.q7m8p0/rejected-metacharacters/home/state/.watch.lock.owner.5JzdVW = /tmp/fm-pr-check-security.q7m8p0/rejected-metacharacters/home/state/.watch.lock.owner.5JzdVW ']'
+1789354097.790951 fm-wake-lib.sh:549 fm_lock_claim /tmp/fm-pr-check-security.q7m8p0/rejected-metacharacters/home/state/.watch.lock /tmp/fm-pr-check-security.q7m8p0/rejected-metacharacters/home/state/.watch.lock.owner.5JzdVW ''
+1789354097.791017 fm-wake-lib.sh:511 local lockdir=/tmp/fm-pr-check-security.q7m8p0/rejected-metacharacters/home/state/.watch.lock ownerdir=/tmp/fm-pr-check-security.q7m8p0/rejected-metacharacters/home/state/.watch.lock.owner.5JzdVW allowed_steal_owner= mypid back
+1789354097.791047 fm-wake-lib.sh:512 fm_current_pid mypid
+1789354097.791075 fm-wake-lib.sh:38 local fm_pid
+1789354097.791106 fm-wake-lib.sh:39 fm_pid=2972488
+1789354097.791117 fm-wake-lib.sh:40 case "$fm_pid" in
+1789354097.791134 fm-wake-lib.sh:41 '[' 1 -gt 0 ']'
+1789354097.791153 fm-wake-lib.sh:42 printf -v mypid %s 2972488
+1789354097.791209 fm-wake-lib.sh:513 printf '%s\n' 2972488
++1789354097.791878 fm-wake-lib.sh:517 cat /tmp/fm-pr-check-security.q7m8p0/rejected-metacharacters/home/state/.watch.lock.owner.5JzdVW/pid
+1789354097.796835 fm-wake-lib.sh:517 back=2972488
+1789354097.796921 fm-wake-lib.sh:518 '[' 2972488 '!=' 2972488 ']'
+1789354097.796958 fm-wake-lib.sh:522 fm_lock_points_to_owner /tmp/fm-pr-check-security.q7m8p0/rejected-metacharacters/home/state/.watch.lock /tmp/fm-pr-check-security.q7m8p0/rejected-metacharacters/home/state/.watch.lock.owner.5JzdVW
+1789354097.796999 fm-wake-lib.sh:480 local lockdir=/tmp/fm-pr-check-security.q7m8p0/rejected-metacharacters/home/state/.watch.lock ownerdir=/tmp/fm-pr-check-security.q7m8p0/rejected-metacharacters/home/state/.watch.lock.owner.5JzdVW actual
++1789354097.797737 fm-wake-lib.sh:481 readlink /tmp/fm-pr-check-security.q7m8p0/rejected-metacharacters/home/state/.watch.lock
+1789354097.802300 fm-wake-lib.sh:481 actual=/tmp/fm-pr-check-security.q7m8p0/rejected-metacharacters/home/state/.watch.lock.owner.5JzdVW
+1789354097.802379 fm-wake-lib.sh:482 '[' /tmp/fm-pr-check-security.q7m8p0/rejected-metacharacters/home/state/.watch.lock.owner.5JzdVW = /tmp/fm-pr-check-security.q7m8p0/rejected-metacharacters/home/state/.watch.lock.owner.5JzdVW ']'
+1789354097.802435 fm-wake-lib.sh:526 fm_lock_claim_blocked_by_steal /tmp/fm-pr-check-security.q7m8p0/rejected-metacharacters/home/state/.watch.lock ''
+1789354097.802474 fm-wake-lib.sh:501 local lockdir=/tmp/fm-pr-check-security.q7m8p0/rejected-metacharacters/home/state/.watch.lock allowed_steal_owner= steal
+1789354097.802504 fm-wake-lib.sh:502 steal=/tmp/fm-pr-check-security.q7m8p0/rejected-metacharacters/home/state/.watch.lock.steal
+1789354097.802521 fm-wake-lib.sh:503 '[' -e /tmp/fm-pr-check-security.q7m8p0/rejected-metacharacters/home/state/.watch.lock.steal ']'
+1789354097.802548 fm-wake-lib.sh:503 '[' -L /tmp/fm-pr-check-security.q7m8p0/rejected-metacharacters/home/state/.watch.lock.steal ']'
+1789354097.802562 fm-wake-lib.sh:503 return 1
+1789354097.802581 fm-wake-lib.sh:533 return 0
+1789354097.802615 fm-wake-lib.sh:550 FM_LOCK_OWNER_DIR=/tmp/fm-pr-check-security.q7m8p0/rejected-metacharacters/home/state/.watch.lock.owner.5JzdVW
+1789354097.802626 fm-wake-lib.sh:551 return 0
+1789354097.802657 fm-wake-lib.sh:908 return 0
+1789354097.802793 fm-watch.sh:1772 WATCHER_RECOVERY_PENDING=0
+1789354097.802823 fm-watch.sh:1773 '[' -n '' ']'
+1789354097.802858 fm-watch.sh:1781 fm_recovery_marker_arm_check /tmp/fm-pr-check-security.q7m8p0/rejected-metacharacters/home/state/.watcher-down
+1789354097.802882 fm-wake-lib.sh:898 fm_recovery_transition /tmp/fm-pr-check-security.q7m8p0/rejected-metacharacters/home/state/.watcher-down arm-check
+1789354097.802931 fm-wake-lib.sh:844 local marker=/tmp/fm-pr-check-security.q7m8p0/rejected-metacharacters/home/state/.watcher-down action=arm-check target= value=
+1789354097.802947 fm-wake-lib.sh:845 case "$action" in
+1789354097.802962 fm-wake-lib.sh:853 _fm_recovery_marker_arm_check /tmp/fm-pr-check-security.q7m8p0/rejected-metacharacters/home/state/.watcher-down
+1789354097.803014 fm-wake-lib.sh:770 local marker=/tmp/fm-pr-check-security.q7m8p0/rejected-metacharacters/home/state/.watcher-down lock line quarantine
+1789354097.803031 fm-wake-lib.sh:771 FM_RECOVERY_MARKER_ACTION=none
+1789354097.803049 fm-wake-lib.sh:772 lock=/tmp/fm-pr-check-security.q7m8p0/rejected-metacharacters/home/state/.watcher-down.lock
+1789354097.803063 fm-wake-lib.sh:773 fm_lock_acquire_wait /tmp/fm-pr-check-security.q7m8p0/rejected-metacharacters/home/state/.wake-queue.lock
+1789354097.803084 fm-wake-lib.sh:1002 local lockdir=/tmp/fm-pr-check-security.q7m8p0/rejected-metacharacters/home/state/.wake-queue.lock
+1789354097.803100 fm-wake-lib.sh:1003 fm_lock_try_acquire /tmp/fm-pr-check-security.q7m8p0/rejected-metacharacters/home/state/.wake-queue.lock
+1789354097.803173 fm-wake-lib.sh:902 local lockdir=/tmp/fm-pr-check-security.q7m8p0/rejected-metacharacters/home/state/.wake-queue.lock pid steal cur rc steal_owner primary_owner current
+1789354097.803199 fm-wake-lib.sh:903 FM_LOCK_HELD_PID=
+1789354097.803210 fm-wake-lib.sh:904 FM_LOCK_OWNER_DIR=
+1789354097.803218 fm-wake-lib.sh:905 FM_LOCK_RECOVERED_PID=
+1789354097.803231 fm-wake-lib.sh:907 fm_lock_try_create /tmp/fm-pr-check-security.q7m8p0/rejected-metacharacters/home/state/.wake-queue.lock
+1789354097.803275 fm-wake-lib.sh:537 local lockdir=/tmp/fm-pr-check-security.q7m8p0/rejected-metacharacters/home/state/.wake-queue.lock allowed_steal_owner= ownerdir
+1789354097.803296 fm-wake-lib.sh:538 FM_LOCK_OWNER_DIR=
++1789354097.804101 fm-wake-lib.sh:539 fm_lock_owner_dir /tmp/fm-pr-check-security.q7m8p0/rejected-metacharacters/home/state/.wake-queue.lock
++1789354097.804268 fm-wake-lib.sh:456 local lockdir=/tmp/fm-pr-check-security.q7m8p0/rejected-metacharacters/home/state/.wake-queue.lock lock_abs
+++1789354097.804914 fm-wake-lib.sh:457 fm_lock_abs_path /tmp/fm-pr-check-security.q7m8p0/rejected-metacharacters/home/state/.wake-queue.lock
+++1789354097.805078 fm-wake-lib.sh:448 local path=/tmp/fm-pr-check-security.q7m8p0/rejected-metacharacters/home/state/.wake-queue.lock dir base
++++1789354097.805870 fm-wake-lib.sh:449 dirname /tmp/fm-pr-check-security.q7m8p0/rejected-metacharacters/home/state/.wake-queue.lock
+++1789354097.811213 fm-wake-lib.sh:449 dir=/tmp/fm-pr-check-security.q7m8p0/rejected-metacharacters/home/state
++++1789354097.812038 fm-wake-lib.sh:450 basename /tmp/fm-pr-check-security.q7m8p0/rejected-metacharacters/home/state/.wake-queue.lock
+++1789354097.816474 fm-wake-lib.sh:450 base=.wake-queue.lock
++++1789354097.817359 fm-wake-lib.sh:451 cd /tmp/fm-pr-check-security.q7m8p0/rejected-metacharacters/home/state
++++1789354097.817640 fm-wake-lib.sh:451 pwd -P
+++1789354097.818367 fm-wake-lib.sh:451 dir=/tmp/fm-pr-check-security.q7m8p0/rejected-metacharacters/home/state
+++1789354097.818424 fm-wake-lib.sh:452 printf '%s/%s\n' /tmp/fm-pr-check-security.q7m8p0/rejected-metacharacters/home/state .wake-queue.lock
++1789354097.818906 fm-wake-lib.sh:457 lock_abs=/tmp/fm-pr-check-security.q7m8p0/rejected-metacharacters/home/state/.wake-queue.lock
++1789354097.818994 fm-wake-lib.sh:458 mktemp -d /tmp/fm-pr-check-security.q7m8p0/rejected-metacharacters/home/state/.wake-queue.lock.owner.XXXXXX
+1789354097.824511 fm-wake-lib.sh:539 ownerdir=/tmp/fm-pr-check-security.q7m8p0/rejected-metacharacters/home/state/.wake-queue.lock.owner.pWoES6
+1789354097.824610 fm-wake-lib.sh:540 '[' -e /tmp/fm-pr-check-security.q7m8p0/rejected-metacharacters/home/state/.wake-queue.lock ']'
+1789354097.824687 fm-wake-lib.sh:540 '[' -L /tmp/fm-pr-check-security.q7m8p0/rejected-metacharacters/home/state/.wake-queue.lock ']'
+1789354097.824726 fm-wake-lib.sh:544 fm_lock_prepare_owner /tmp/fm-pr-check-security.q7m8p0/rejected-metacharacters/home/state/.wake-queue.lock.owner.pWoES6
+1789354097.824795 fm-wake-lib.sh:462 local ownerdir=/tmp/fm-pr-check-security.q7m8p0/rejected-metacharacters/home/state/.wake-queue.lock.owner.pWoES6 mypid back
+1789354097.824832 fm-wake-lib.sh:463 fm_current_pid mypid
+1789354097.824872 fm-wake-lib.sh:38 local fm_pid
+1789354097.824931 fm-wake-lib.sh:39 fm_pid=2972488
+1789354097.824948 fm-wake-lib.sh:40 case "$fm_pid" in
+1789354097.824971 fm-wake-lib.sh:41 '[' 1 -gt 0 ']'
+1789354097.824995 fm-wake-lib.sh:42 printf -v mypid %s 2972488
+1789354097.825032 fm-wake-lib.sh:464 printf '%s\n' 2972488
++1789354097.826095 fm-wake-lib.sh:465 cat /tmp/fm-pr-check-security.q7m8p0/rejected-metacharacters/home/state/.wake-queue.lock.owner.pWoES6/pid
+1789354097.832522 fm-wake-lib.sh:465 back=2972488
+1789354097.832609 fm-wake-lib.sh:466 '[' 2972488 = 2972488 ']'
+1789354097.832674 fm-wake-lib.sh:548 ln -s /tmp/fm-pr-check-security.q7m8p0/rejected-metacharacters/home/state/.wake-queue.lock.owner.pWoES6 /tmp/fm-pr-check-security.q7m8p0/rejected-metacharacters/home/state/.wake-queue.lock
+1789354097.837326 fm-wake-lib.sh:548 fm_lock_points_to_owner /tmp/fm-pr-check-security.q7m8p0/rejected-metacharacters/home/state/.wake-queue.lock /tmp/fm-pr-check-security.q7m8p0/rejected-metacharacters/home/state/.wake-queue.lock.owner.pWoES6
+1789354097.837545 fm-wake-lib.sh:480 local lockdir=/tmp/fm-pr-check-security.q7m8p0/rejected-metacharacters/home/state/.wake-queue.lock ownerdir=/tmp/fm-pr-check-security.q7m8p0/rejected-metacharacters/home/state/.wake-queue.lock.owner.pWoES6 actual
++1789354097.838432 fm-wake-lib.sh:481 readlink /tmp/fm-pr-check-security.q7m8p0/rejected-metacharacters/home/state/.wake-queue.lock
+1789354097.843584 fm-wake-lib.sh:481 actual=/tmp/fm-pr-check-security.q7m8p0/rejected-metacharacters/home/state/.wake-queue.lock.owner.pWoES6
+1789354097.843680 fm-wake-lib.sh:482 '[' /tmp/fm-pr-check-security.q7m8p0/rejected-metacharacters/home/state/.wake-queue.lock.owner.pWoES6 = /tmp/fm-pr-check-security.q7m8p0/rejected-metacharacters/home/state/.wake-queue.lock.owner.pWoES6 ']'
+1789354097.843748 fm-wake-lib.sh:549 fm_lock_claim /tmp/fm-pr-check-security.q7m8p0/rejected-metacharacters/home/state/.wake-queue.lock /tmp/fm-pr-check-security.q7m8p0/rejected-metacharacters/home/state/.wake-queue.lock.owner.pWoES6 ''
+1789354097.843804 fm-wake-lib.sh:511 local lockdir=/tmp/fm-pr-check-security.q7m8p0/rejected-metacharacters/home/state/.wake-queue.lock ownerdir=/tmp/fm-pr-check-security.q7m8p0/rejected-metacharacters/home/state/.wake-queue.lock.owner.pWoES6 allowed_steal_owner= mypid back
+1789354097.843832 fm-wake-lib.sh:512 fm_current_pid mypid
+1789354097.843860 fm-wake-lib.sh:38 local fm_pid
+1789354097.843900 fm-wake-lib.sh:39 fm_pid=2972488
+1789354097.843914 fm-wake-lib.sh:40 case "$fm_pid" in
+1789354097.843941 fm-wake-lib.sh:41 '[' 1 -gt 0 ']'
+1789354097.843958 fm-wake-lib.sh:42 printf -v mypid %s 2972488
+1789354097.844023 fm-wake-lib.sh:513 printf '%s\n' 2972488
++1789354097.844825 fm-wake-lib.sh:517 cat /tmp/fm-pr-check-security.q7m8p0/rejected-metacharacters/home/state/.wake-queue.lock.owner.pWoES6/pid
+1789354097.849800 fm-wake-lib.sh:517 back=2972488
+1789354097.849868 fm-wake-lib.sh:518 '[' 2972488 '!=' 2972488 ']'
+1789354097.849898 fm-wake-lib.sh:522 fm_lock_points_to_owner /tmp/fm-pr-check-security.q7m8p0/rejected-metacharacters/home/state/.wake-queue.lock /tmp/fm-pr-check-security.q7m8p0/rejected-metacharacters/home/state/.wake-queue.lock.owner.pWoES6
+1789354097.849949 fm-wake-lib.sh:480 local lockdir=/tmp/fm-pr-check-security.q7m8p0/rejected-metacharacters/home/state/.wake-queue.lock ownerdir=/tmp/fm-pr-check-security.q7m8p0/rejected-metacharacters/home/state/.wake-queue.lock.owner.pWoES6 actual
++1789354097.850618 fm-wake-lib.sh:481 readlink /tmp/fm-pr-check-security.q7m8p0/rejected-metacharacters/home/state/.wake-queue.lock
+1789354097.855432 fm-wake-lib.sh:481 actual=/tmp/fm-pr-check-security.q7m8p0/rejected-metacharacters/home/state/.wake-queue.lock.owner.pWoES6
+1789354097.855515 fm-wake-lib.sh:482 '[' /tmp/fm-pr-check-security.q7m8p0/rejected-metacharacters/home/state/.wake-queue.lock.owner.pWoES6 = /tmp/fm-pr-check-security.q7m8p0/rejected-metacharacters/home/state/.wake-queue.lock.owner.pWoES6 ']'
+1789354097.855575 fm-wake-lib.sh:526 fm_lock_claim_blocked_by_steal /tmp/fm-pr-check-security.q7m8p0/rejected-metacharacters/home/state/.wake-queue.lock ''
+1789354097.855612 fm-wake-lib.sh:501 local lockdir=/tmp/fm-pr-check-security.q7m8p0/rejected-metacharacters/home/state/.wake-queue.lock allowed_steal_owner= steal
+1789354097.855640 fm-wake-lib.sh:502 steal=/tmp/fm-pr-check-security.q7m8p0/rejected-metacharacters/home/state/.wake-queue.lock.steal
+1789354097.855657 fm-wake-lib.sh:503 '[' -e /tmp/fm-pr-check-security.q7m8p0/rejected-metacharacters/home/state/.wake-queue.lock.steal ']'
+1789354097.855683 fm-wake-lib.sh:503 '[' -L /tmp/fm-pr-check-security.q7m8p0/rejected-metacharacters/home/state/.wake-queue.lock.steal ']'
+1789354097.855698 fm-wake-lib.sh:503 return 1
+1789354097.855717 fm-wake-lib.sh:533 return 0
+1789354097.855758 fm-wake-lib.sh:550 FM_LOCK_OWNER_DIR=/tmp/fm-pr-check-security.q7m8p0/rejected-metacharacters/home/state/.wake-queue.lock.owner.pWoES6
+1789354097.855778 fm-wake-lib.sh:551 return 0
+1789354097.855811 fm-wake-lib.sh:908 return 0
+1789354097.855899 fm-wake-lib.sh:774 fm_lock_acquire_wait /tmp/fm-pr-check-security.q7m8p0/rejected-metacharacters/home/state/.watcher-down.lock
+1789354097.855923 fm-wake-lib.sh:1002 local lockdir=/tmp/fm-pr-check-security.q7m8p0/rejected-metacharacters/home/state/.watcher-down.lock
+1789354097.855940 fm-wake-lib.sh:1003 fm_lock_try_acquire /tmp/fm-pr-check-security.q7m8p0/rejected-metacharacters/home/state/.watcher-down.lock
+1789354097.856001 fm-wake-lib.sh:902 local lockdir=/tmp/fm-pr-check-security.q7m8p0/rejected-metacharacters/home/state/.watcher-down.lock pid steal cur rc steal_owner primary_owner current
+1789354097.856023 fm-wake-lib.sh:903 FM_LOCK_HELD_PID=
+1789354097.856033 fm-wake-lib.sh:904 FM_LOCK_OWNER_DIR=
+1789354097.856050 fm-wake-lib.sh:905 FM_LOCK_RECOVERED_PID=
+1789354097.856065 fm-wake-lib.sh:907 fm_lock_try_create /tmp/fm-pr-check-security.q7m8p0/rejected-metacharacters/home/state/.watcher-down.lock
+1789354097.856099 fm-wake-lib.sh:537 local lockdir=/tmp/fm-pr-check-security.q7m8p0/rejected-metacharacters/home/state/.watcher-down.lock allowed_steal_owner= ownerdir
+1789354097.856115 fm-wake-lib.sh:538 FM_LOCK_OWNER_DIR=
++1789354097.856869 fm-wake-lib.sh:539 fm_lock_owner_dir /tmp/fm-pr-check-security.q7m8p0/rejected-metacharacters/home/state/.watcher-down.lock
++1789354097.857088 fm-wake-lib.sh:456 local lockdir=/tmp/fm-pr-check-security.q7m8p0/rejected-metacharacters/home/state/.watcher-down.lock lock_abs
+++1789354097.857716 fm-wake-lib.sh:457 fm_lock_abs_path /tmp/fm-pr-check-security.q7m8p0/rejected-metacharacters/home/state/.watcher-down.lock
+++1789354097.857892 fm-wake-lib.sh:448 local path=/tmp/fm-pr-check-security.q7m8p0/rejected-metacharacters/home/state/.watcher-down.lock dir base
++++1789354097.858510 fm-wake-lib.sh:449 dirname /tmp/fm-pr-check-security.q7m8p0/rejected-metacharacters/home/state/.watcher-down.lock
+++1789354097.862881 fm-wake-lib.sh:449 dir=/tmp/fm-pr-check-security.q7m8p0/rejected-metacharacters/home/state
++++1789354097.863582 fm-wake-lib.sh:450 basename /tmp/fm-pr-check-security.q7m8p0/rejected-metacharacters/home/state/.watcher-down.lock
+++1789354097.867981 fm-wake-lib.sh:450 base=.watcher-down.lock
++++1789354097.868977 fm-wake-lib.sh:451 cd /tmp/fm-pr-check-security.q7m8p0/rejected-metacharacters/home/state
++++1789354097.869228 fm-wake-lib.sh:451 pwd -P
+++1789354097.869737 fm-wake-lib.sh:451 dir=/tmp/fm-pr-check-security.q7m8p0/rejected-metacharacters/home/state
+++1789354097.869795 fm-wake-lib.sh:452 printf '%s/%s\n' /tmp/fm-pr-check-security.q7m8p0/rejected-metacharacters/home/state .watcher-down.lock
++1789354097.870349 fm-wake-lib.sh:457 lock_abs=/tmp/fm-pr-check-security.q7m8p0/rejected-metacharacters/home/state/.watcher-down.lock
++1789354097.870425 fm-wake-lib.sh:458 mktemp -d /tmp/fm-pr-check-security.q7m8p0/rejected-metacharacters/home/state/.watcher-down.lock.owner.XXXXXX
+1789354097.874980 fm-wake-lib.sh:539 ownerdir=/tmp/fm-pr-check-security.q7m8p0/rejected-metacharacters/home/state/.watcher-down.lock.owner.ne81lO
+1789354097.875060 fm-wake-lib.sh:540 '[' -e /tmp/fm-pr-check-security.q7m8p0/rejected-metacharacters/home/state/.watcher-down.lock ']'
+1789354097.875104 fm-wake-lib.sh:540 '[' -L /tmp/fm-pr-check-security.q7m8p0/rejected-metacharacters/home/state/.watcher-down.lock ']'
+1789354097.875129 fm-wake-lib.sh:544 fm_lock_prepare_owner /tmp/fm-pr-check-security.q7m8p0/rejected-metacharacters/home/state/.watcher-down.lock.owner.ne81lO
+1789354097.875175 fm-wake-lib.sh:462 local ownerdir=/tmp/fm-pr-check-security.q7m8p0/rejected-metacharacters/home/state/.watcher-down.lock.owner.ne81lO mypid back
+1789354097.875202 fm-wake-lib.sh:463 fm_current_pid mypid
+1789354097.875229 fm-wake-lib.sh:38 local fm_pid
+1789354097.875269 fm-wake-lib.sh:39 fm_pid=2972488
+1789354097.875280 fm-wake-lib.sh:40 case "$fm_pid" in
+1789354097.875296 fm-wake-lib.sh:41 '[' 1 -gt 0 ']'
+1789354097.875312 fm-wake-lib.sh:42 printf -v mypid %s 2972488
+1789354097.875342 fm-wake-lib.sh:464 printf '%s\n' 2972488
++1789354097.876125 fm-wake-lib.sh:465 cat /tmp/fm-pr-check-security.q7m8p0/rejected-metacharacters/home/state/.watcher-down.lock.owner.ne81lO/pid
+1789354097.880988 fm-wake-lib.sh:465 back=2972488
+1789354097.881063 fm-wake-lib.sh:466 '[' 2972488 = 2972488 ']'
+1789354097.881129 fm-wake-lib.sh:548 ln -s /tmp/fm-pr-check-security.q7m8p0/rejected-metacharacters/home/state/.watcher-down.lock.owner.ne81lO /tmp/fm-pr-check-security.q7m8p0/rejected-metacharacters/home/state/.watcher-down.lock
+1789354097.885497 fm-wake-lib.sh:548 fm_lock_points_to_owner /tmp/fm-pr-check-security.q7m8p0/rejected-metacharacters/home/state/.watcher-down.lock /tmp/fm-pr-check-security.q7m8p0/rejected-metacharacters/home/state/.watcher-down.lock.owner.ne81lO
+1789354097.885583 fm-wake-lib.sh:480 local lockdir=/tmp/fm-pr-check-security.q7m8p0/rejected-metacharacters/home/state/.watcher-down.lock ownerdir=/tmp/fm-pr-check-security.q7m8p0/rejected-metacharacters/home/state/.watcher-down.lock.owner.ne81lO actual
++1789354097.886393 fm-wake-lib.sh:481 readlink /tmp/fm-pr-check-security.q7m8p0/rejected-metacharacters/home/state/.watcher-down.lock
+1789354097.891469 fm-wake-lib.sh:481 actual=/tmp/fm-pr-check-security.q7m8p0/rejected-metacharacters/home/state/.watcher-down.lock.owner.ne81lO
+1789354097.891559 fm-wake-lib.sh:482 '[' /tmp/fm-pr-check-security.q7m8p0/rejected-metacharacters/home/state/.watcher-down.lock.owner.ne81lO = /tmp/fm-pr-check-security.q7m8p0/rejected-metacharacters/home/state/.watcher-down.lock.owner.ne81lO ']'
+1789354097.891621 fm-wake-lib.sh:549 fm_lock_claim /tmp/fm-pr-check-security.q7m8p0/rejected-metacharacters/home/state/.watcher-down.lock /tmp/fm-pr-check-security.q7m8p0/rejected-metacharacters/home/state/.watcher-down.lock.owner.ne81lO ''
+1789354097.891685 fm-wake-lib.sh:511 local lockdir=/tmp/fm-pr-check-security.q7m8p0/rejected-metacharacters/home/state/.watcher-down.lock ownerdir=/tmp/fm-pr-check-security.q7m8p0/rejected-metacharacters/home/state/.watcher-down.lock.owner.ne81lO allowed_steal_owner= mypid back
+1789354097.891718 fm-wake-lib.sh:512 fm_current_pid mypid
+1789354097.891745 fm-wake-lib.sh:38 local fm_pid
+1789354097.891782 fm-wake-lib.sh:39 fm_pid=2972488
+1789354097.891793 fm-wake-lib.sh:40 case "$fm_pid" in
+1789354097.891810 fm-wake-lib.sh:41 '[' 1 -gt 0 ']'
+1789354097.891826 fm-wake-lib.sh:42 printf -v mypid %s 2972488
+1789354097.891877 fm-wake-lib.sh:513 printf '%s\n' 2972488
++1789354097.892537 fm-wake-lib.sh:517 cat /tmp/fm-pr-check-security.q7m8p0/rejected-metacharacters/home/state/.watcher-down.lock.owner.ne81lO/pid
+1789354097.897790 fm-wake-lib.sh:517 back=2972488
+1789354097.897877 fm-wake-lib.sh:518 '[' 2972488 '!=' 2972488 ']'
+1789354097.897936 fm-wake-lib.sh:522 fm_lock_points_to_owner /tmp/fm-pr-check-security.q7m8p0/rejected-metacharacters/home/state/.watcher-down.lock /tmp/fm-pr-check-security.q7m8p0/rejected-metacharacters/home/state/.watcher-down.lock.owner.ne81lO
+1789354097.897987 fm-wake-lib.sh:480 local lockdir=/tmp/fm-pr-check-security.q7m8p0/rejected-metacharacters/home/state/.watcher-down.lock ownerdir=/tmp/fm-pr-check-security.q7m8p0/rejected-metacharacters/home/state/.watcher-down.lock.owner.ne81lO actual
++1789354097.898703 fm-wake-lib.sh:481 readlink /tmp/fm-pr-check-security.q7m8p0/rejected-metacharacters/home/state/.watcher-down.lock
+1789354097.903872 fm-wake-lib.sh:481 actual=/tmp/fm-pr-check-security.q7m8p0/rejected-metacharacters/home/state/.watcher-down.lock.owner.ne81lO
+1789354097.904018 fm-wake-lib.sh:482 '[' /tmp/fm-pr-check-security.q7m8p0/rejected-metacharacters/home/state/.watcher-down.lock.owner.ne81lO = /tmp/fm-pr-check-security.q7m8p0/rejected-metacharacters/home/state/.watcher-down.lock.owner.ne81lO ']'
+1789354097.904083 fm-wake-lib.sh:526 fm_lock_claim_blocked_by_steal /tmp/fm-pr-check-security.q7m8p0/rejected-metacharacters/home/state/.watcher-down.lock ''
+1789354097.904120 fm-wake-lib.sh:501 local lockdir=/tmp/fm-pr-check-security.q7m8p0/rejected-metacharacters/home/state/.watcher-down.lock allowed_steal_owner= steal
+1789354097.904148 fm-wake-lib.sh:502 steal=/tmp/fm-pr-check-security.q7m8p0/rejected-metacharacters/home/state/.watcher-down.lock.steal
+1789354097.904165 fm-wake-lib.sh:503 '[' -e /tmp/fm-pr-check-security.q7m8p0/rejected-metacharacters/home/state/.watcher-down.lock.steal ']'
+1789354097.904195 fm-wake-lib.sh:503 '[' -L /tmp/fm-pr-check-security.q7m8p0/rejected-metacharacters/home/state/.watcher-down.lock.steal ']'
+1789354097.904210 fm-wake-lib.sh:503 return 1
+1789354097.904230 fm-wake-lib.sh:533 return 0
+1789354097.904267 fm-wake-lib.sh:550 FM_LOCK_OWNER_DIR=/tmp/fm-pr-check-security.q7m8p0/rejected-metacharacters/home/state/.watcher-down.lock.owner.ne81lO
+1789354097.904278 fm-wake-lib.sh:551 return 0
+1789354097.904310 fm-wake-lib.sh:908 return 0
+1789354097.904399 fm-wake-lib.sh:778 '[' '!' -e /tmp/fm-pr-check-security.q7m8p0/rejected-metacharacters/home/state/.watcher-down ']'
+1789354097.904427 fm-wake-lib.sh:778 '[' '!' -L /tmp/fm-pr-check-security.q7m8p0/rejected-metacharacters/home/state/.watcher-down ']'
+1789354097.904450 fm-wake-lib.sh:779 '[' -s /tmp/fm-pr-check-security.q7m8p0/rejected-metacharacters/home/state/.wake-queue ']'
+1789354097.904468 fm-wake-lib.sh:787 fm_lock_release /tmp/fm-pr-check-security.q7m8p0/rejected-metacharacters/home/state/.watcher-down.lock
+1789354097.904508 fm-wake-lib.sh:1098 local lockdir=/tmp/fm-pr-check-security.q7m8p0/rejected-metacharacters/home/state/.watcher-down.lock pid current ownerdir
+1789354097.904527 fm-wake-lib.sh:1099 fm_current_pid current
+1789354097.904548 fm-wake-lib.sh:38 local fm_pid
+1789354097.904584 fm-wake-lib.sh:39 fm_pid=2972488
+1789354097.904594 fm-wake-lib.sh:40 case "$fm_pid" in
+1789354097.904610 fm-wake-lib.sh:41 '[' 1 -gt 0 ']'
+1789354097.904624 fm-wake-lib.sh:42 printf -v current %s 2972488
+1789354097.904651 fm-wake-lib.sh:1100 '[' -L /tmp/fm-pr-check-security.q7m8p0/rejected-metacharacters/home/state/.watcher-down.lock ']'
++1789354097.905440 fm-wake-lib.sh:1101 fm_lock_link_owner /tmp/fm-pr-check-security.q7m8p0/rejected-metacharacters/home/state/.watcher-down.lock
++1789354097.905637 fm-wake-lib.sh:470 local lockdir=/tmp/fm-pr-check-security.q7m8p0/rejected-metacharacters/home/state/.watcher-down.lock owner
+++1789354097.906356 fm-wake-lib.sh:471 readlink /tmp/fm-pr-check-security.q7m8p0/rejected-metacharacters/home/state/.watcher-down.lock
++1789354097.911345 fm-wake-lib.sh:471 owner=/tmp/fm-pr-check-security.q7m8p0/rejected-metacharacters/home/state/.watcher-down.lock.owner.ne81lO
++1789354097.911467 fm-wake-lib.sh:472 '[' -n /tmp/fm-pr-check-security.q7m8p0/rejected-metacharacters/home/state/.watcher-down.lock.owner.ne81lO ']'
++1789354097.911495 fm-wake-lib.sh:473 case "$owner" in
++1789354097.911515 fm-wake-lib.sh:474 printf '%s\n' /tmp/fm-pr-check-security.q7m8p0/rejected-metacharacters/home/state/.watcher-down.lock.owner.ne81lO
+1789354097.912266 fm-wake-lib.sh:1101 ownerdir=/tmp/fm-pr-check-security.q7m8p0/rejected-metacharacters/home/state/.watcher-down.lock.owner.ne81lO
+1789354097.912344 fm-wake-lib.sh:1102 '[' -n /tmp/fm-pr-check-security.q7m8p0/rejected-metacharacters/home/state/.watcher-down.lock.owner.ne81lO ']'
++1789354097.913215 fm-wake-lib.sh:1103 cat /tmp/fm-pr-check-security.q7m8p0/rejected-metacharacters/home/state/.watcher-down.lock.owner.ne81lO/pid
+1789354097.918185 fm-wake-lib.sh:1103 pid=2972488
+1789354097.918295 fm-wake-lib.sh:1104 '[' 2972488 = 2972488 ']'
+1789354097.918355 fm-wake-lib.sh:1105 fm_lock_points_to_owner /tmp/fm-pr-check-security.q7m8p0/rejected-metacharacters/home/state/.watcher-down.lock /tmp/fm-pr-check-security.q7m8p0/rejected-metacharacters/home/state/.watcher-down.lock.owner.ne81lO
+1789354097.918426 fm-wake-lib.sh:480 local lockdir=/tmp/fm-pr-check-security.q7m8p0/rejected-metacharacters/home/state/.watcher-down.lock ownerdir=/tmp/fm-pr-check-security.q7m8p0/rejected-metacharacters/home/state/.watcher-down.lock.owner.ne81lO actual
++1789354097.919386 fm-wake-lib.sh:481 readlink /tmp/fm-pr-check-security.q7m8p0/rejected-metacharacters/home/state/.watcher-down.lock
+1789354097.925613 fm-wake-lib.sh:481 actual=/tmp/fm-pr-check-security.q7m8p0/rejected-metacharacters/home/state/.watcher-down.lock.owner.ne81lO
+1789354097.925705 fm-wake-lib.sh:482 '[' /tmp/fm-pr-check-security.q7m8p0/rejected-metacharacters/home/state/.watcher-down.lock.owner.ne81lO = /tmp/fm-pr-check-security.q7m8p0/rejected-metacharacters/home/state/.watcher-down.lock.owner.ne81lO ']'
+1789354097.925766 fm-wake-lib.sh:1106 rm -f /tmp/fm-pr-check-security.q7m8p0/rejected-metacharacters/home/state/.watcher-down.lock
+1789354097.928016 fm-wake-lib.sh:1107 fm_lock_discard_owner /tmp/fm-pr-check-security.q7m8p0/rejected-metacharacters/home/state/.watcher-down.lock.owner.ne81lO
+1789354097.928088 fm-wake-lib.sh:486 local ownerdir=/tmp/fm-pr-check-security.q7m8p0/rejected-metacharacters/home/state/.watcher-down.lock.owner.ne81lO
+1789354097.928129 fm-wake-lib.sh:487 '[' -n /tmp/fm-pr-check-security.q7m8p0/rejected-metacharacters/home/state/.watcher-down.lock.owner.ne81lO ']'
+1789354097.928154 fm-wake-lib.sh:488 fm_lock_clean_known_files /tmp/fm-pr-check-security.q7m8p0/rejected-metacharacters/home/state/.watcher-down.lock.owner.ne81lO
+1789354097.928184 fm-wake-lib.sh:419 local lockdir=/tmp/fm-pr-check-security.q7m8p0/rejected-metacharacters/home/state/.watcher-down.lock.owner.ne81lO
+1789354097.928226 fm-wake-lib.sh:420 rm -f /tmp/fm-pr-check-security.q7m8p0/rejected-metacharacters/home/state/.watcher-down.lock.owner.ne81lO/pid /tmp/fm-pr-check-security.q7m8p0/rejected-metacharacters/home/state/.watcher-down.lock.owner.ne81lO/fm-home /tmp/fm-pr-check-security.q7m8p0/rejected-metacharacters/home/state/.watcher-down.lock.owner.ne81lO/pid-identity /tmp/fm-pr-check-security.q7m8p0/rejected-metacharacters/home/state/.watcher-down.lock.owner.ne81lO/role /tmp/fm-pr-check-security.q7m8p0/rejected-metacharacters/home/state/.watcher-down.lock.owner.ne81lO/watcher-path
+1789354097.930149 fm-wake-lib.sh:489 rmdir /tmp/fm-pr-check-security.q7m8p0/rejected-metacharacters/home/state/.watcher-down.lock.owner.ne81lO
+1789354097.934534 fm-wake-lib.sh:1108 return 0
+1789354097.934635 fm-wake-lib.sh:788 fm_lock_release /tmp/fm-pr-check-security.q7m8p0/rejected-metacharacters/home/state/.wake-queue.lock
+1789354097.934700 fm-wake-lib.sh:1098 local lockdir=/tmp/fm-pr-check-security.q7m8p0/rejected-metacharacters/home/state/.wake-queue.lock pid current ownerdir
+1789354097.934734 fm-wake-lib.sh:1099 fm_current_pid current
+1789354097.934764 fm-wake-lib.sh:38 local fm_pid
+1789354097.934820 fm-wake-lib.sh:39 fm_pid=2972488
+1789354097.934834 fm-wake-lib.sh:40 case "$fm_pid" in
+1789354097.934852 fm-wake-lib.sh:41 '[' 1 -gt 0 ']'
+1789354097.934870 fm-wake-lib.sh:42 printf -v current %s 2972488
+1789354097.934901 fm-wake-lib.sh:1100 '[' -L /tmp/fm-pr-check-security.q7m8p0/rejected-metacharacters/home/state/.wake-queue.lock ']'
++1789354097.935698 fm-wake-lib.sh:1101 fm_lock_link_owner /tmp/fm-pr-check-security.q7m8p0/rejected-metacharacters/home/state/.wake-queue.lock
++1789354097.935885 fm-wake-lib.sh:470 local lockdir=/tmp/fm-pr-check-security.q7m8p0/rejected-metacharacters/home/state/.wake-queue.lock owner
+++1789354097.936645 fm-wake-lib.sh:471 readlink /tmp/fm-pr-check-security.q7m8p0/rejected-metacharacters/home/state/.wake-queue.lock
++1789354097.941870 fm-wake-lib.sh:471 owner=/tmp/fm-pr-check-security.q7m8p0/rejected-metacharacters/home/state/.wake-queue.lock.owner.pWoES6
++1789354097.942055 fm-wake-lib.sh:472 '[' -n /tmp/fm-pr-check-security.q7m8p0/rejected-metacharacters/home/state/.wake-queue.lock.owner.pWoES6 ']'
++1789354097.942084 fm-wake-lib.sh:473 case "$owner" in
++1789354097.942114 fm-wake-lib.sh:474 printf '%s\n' /tmp/fm-pr-check-security.q7m8p0/rejected-metacharacters/home/state/.wake-queue.lock.owner.pWoES6
+1789354097.942638 fm-wake-lib.sh:1101 ownerdir=/tmp/fm-pr-check-security.q7m8p0/rejected-metacharacters/home/state/.wake-queue.lock.owner.pWoES6
+1789354097.942719 fm-wake-lib.sh:1102 '[' -n /tmp/fm-pr-check-security.q7m8p0/rejected-metacharacters/home/state/.wake-queue.lock.owner.pWoES6 ']'
++1789354097.943536 fm-wake-lib.sh:1103 cat /tmp/fm-pr-check-security.q7m8p0/rejected-metacharacters/home/state/.wake-queue.lock.owner.pWoES6/pid
+1789354097.948411 fm-wake-lib.sh:1103 pid=2972488
+1789354097.948497 fm-wake-lib.sh:1104 '[' 2972488 = 2972488 ']'
+1789354097.948537 fm-wake-lib.sh:1105 fm_lock_points_to_owner /tmp/fm-pr-check-security.q7m8p0/rejected-metacharacters/home/state/.wake-queue.lock /tmp/fm-pr-check-security.q7m8p0/rejected-metacharacters/home/state/.wake-queue.lock.owner.pWoES6
+1789354097.948587 fm-wake-lib.sh:480 local lockdir=/tmp/fm-pr-check-security.q7m8p0/rejected-metacharacters/home/state/.wake-queue.lock ownerdir=/tmp/fm-pr-check-security.q7m8p0/rejected-metacharacters/home/state/.wake-queue.lock.owner.pWoES6 actual
++1789354097.949389 fm-wake-lib.sh:481 readlink /tmp/fm-pr-check-security.q7m8p0/rejected-metacharacters/home/state/.wake-queue.lock
+1789354097.954564 fm-wake-lib.sh:481 actual=/tmp/fm-pr-check-security.q7m8p0/rejected-metacharacters/home/state/.wake-queue.lock.owner.pWoES6
+1789354097.954671 fm-wake-lib.sh:482 '[' /tmp/fm-pr-check-security.q7m8p0/rejected-metacharacters/home/state/.wake-queue.lock.owner.pWoES6 = /tmp/fm-pr-check-security.q7m8p0/rejected-metacharacters/home/state/.wake-queue.lock.owner.pWoES6 ']'
+1789354097.954739 fm-wake-lib.sh:1106 rm -f /tmp/fm-pr-check-security.q7m8p0/rejected-metacharacters/home/state/.wake-queue.lock
+1789354097.956651 fm-wake-lib.sh:1107 fm_lock_discard_owner /tmp/fm-pr-check-security.q7m8p0/rejected-metacharacters/home/state/.wake-queue.lock.owner.pWoES6
+1789354097.956720 fm-wake-lib.sh:486 local ownerdir=/tmp/fm-pr-check-security.q7m8p0/rejected-metacharacters/home/state/.wake-queue.lock.owner.pWoES6
+1789354097.956750 fm-wake-lib.sh:487 '[' -n /tmp/fm-pr-check-security.q7m8p0/rejected-metacharacters/home/state/.wake-queue.lock.owner.pWoES6 ']'
+1789354097.956770 fm-wake-lib.sh:488 fm_lock_clean_known_files /tmp/fm-pr-check-security.q7m8p0/rejected-metacharacters/home/state/.wake-queue.lock.owner.pWoES6
+1789354097.956797 fm-wake-lib.sh:419 local lockdir=/tmp/fm-pr-check-security.q7m8p0/rejected-metacharacters/home/state/.wake-queue.lock.owner.pWoES6
+1789354097.956840 fm-wake-lib.sh:420 rm -f /tmp/fm-pr-check-security.q7m8p0/rejected-metacharacters/home/state/.wake-queue.lock.owner.pWoES6/pid /tmp/fm-pr-check-security.q7m8p0/rejected-metacharacters/home/state/.wake-queue.lock.owner.pWoES6/fm-home /tmp/fm-pr-check-security.q7m8p0/rejected-metacharacters/home/state/.wake-queue.lock.owner.pWoES6/pid-identity /tmp/fm-pr-check-security.q7m8p0/rejected-metacharacters/home/state/.wake-queue.lock.owner.pWoES6/role /tmp/fm-pr-check-security.q7m8p0/rejected-metacharacters/home/state/.wake-queue.lock.owner.pWoES6/watcher-path
+1789354097.958724 fm-wake-lib.sh:489 rmdir /tmp/fm-pr-check-security.q7m8p0/rejected-metacharacters/home/state/.wake-queue.lock.owner.pWoES6
+1789354097.962778 fm-wake-lib.sh:1108 return 0
+1789354097.962866 fm-wake-lib.sh:789 return 0
+1789354097.963048 fm-watch.sh:1785 '[' 0 = 1 ']'
+1789354097.963067 fm-watch.sh:1787 '[' none = recover ']'
+1789354097.963095 fm-watch.sh:1806 HOME_SUMMARY_PID=
+1789354097.963143 fm-watch.sh:1820 RECONCILE_REQUEST_PID=
+1789354097.963216 fm-watch.sh:1847 PR_POLL_CONTROL_LOCK=
+1789354097.963306 fm-watch.sh:1874 trap watcher_cleanup EXIT
+1789354097.963337 fm-watch.sh:1875 trap 'exit 1' HUP INT TERM
+1789354097.963365 fm-watch.sh:1879 WATCHER_PID=2972488
+1789354097.963386 fm-watch.sh:1880 printf '%s\n' /tmp/fm-pr-check-security.q7m8p0/rejected-metacharacters/home
+1789354097.963500 fm-watch.sh:1881 printf '%s\n' /tmp/fm-target-99f67cc/bin/fm-watch.sh
+1789354097.963537 fm-watch.sh:1883 FM_WATCH_DELIVERY_PID=2972488
++1789354097.964437 fm-watch.sh:1884 fm_pid_identity 2972488
++1789354097.964716 fm-wake-lib.sh:57 local pid=2972488 out proc_root stat_line starttime cmdline_hex identity_key
++1789354097.964778 fm-wake-lib.sh:58 local -a stat_fields
++1789354097.964800 fm-wake-lib.sh:59 case "$pid" in
++1789354097.964819 fm-wake-lib.sh:62 proc_root=/proc
++1789354097.964834 fm-wake-lib.sh:69 '[' -r /proc/2972488/stat ']'
++1789354097.964859 fm-wake-lib.sh:69 '[' -r /proc/2972488/cmdline ']'
+++1789354097.965596 fm-wake-lib.sh:70 cat /proc/2972488/stat
++1789354097.970770 fm-wake-lib.sh:70 stat_line='2972488 (bash) S 2972487 2972282 2972267 0 -1 4194304 9872 41999 0 0 12 3 16 21 20 0 1 0 3918851 10993664 2336 18446744073709551615 109127010013184 109127011072417 140720685658624 0 0 0 2 4 1132560123 1 0 0 17 1 0 0 0 0 0 109127011301616 109127011350664 109127804579840 140720685666527 140720685666574 140720685666574 140720685670378 0'
++1789354097.970852 fm-wake-lib.sh:72 read -r -a stat_fields
++1789354097.971186 fm-wake-lib.sh:73 '[' 50 -ge 20 ']'
++1789354097.971219 fm-wake-lib.sh:74 starttime=3918851
++1789354097.971232 fm-wake-lib.sh:75 case "$starttime" in
+++1789354097.972460 fm-wake-lib.sh:78 od -An -v -tx1 /proc/2972488/cmdline
++1789354097.971232 fm-wake-lib.sh:75 case "$starttime" in
+++1789354097.972737 fm-wake-lib.sh:78 tr -d '[:space:]'
++1789354097.971232 fm-wake-lib.sh:75 case "$starttime" in
++1789354097.971232 fm-wake-lib.sh:75 case "$starttime" in
++1789354097.977817 fm-wake-lib.sh:78 cmdline_hex=62617368002d78002f746d702f666d2d7461726765742d393966363763632f62696e2f666d2d77617463682e736800
++1789354097.977968 fm-wake-lib.sh:79 '[' -n 62617368002d78002f746d702f666d2d7461726765742d393966363763632f62696e2f666d2d77617463682e736800 ']'
++1789354097.978014 fm-wake-lib.sh:80 identity_key=proc-starttime
++1789354097.978037 fm-wake-lib.sh:81 '[' Linux '!=' Linux ']'
++1789354097.978054 fm-wake-lib.sh:81 identity_key=linux-starttime
++1789354097.978077 fm-wake-lib.sh:82 printf '%s=%s cmdline-hex=%s\n' linux-starttime 3918851 62617368002d78002f746d702f666d2d7461726765742d393966363763632f62696e2f666d2d77617463682e736800
++1789354097.978146 fm-wake-lib.sh:83 return 0
+1789354097.978831 fm-watch.sh:1884 FM_WATCH_DELIVERY_IDENTITY='linux-starttime=3918851 cmdline-hex=62617368002d78002f746d702f666d2d7461726765742d393966363763632f62696e2f666d2d77617463682e736800'
+1789354097.978980 fm-watch.sh:1885 printf '%s\n' 'linux-starttime=3918851 cmdline-hex=62617368002d78002f746d702f666d2d7461726765742d393966363763632f62696e2f666d2d77617463682e736800'
+1789354097.979110 fm-watch.sh:1887 '[' -e /tmp/fm-pr-check-security.q7m8p0/rejected-metacharacters/home/state/.last-heartbeat ']'
+1789354097.979137 fm-watch.sh:1887 touch /tmp/fm-pr-check-security.q7m8p0/rejected-metacharacters/home/state/.last-heartbeat
+1789354097.983973 fm-watch.sh:1892 fm_pr_poll_retirement_recover_all /tmp/fm-pr-check-security.q7m8p0/rejected-metacharacters/home/state /tmp/fm-target-99f67cc/bin/fm-pr-poll.sh
+1789354097.984095 fm-pr-lib.sh:929 local state=/tmp/fm-pr-check-security.q7m8p0/rejected-metacharacters/home/state template=/tmp/fm-target-99f67cc/bin/fm-pr-poll.sh receipt id
+1789354097.984122 fm-pr-lib.sh:930 FM_PR_POLL_RETIREMENT_REJECTED=
+1789354097.984217 fm-pr-lib.sh:931 for receipt in "$state"/*.pr-poll-retirement
+1789354097.984238 fm-pr-lib.sh:932 '[' -e '/tmp/fm-pr-check-security.q7m8p0/rejected-metacharacters/home/state/*.pr-poll-retirement' ']'
+1789354097.984267 fm-pr-lib.sh:932 '[' -L '/tmp/fm-pr-check-security.q7m8p0/rejected-metacharacters/home/state/*.pr-poll-retirement' ']'
+1789354097.984280 fm-pr-lib.sh:932 continue
+1789354097.984296 fm-pr-lib.sh:939 '[' -z '' ']'
+1789354097.985452 fm-watch.sh:1932 :
++1789354097.986602 fm-watch.sh:1939 cat /tmp/fm-pr-check-security.q7m8p0/rejected-metacharacters/home/state/.watch.lock/pid
+1789354097.991583 fm-watch.sh:1939 '[' 2972488 '!=' 2972488 ']'
+1789354097.991666 fm-watch.sh:1945 touch /tmp/fm-pr-check-security.q7m8p0/rejected-metacharacters/home/state/.last-watcher-beat
++1789354097.996822 fm-watch.sh:1947 age_of /tmp/fm-pr-check-security.q7m8p0/rejected-metacharacters/home/state/home-summary.json
++1789354097.997012 fm-watch.sh:1362 local f=/tmp/fm-pr-check-security.q7m8p0/rejected-metacharacters/home/state/home-summary.json m now
+++1789354097.997751 fm-watch.sh:1363 stat_mtime /tmp/fm-pr-check-security.q7m8p0/rejected-metacharacters/home/state/home-summary.json
+++1789354097.998033 fm-watch.sh:199 stat -c %Y /tmp/fm-pr-check-security.q7m8p0/rejected-metacharacters/home/state/home-summary.json
++1789354098.003091 fm-watch.sh:1363 m=
++1789354098.003173 fm-watch.sh:1363 echo 999999
++1789354098.003241 fm-watch.sh:1363 return
+1789354098.003983 fm-watch.sh:1947 '[' 999999 -ge 300 ']'
+1789354098.004065 fm-watch.sh:1948 home_summary_refresh_detached
+1789354098.004149 fm-watch.sh:1808 '[' -n '' ']'
+1789354098.004597 fm-watch.sh:1817 HOME_SUMMARY_PID=2972640
+1789354098.004742 fm-watch.sh:1954 reconcile_requests_pending
+1789354098.004702 fm-watch.sh:1815 FM_HOME_SUMMARY_IF_IDLE=1
+1789354098.004773 fm-watch.sh:1815 /tmp/fm-target-99f67cc/bin/fm-home-summary-refresh.sh --best-effort
+1789354098.004774 fm-watch.sh:1822 local request
+1789354098.004816 fm-watch.sh:1823 '[' -d /tmp/fm-pr-check-security.q7m8p0/rejected-metacharacters/home/state/reconcile-notify ']'
+1789354098.004854 fm-watch.sh:1823 return 1
+1789354098.004884 fm-watch.sh:1962 fm_pending_reply_tick /tmp/fm-pr-check-security.q7m8p0/rejected-metacharacters/home/state
+1789354098.005001 fm-pending-reply-lib.sh:1437 local state=/tmp/fm-pr-check-security.q7m8p0/rejected-metacharacters/home/state dir rec corr task_id phase delivered meta backend target label busy sm_home harness remote_host
+1789354098.005047 fm-pending-reply-lib.sh:1438 local observation observation_task found i
+1789354098.005097 fm-pending-reply-lib.sh:1439 observation_tasks=()
+1789354098.005118 fm-pending-reply-lib.sh:1439 observation_values=()
+1789354098.005130 fm-pending-reply-lib.sh:1439 local -a observation_tasks observation_values
++1789354098.005773 fm-pending-reply-lib.sh:1440 fm_pending_reply_dir /tmp/fm-pr-check-security.q7m8p0/rejected-metacharacters/home/state
++1789354098.006064 fm-pending-reply-lib.sh:141 local state=/tmp/fm-pr-check-security.q7m8p0/rejected-metacharacters/home/state
++1789354098.006133 fm-pending-reply-lib.sh:142 '[' -n '' ']'
++1789354098.006176 fm-pending-reply-lib.sh:146 printf %s/pending-replies /tmp/fm-pr-check-security.q7m8p0/rejected-metacharacters/home/state
+1789354098.006865 fm-pending-reply-lib.sh:1440 dir=/tmp/fm-pr-check-security.q7m8p0/rejected-metacharacters/home/state/pending-replies
+1789354098.006929 fm-pending-reply-lib.sh:1441 '[' -d /tmp/fm-pr-check-security.q7m8p0/rejected-metacharacters/home/state/pending-replies ']'
+1789354098.006963 fm-pending-reply-lib.sh:1441 return 0
+1789354098.007057 fm-watch.sh:1967 secondmate_wake_stall_tick
++1789354098.007816 fm-watch.sh:766 date +%s
+1789354098.015035 fm-watch.sh:766 local now=1789354098 threshold=180
+1789354098.015118 fm-watch.sh:767 local meta task kind remote_host home queue row epoch seq row_key marker progress_marker progress observed_at observed_key
+1789354098.015154 fm-watch.sh:768 local receipt receipt_dir notify_key queued idle reason episode_alerted
+1789354098.015256 fm-watch.sh:770 for meta in "$STATE"/*.meta
+1789354098.015316 fm-watch.sh:771 '[' -e /tmp/fm-pr-check-security.q7m8p0/rejected-metacharacters/home/state/safe-check.meta ']'
++1789354098.016225 fm-watch.sh:772 fm_meta_get /tmp/fm-pr-check-security.q7m8p0/rejected-metacharacters/home/state/safe-check.meta kind
++1789354098.016462 fm-backend.sh:339 local meta=/tmp/fm-pr-check-security.q7m8p0/rejected-metacharacters/home/state/safe-check.meta key=kind line value=
++1789354098.016550 fm-backend.sh:340 '[' -f /tmp/fm-pr-check-security.q7m8p0/rejected-metacharacters/home/state/safe-check.meta ']'
++1789354098.016638 fm-backend.sh:341 IFS=
++1789354098.016654 fm-backend.sh:341 read -r line
++1789354098.016702 fm-backend.sh:342 case "$line" in
++1789354098.016726 fm-backend.sh:341 IFS=
++1789354098.016739 fm-backend.sh:341 read -r line
++1789354098.016760 fm-backend.sh:342 case "$line" in
++1789354098.016778 fm-backend.sh:341 IFS=
++1789354098.016790 fm-backend.sh:341 read -r line
++1789354098.016810 fm-backend.sh:341 '[' -n '' ']'
++1789354098.016837 fm-backend.sh:346 printf %s ''
+1789354098.017783 fm-watch.sh:772 kind=
+1789354098.017857 fm-watch.sh:773 '[' '' = secondmate ']'
+1789354098.017883 fm-watch.sh:773 continue
+1789354098.018057 fm-watch.sh:770 for meta in "$STATE"/*.meta
+1789354098.018135 fm-watch.sh:771 '[' -e /tmp/fm-pr-check-security.q7m8p0/rejected-metacharacters/home/state/task-a.meta ']'
++1789354098.018805 fm-watch.sh:772 fm_meta_get /tmp/fm-pr-check-security.q7m8p0/rejected-metacharacters/home/state/task-a.meta kind
++1789354098.019068 fm-backend.sh:339 local meta=/tmp/fm-pr-check-security.q7m8p0/rejected-metacharacters/home/state/task-a.meta key=kind line value=
++1789354098.019115 fm-backend.sh:340 '[' -f /tmp/fm-pr-check-security.q7m8p0/rejected-metacharacters/home/state/task-a.meta ']'
++1789354098.019175 fm-backend.sh:341 IFS=
++1789354098.019184 fm-backend.sh:341 read -r line
++1789354098.019224 fm-backend.sh:342 case "$line" in
++1789354098.019240 fm-backend.sh:341 IFS=
++1789354098.019248 fm-backend.sh:341 read -r line
++1789354098.019268 fm-backend.sh:342 case "$line" in
++1789354098.019280 fm-backend.sh:341 IFS=
++1789354098.019289 fm-backend.sh:341 read -r line
++1789354098.019302 fm-backend.sh:342 case "$line" in
++1789354098.019323 fm-backend.sh:341 IFS=
++1789354098.019333 fm-backend.sh:341 read -r line
++1789354098.019346 fm-backend.sh:342 case "$line" in
++1789354098.019358 fm-backend.sh:341 IFS=
++1789354098.019365 fm-backend.sh:341 read -r line
++1789354098.019376 fm-backend.sh:342 case "$line" in
++1789354098.019397 fm-backend.sh:343 value=ship
++1789354098.019412 fm-backend.sh:341 IFS=
++1789354098.019418 fm-backend.sh:341 read -r line
++1789354098.019430 fm-backend.sh:342 case "$line" in
++1789354098.019440 fm-backend.sh:341 IFS=
++1789354098.019447 fm-backend.sh:341 read -r line
++1789354098.019461 fm-backend.sh:341 '[' -n '' ']'
++1789354098.019482 fm-backend.sh:346 printf %s ship
+1789354098.020069 fm-watch.sh:772 kind=ship
+1789354098.020121 fm-watch.sh:773 '[' ship = secondmate ']'
+1789354098.020137 fm-watch.sh:773 continue
+1789354098.020197 fm-watch.sh:842 return 0
+1789354098.020311 fm-watch.sh:1976 '[' -d /tmp/fm-pr-check-security.q7m8p0/rejected-metacharacters/home/state/procevent ']'
+1789354098.020343 fm-watch.sh:1981 procevent_surface_queued
+1789354098.020380 fm-watch.sh:1428 local key reason captured= stranded= unstarted=
+1789354098.020404 fm-watch.sh:1429 PROCEVENT_SURFACED=
+1789354098.020427 fm-watch.sh:1430 '[' -s /tmp/fm-pr-check-security.q7m8p0/rejected-metacharacters/home/state/.wake-queue ']'
+1789354098.020443 fm-watch.sh:1430 return 0
+1789354098.020468 fm-watch.sh:1985 resurface_after_downtime
+1789354098.020515 fm-watch.sh:1915 '[' 0 = 1 ']'
+1789354098.020530 fm-watch.sh:1918 '[' 0 -ne 1 ']'
+1789354098.020550 fm-watch.sh:1919 fm_recovery_marker_arm_check /tmp/fm-pr-check-security.q7m8p0/rejected-metacharacters/home/state/.watcher-down
+1789354098.020580 fm-wake-lib.sh:898 fm_recovery_transition /tmp/fm-pr-check-security.q7m8p0/rejected-metacharacters/home/state/.watcher-down arm-check
+1789354098.020657 fm-wake-lib.sh:844 local marker=/tmp/fm-pr-check-security.q7m8p0/rejected-metacharacters/home/state/.watcher-down action=arm-check target= value=
+1789354098.020676 fm-wake-lib.sh:845 case "$action" in
+1789354098.020695 fm-wake-lib.sh:853 _fm_recovery_marker_arm_check /tmp/fm-pr-check-security.q7m8p0/rejected-metacharacters/home/state/.watcher-down
+1789354098.020774 fm-wake-lib.sh:770 local marker=/tmp/fm-pr-check-security.q7m8p0/rejected-metacharacters/home/state/.watcher-down lock line quarantine
+1789354098.020800 fm-wake-lib.sh:771 FM_RECOVERY_MARKER_ACTION=none
+1789354098.020839 fm-wake-lib.sh:772 lock=/tmp/fm-pr-check-security.q7m8p0/rejected-metacharacters/home/state/.watcher-down.lock
+1789354098.020869 fm-wake-lib.sh:773 fm_lock_acquire_wait /tmp/fm-pr-check-security.q7m8p0/rejected-metacharacters/home/state/.wake-queue.lock
+1789354098.020901 fm-wake-lib.sh:1002 local lockdir=/tmp/fm-pr-check-security.q7m8p0/rejected-metacharacters/home/state/.wake-queue.lock
+1789354098.020923 fm-wake-lib.sh:1003 fm_lock_try_acquire /tmp/fm-pr-check-security.q7m8p0/rejected-metacharacters/home/state/.wake-queue.lock
+1789354098.021149 fm-wake-lib.sh:902 local lockdir=/tmp/fm-pr-check-security.q7m8p0/rejected-metacharacters/home/state/.wake-queue.lock pid steal cur rc steal_owner primary_owner current
+1789354098.021190 fm-wake-lib.sh:903 FM_LOCK_HELD_PID=
+1789354098.021205 fm-wake-lib.sh:904 FM_LOCK_OWNER_DIR=
+1789354098.021215 fm-wake-lib.sh:905 FM_LOCK_RECOVERED_PID=
+1789354098.021234 fm-wake-lib.sh:907 fm_lock_try_create /tmp/fm-pr-check-security.q7m8p0/rejected-metacharacters/home/state/.wake-queue.lock
+1789354098.021275 fm-wake-lib.sh:537 local lockdir=/tmp/fm-pr-check-security.q7m8p0/rejected-metacharacters/home/state/.wake-queue.lock allowed_steal_owner= ownerdir
+1789354098.021295 fm-wake-lib.sh:538 FM_LOCK_OWNER_DIR=
++1789354098.022104 fm-wake-lib.sh:539 fm_lock_owner_dir /tmp/fm-pr-check-security.q7m8p0/rejected-metacharacters/home/state/.wake-queue.lock
++1789354098.022377 fm-wake-lib.sh:456 local lockdir=/tmp/fm-pr-check-security.q7m8p0/rejected-metacharacters/home/state/.wake-queue.lock lock_abs
+++1789354098.023352 fm-wake-lib.sh:457 fm_lock_abs_path /tmp/fm-pr-check-security.q7m8p0/rejected-metacharacters/home/state/.wake-queue.lock
+++1789354098.023595 fm-wake-lib.sh:448 local path=/tmp/fm-pr-check-security.q7m8p0/rejected-metacharacters/home/state/.wake-queue.lock dir base
++++1789354098.024351 fm-wake-lib.sh:449 dirname /tmp/fm-pr-check-security.q7m8p0/rejected-metacharacters/home/state/.wake-queue.lock
+++1789354098.029380 fm-wake-lib.sh:449 dir=/tmp/fm-pr-check-security.q7m8p0/rejected-metacharacters/home/state
++++1789354098.030337 fm-wake-lib.sh:450 basename /tmp/fm-pr-check-security.q7m8p0/rejected-metacharacters/home/state/.wake-queue.lock
+++1789354098.035450 fm-wake-lib.sh:450 base=.wake-queue.lock
++++1789354098.036680 fm-wake-lib.sh:451 cd /tmp/fm-pr-check-security.q7m8p0/rejected-metacharacters/home/state
++++1789354098.036867 fm-wake-lib.sh:451 pwd -P
+++1789354098.037473 fm-wake-lib.sh:451 dir=/tmp/fm-pr-check-security.q7m8p0/rejected-metacharacters/home/state
+++1789354098.037534 fm-wake-lib.sh:452 printf '%s/%s\n' /tmp/fm-pr-check-security.q7m8p0/rejected-metacharacters/home/state .wake-queue.lock
++1789354098.038032 fm-wake-lib.sh:457 lock_abs=/tmp/fm-pr-check-security.q7m8p0/rejected-metacharacters/home/state/.wake-queue.lock
++1789354098.038110 fm-wake-lib.sh:458 mktemp -d /tmp/fm-pr-check-security.q7m8p0/rejected-metacharacters/home/state/.wake-queue.lock.owner.XXXXXX
+1789354098.044190 fm-wake-lib.sh:539 ownerdir=/tmp/fm-pr-check-security.q7m8p0/rejected-metacharacters/home/state/.wake-queue.lock.owner.4U2CLq
+1789354098.044276 fm-wake-lib.sh:540 '[' -e /tmp/fm-pr-check-security.q7m8p0/rejected-metacharacters/home/state/.wake-queue.lock ']'
+1789354098.044314 fm-wake-lib.sh:540 '[' -L /tmp/fm-pr-check-security.q7m8p0/rejected-metacharacters/home/state/.wake-queue.lock ']'
+1789354098.044338 fm-wake-lib.sh:544 fm_lock_prepare_owner /tmp/fm-pr-check-security.q7m8p0/rejected-metacharacters/home/state/.wake-queue.lock.owner.4U2CLq
+1789354098.044395 fm-wake-lib.sh:462 local ownerdir=/tmp/fm-pr-check-security.q7m8p0/rejected-metacharacters/home/state/.wake-queue.lock.owner.4U2CLq mypid back
+1789354098.044420 fm-wake-lib.sh:463 fm_current_pid mypid
+1789354098.044451 fm-wake-lib.sh:38 local fm_pid
+1789354098.044497 fm-wake-lib.sh:39 fm_pid=2972488
+1789354098.044509 fm-wake-lib.sh:40 case "$fm_pid" in
+1789354098.044526 fm-wake-lib.sh:41 '[' 1 -gt 0 ']'
+1789354098.044542 fm-wake-lib.sh:42 printf -v mypid %s 2972488
+1789354098.044571 fm-wake-lib.sh:464 printf '%s\n' 2972488
++1789354098.045312 fm-wake-lib.sh:465 cat /tmp/fm-pr-check-security.q7m8p0/rejected-metacharacters/home/state/.wake-queue.lock.owner.4U2CLq/pid
+1789354098.050193 fm-wake-lib.sh:465 back=2972488
+1789354098.050266 fm-wake-lib.sh:466 '[' 2972488 = 2972488 ']'
+1789354098.050327 fm-wake-lib.sh:548 ln -s /tmp/fm-pr-check-security.q7m8p0/rejected-metacharacters/home/state/.wake-queue.lock.owner.4U2CLq /tmp/fm-pr-check-security.q7m8p0/rejected-metacharacters/home/state/.wake-queue.lock
+1789354098.055812 fm-wake-lib.sh:548 fm_lock_points_to_owner /tmp/fm-pr-check-security.q7m8p0/rejected-metacharacters/home/state/.wake-queue.lock /tmp/fm-pr-check-security.q7m8p0/rejected-metacharacters/home/state/.wake-queue.lock.owner.4U2CLq
+1789354098.055956 fm-wake-lib.sh:480 local lockdir=/tmp/fm-pr-check-security.q7m8p0/rejected-metacharacters/home/state/.wake-queue.lock ownerdir=/tmp/fm-pr-check-security.q7m8p0/rejected-metacharacters/home/state/.wake-queue.lock.owner.4U2CLq actual
++1789354098.056771 fm-wake-lib.sh:481 readlink /tmp/fm-pr-check-security.q7m8p0/rejected-metacharacters/home/state/.wake-queue.lock
+1789354098.062158 fm-wake-lib.sh:481 actual=/tmp/fm-pr-check-security.q7m8p0/rejected-metacharacters/home/state/.wake-queue.lock.owner.4U2CLq
+1789354098.062241 fm-wake-lib.sh:482 '[' /tmp/fm-pr-check-security.q7m8p0/rejected-metacharacters/home/state/.wake-queue.lock.owner.4U2CLq = /tmp/fm-pr-check-security.q7m8p0/rejected-metacharacters/home/state/.wake-queue.lock.owner.4U2CLq ']'
+1789354098.062310 fm-wake-lib.sh:549 fm_lock_claim /tmp/fm-pr-check-security.q7m8p0/rejected-metacharacters/home/state/.wake-queue.lock /tmp/fm-pr-check-security.q7m8p0/rejected-metacharacters/home/state/.wake-queue.lock.owner.4U2CLq ''
+1789354098.062361 fm-wake-lib.sh:511 local lockdir=/tmp/fm-pr-check-security.q7m8p0/rejected-metacharacters/home/state/.wake-queue.lock ownerdir=/tmp/fm-pr-check-security.q7m8p0/rejected-metacharacters/home/state/.wake-queue.lock.owner.4U2CLq allowed_steal_owner= mypid back
+1789354098.062392 fm-wake-lib.sh:512 fm_current_pid mypid
+1789354098.062417 fm-wake-lib.sh:38 local fm_pid
+1789354098.062453 fm-wake-lib.sh:39 fm_pid=2972488
+1789354098.062464 fm-wake-lib.sh:40 case "$fm_pid" in
+1789354098.062481 fm-wake-lib.sh:41 '[' 1 -gt 0 ']'
+1789354098.062497 fm-wake-lib.sh:42 printf -v mypid %s 2972488
+1789354098.062546 fm-wake-lib.sh:513 printf '%s\n' 2972488
++1789354098.063391 fm-wake-lib.sh:517 cat /tmp/fm-pr-check-security.q7m8p0/rejected-metacharacters/home/state/.wake-queue.lock.owner.4U2CLq/pid
+1789354098.068612 fm-wake-lib.sh:517 back=2972488
+1789354098.068692 fm-wake-lib.sh:518 '[' 2972488 '!=' 2972488 ']'
+1789354098.068728 fm-wake-lib.sh:522 fm_lock_points_to_owner /tmp/fm-pr-check-security.q7m8p0/rejected-metacharacters/home/state/.wake-queue.lock /tmp/fm-pr-check-security.q7m8p0/rejected-metacharacters/home/state/.wake-queue.lock.owner.4U2CLq
+1789354098.068781 fm-wake-lib.sh:480 local lockdir=/tmp/fm-pr-check-security.q7m8p0/rejected-metacharacters/home/state/.wake-queue.lock ownerdir=/tmp/fm-pr-check-security.q7m8p0/rejected-metacharacters/home/state/.wake-queue.lock.owner.4U2CLq actual
++1789354098.069539 fm-wake-lib.sh:481 readlink /tmp/fm-pr-check-security.q7m8p0/rejected-metacharacters/home/state/.wake-queue.lock
+1789354098.074840 fm-wake-lib.sh:481 actual=/tmp/fm-pr-check-security.q7m8p0/rejected-metacharacters/home/state/.wake-queue.lock.owner.4U2CLq
+1789354098.074922 fm-wake-lib.sh:482 '[' /tmp/fm-pr-check-security.q7m8p0/rejected-metacharacters/home/state/.wake-queue.lock.owner.4U2CLq = /tmp/fm-pr-check-security.q7m8p0/rejected-metacharacters/home/state/.wake-queue.lock.owner.4U2CLq ']'
+1789354098.074983 fm-wake-lib.sh:526 fm_lock_claim_blocked_by_steal /tmp/fm-pr-check-security.q7m8p0/rejected-metacharacters/home/state/.wake-queue.lock ''
+1789354098.075019 fm-wake-lib.sh:501 local lockdir=/tmp/fm-pr-check-security.q7m8p0/rejected-metacharacters/home/state/.wake-queue.lock allowed_steal_owner= steal
+1789354098.075048 fm-wake-lib.sh:502 steal=/tmp/fm-pr-check-security.q7m8p0/rejected-metacharacters/home/state/.wake-queue.lock.steal
+1789354098.075064 fm-wake-lib.sh:503 '[' -e /tmp/fm-pr-check-security.q7m8p0/rejected-metacharacters/home/state/.wake-queue.lock.steal ']'
+1789354098.075094 fm-wake-lib.sh:503 '[' -L /tmp/fm-pr-check-security.q7m8p0/rejected-metacharacters/home/state/.wake-queue.lock.steal ']'
+1789354098.075109 fm-wake-lib.sh:503 return 1
+1789354098.075129 fm-wake-lib.sh:533 return 0
+1789354098.075166 fm-wake-lib.sh:550 FM_LOCK_OWNER_DIR=/tmp/fm-pr-check-security.q7m8p0/rejected-metacharacters/home/state/.wake-queue.lock.owner.4U2CLq
+1789354098.075180 fm-wake-lib.sh:551 return 0
+1789354098.075211 fm-wake-lib.sh:908 return 0
+1789354098.075279 fm-wake-lib.sh:774 fm_lock_acquire_wait /tmp/fm-pr-check-security.q7m8p0/rejected-metacharacters/home/state/.watcher-down.lock
+1789354098.075307 fm-wake-lib.sh:1002 local lockdir=/tmp/fm-pr-check-security.q7m8p0/rejected-metacharacters/home/state/.watcher-down.lock
+1789354098.075323 fm-wake-lib.sh:1003 fm_lock_try_acquire /tmp/fm-pr-check-security.q7m8p0/rejected-metacharacters/home/state/.watcher-down.lock
+1789354098.075381 fm-wake-lib.sh:902 local lockdir=/tmp/fm-pr-check-security.q7m8p0/rejected-metacharacters/home/state/.watcher-down.lock pid steal cur rc steal_owner primary_owner current
+1789354098.075404 fm-wake-lib.sh:903 FM_LOCK_HELD_PID=
+1789354098.075414 fm-wake-lib.sh:904 FM_LOCK_OWNER_DIR=
+1789354098.075429 fm-wake-lib.sh:905 FM_LOCK_RECOVERED_PID=
+1789354098.075444 fm-wake-lib.sh:907 fm_lock_try_create /tmp/fm-pr-check-security.q7m8p0/rejected-metacharacters/home/state/.watcher-down.lock
+1789354098.075477 fm-wake-lib.sh:537 local lockdir=/tmp/fm-pr-check-security.q7m8p0/rejected-metacharacters/home/state/.watcher-down.lock allowed_steal_owner= ownerdir
+1789354098.075493 fm-wake-lib.sh:538 FM_LOCK_OWNER_DIR=
++1789354098.076349 fm-wake-lib.sh:539 fm_lock_owner_dir /tmp/fm-pr-check-security.q7m8p0/rejected-metacharacters/home/state/.watcher-down.lock
++1789354098.076591 fm-wake-lib.sh:456 local lockdir=/tmp/fm-pr-check-security.q7m8p0/rejected-metacharacters/home/state/.watcher-down.lock lock_abs
+++1789354098.077483 fm-wake-lib.sh:457 fm_lock_abs_path /tmp/fm-pr-check-security.q7m8p0/rejected-metacharacters/home/state/.watcher-down.lock
+++1789354098.077657 fm-wake-lib.sh:448 local path=/tmp/fm-pr-check-security.q7m8p0/rejected-metacharacters/home/state/.watcher-down.lock dir base
++++1789354098.078338 fm-wake-lib.sh:449 dirname /tmp/fm-pr-check-security.q7m8p0/rejected-metacharacters/home/state/.watcher-down.lock
+++1789354098.082629 fm-wake-lib.sh:449 dir=/tmp/fm-pr-check-security.q7m8p0/rejected-metacharacters/home/state
++++1789354098.083476 fm-wake-lib.sh:450 basename /tmp/fm-pr-check-security.q7m8p0/rejected-metacharacters/home/state/.watcher-down.lock
+++1789354098.088224 fm-wake-lib.sh:450 base=.watcher-down.lock
++++1789354098.089155 fm-wake-lib.sh:451 cd /tmp/fm-pr-check-security.q7m8p0/rejected-metacharacters/home/state
++++1789354098.089410 fm-wake-lib.sh:451 pwd -P
+++1789354098.090449 fm-wake-lib.sh:451 dir=/tmp/fm-pr-check-security.q7m8p0/rejected-metacharacters/home/state
+++1789354098.090533 fm-wake-lib.sh:452 printf '%s/%s\n' /tmp/fm-pr-check-security.q7m8p0/rejected-metacharacters/home/state .watcher-down.lock
++1789354098.091273 fm-wake-lib.sh:457 lock_abs=/tmp/fm-pr-check-security.q7m8p0/rejected-metacharacters/home/state/.watcher-down.lock
++1789354098.091373 fm-wake-lib.sh:458 mktemp -d /tmp/fm-pr-check-security.q7m8p0/rejected-metacharacters/home/state/.watcher-down.lock.owner.XXXXXX
+1789354098.096049 fm-wake-lib.sh:539 ownerdir=/tmp/fm-pr-check-security.q7m8p0/rejected-metacharacters/home/state/.watcher-down.lock.owner.cief6n
+1789354098.096165 fm-wake-lib.sh:540 '[' -e /tmp/fm-pr-check-security.q7m8p0/rejected-metacharacters/home/state/.watcher-down.lock ']'
+1789354098.096206 fm-wake-lib.sh:540 '[' -L /tmp/fm-pr-check-security.q7m8p0/rejected-metacharacters/home/state/.watcher-down.lock ']'
+1789354098.096240 fm-wake-lib.sh:544 fm_lock_prepare_owner /tmp/fm-pr-check-security.q7m8p0/rejected-metacharacters/home/state/.watcher-down.lock.owner.cief6n
+1789354098.096289 fm-wake-lib.sh:462 local ownerdir=/tmp/fm-pr-check-security.q7m8p0/rejected-metacharacters/home/state/.watcher-down.lock.owner.cief6n mypid back
+1789354098.096313 fm-wake-lib.sh:463 fm_current_pid mypid
+1789354098.096342 fm-wake-lib.sh:38 local fm_pid
+1789354098.096378 fm-wake-lib.sh:39 fm_pid=2972488
+1789354098.096389 fm-wake-lib.sh:40 case "$fm_pid" in
+1789354098.096405 fm-wake-lib.sh:41 '[' 1 -gt 0 ']'
+1789354098.096422 fm-wake-lib.sh:42 printf -v mypid %s 2972488
+1789354098.096448 fm-wake-lib.sh:464 printf '%s\n' 2972488
++1789354098.097284 fm-wake-lib.sh:465 cat /tmp/fm-pr-check-security.q7m8p0/rejected-metacharacters/home/state/.watcher-down.lock.owner.cief6n/pid
+1789354098.102307 fm-wake-lib.sh:465 back=2972488
+1789354098.102394 fm-wake-lib.sh:466 '[' 2972488 = 2972488 ']'
+1789354098.102463 fm-wake-lib.sh:548 ln -s /tmp/fm-pr-check-security.q7m8p0/rejected-metacharacters/home/state/.watcher-down.lock.owner.cief6n /tmp/fm-pr-check-security.q7m8p0/rejected-metacharacters/home/state/.watcher-down.lock
+1789354098.106966 fm-wake-lib.sh:548 fm_lock_points_to_owner /tmp/fm-pr-check-security.q7m8p0/rejected-metacharacters/home/state/.watcher-down.lock /tmp/fm-pr-check-security.q7m8p0/rejected-metacharacters/home/state/.watcher-down.lock.owner.cief6n
+1789354098.107067 fm-wake-lib.sh:480 local lockdir=/tmp/fm-pr-check-security.q7m8p0/rejected-metacharacters/home/state/.watcher-down.lock ownerdir=/tmp/fm-pr-check-security.q7m8p0/rejected-metacharacters/home/state/.watcher-down.lock.owner.cief6n actual
++1789354098.107948 fm-wake-lib.sh:481 readlink /tmp/fm-pr-check-security.q7m8p0/rejected-metacharacters/home/state/.watcher-down.lock
+1789354098.112875 fm-wake-lib.sh:481 actual=/tmp/fm-pr-check-security.q7m8p0/rejected-metacharacters/home/state/.watcher-down.lock.owner.cief6n
+1789354098.112962 fm-wake-lib.sh:482 '[' /tmp/fm-pr-check-security.q7m8p0/rejected-metacharacters/home/state/.watcher-down.lock.owner.cief6n = /tmp/fm-pr-check-security.q7m8p0/rejected-metacharacters/home/state/.watcher-down.lock.owner.cief6n ']'
+1789354098.113029 fm-wake-lib.sh:549 fm_lock_claim /tmp/fm-pr-check-security.q7m8p0/rejected-metacharacters/home/state/.watcher-down.lock /tmp/fm-pr-check-security.q7m8p0/rejected-metacharacters/home/state/.watcher-down.lock.owner.cief6n ''
+1789354098.113082 fm-wake-lib.sh:511 local lockdir=/tmp/fm-pr-check-security.q7m8p0/rejected-metacharacters/home/state/.watcher-down.lock ownerdir=/tmp/fm-pr-check-security.q7m8p0/rejected-metacharacters/home/state/.watcher-down.lock.owner.cief6n allowed_steal_owner= mypid back
+1789354098.113110 fm-wake-lib.sh:512 fm_current_pid mypid
+1789354098.113134 fm-wake-lib.sh:38 local fm_pid
+1789354098.113167 fm-wake-lib.sh:39 fm_pid=2972488
+1789354098.113178 fm-wake-lib.sh:40 case "$fm_pid" in
+1789354098.113195 fm-wake-lib.sh:41 '[' 1 -gt 0 ']'
+1789354098.113211 fm-wake-lib.sh:42 printf -v mypid %s 2972488
+1789354098.113263 fm-wake-lib.sh:513 printf '%s\n' 2972488
++1789354098.114187 fm-wake-lib.sh:517 cat /tmp/fm-pr-check-security.q7m8p0/rejected-metacharacters/home/state/.watcher-down.lock.owner.cief6n/pid
+1789354098.118964 fm-wake-lib.sh:517 back=2972488
+1789354098.119059 fm-wake-lib.sh:518 '[' 2972488 '!=' 2972488 ']'
+1789354098.119097 fm-wake-lib.sh:522 fm_lock_points_to_owner /tmp/fm-pr-check-security.q7m8p0/rejected-metacharacters/home/state/.watcher-down.lock /tmp/fm-pr-check-security.q7m8p0/rejected-metacharacters/home/state/.watcher-down.lock.owner.cief6n
+1789354098.119153 fm-wake-lib.sh:480 local lockdir=/tmp/fm-pr-check-security.q7m8p0/rejected-metacharacters/home/state/.watcher-down.lock ownerdir=/tmp/fm-pr-check-security.q7m8p0/rejected-metacharacters/home/state/.watcher-down.lock.owner.cief6n actual
++1789354098.120052 fm-wake-lib.sh:481 readlink /tmp/fm-pr-check-security.q7m8p0/rejected-metacharacters/home/state/.watcher-down.lock
+1789354098.126507 fm-wake-lib.sh:481 actual=/tmp/fm-pr-check-security.q7m8p0/rejected-metacharacters/home/state/.watcher-down.lock.owner.cief6n
+1789354098.126627 fm-wake-lib.sh:482 '[' /tmp/fm-pr-check-security.q7m8p0/rejected-metacharacters/home/state/.watcher-down.lock.owner.cief6n = /tmp/fm-pr-check-security.q7m8p0/rejected-metacharacters/home/state/.watcher-down.lock.owner.cief6n ']'
+1789354098.126716 fm-wake-lib.sh:526 fm_lock_claim_blocked_by_steal /tmp/fm-pr-check-security.q7m8p0/rejected-metacharacters/home/state/.watcher-down.lock ''
+1789354098.126769 fm-wake-lib.sh:501 local lockdir=/tmp/fm-pr-check-security.q7m8p0/rejected-metacharacters/home/state/.watcher-down.lock allowed_steal_owner= steal
+1789354098.126811 fm-wake-lib.sh:502 steal=/tmp/fm-pr-check-security.q7m8p0/rejected-metacharacters/home/state/.watcher-down.lock.steal
+1789354098.126839 fm-wake-lib.sh:503 '[' -e /tmp/fm-pr-check-security.q7m8p0/rejected-metacharacters/home/state/.watcher-down.lock.steal ']'
+1789354098.126883 fm-wake-lib.sh:503 '[' -L /tmp/fm-pr-check-security.q7m8p0/rejected-metacharacters/home/state/.watcher-down.lock.steal ']'
+1789354098.126907 fm-wake-lib.sh:503 return 1
+1789354098.126939 fm-wake-lib.sh:533 return 0
+1789354098.126985 fm-wake-lib.sh:550 FM_LOCK_OWNER_DIR=/tmp/fm-pr-check-security.q7m8p0/rejected-metacharacters/home/state/.watcher-down.lock.owner.cief6n
+1789354098.127007 fm-wake-lib.sh:551 return 0
+1789354098.127051 fm-wake-lib.sh:908 return 0
+1789354098.127167 fm-wake-lib.sh:778 '[' '!' -e /tmp/fm-pr-check-security.q7m8p0/rejected-metacharacters/home/state/.watcher-down ']'
+1789354098.127213 fm-wake-lib.sh:778 '[' '!' -L /tmp/fm-pr-check-security.q7m8p0/rejected-metacharacters/home/state/.watcher-down ']'
+1789354098.127243 fm-wake-lib.sh:779 '[' -s /tmp/fm-pr-check-security.q7m8p0/rejected-metacharacters/home/state/.wake-queue ']'
+1789354098.127270 fm-wake-lib.sh:787 fm_lock_release /tmp/fm-pr-check-security.q7m8p0/rejected-metacharacters/home/state/.watcher-down.lock
+1789354098.127330 fm-wake-lib.sh:1098 local lockdir=/tmp/fm-pr-check-security.q7m8p0/rejected-metacharacters/home/state/.watcher-down.lock pid current ownerdir
+1789354098.127360 fm-wake-lib.sh:1099 fm_current_pid current
+1789354098.127391 fm-wake-lib.sh:38 local fm_pid
+1789354098.127439 fm-wake-lib.sh:39 fm_pid=2972488
+1789354098.127455 fm-wake-lib.sh:40 case "$fm_pid" in
+1789354098.127478 fm-wake-lib.sh:41 '[' 1 -gt 0 ']'
+1789354098.127500 fm-wake-lib.sh:42 printf -v current %s 2972488
+1789354098.127544 fm-wake-lib.sh:1100 '[' -L /tmp/fm-pr-check-security.q7m8p0/rejected-metacharacters/home/state/.watcher-down.lock ']'
++1789354098.128463 fm-wake-lib.sh:1101 fm_lock_link_owner /tmp/fm-pr-check-security.q7m8p0/rejected-metacharacters/home/state/.watcher-down.lock
++1789354098.128677 fm-wake-lib.sh:470 local lockdir=/tmp/fm-pr-check-security.q7m8p0/rejected-metacharacters/home/state/.watcher-down.lock owner
+++1789354098.129321 fm-wake-lib.sh:471 readlink /tmp/fm-pr-check-security.q7m8p0/rejected-metacharacters/home/state/.watcher-down.lock
++1789354098.133966 fm-wake-lib.sh:471 owner=/tmp/fm-pr-check-security.q7m8p0/rejected-metacharacters/home/state/.watcher-down.lock.owner.cief6n
++1789354098.134080 fm-wake-lib.sh:472 '[' -n /tmp/fm-pr-check-security.q7m8p0/rejected-metacharacters/home/state/.watcher-down.lock.owner.cief6n ']'
++1789354098.134105 fm-wake-lib.sh:473 case "$owner" in
++1789354098.134169 fm-wake-lib.sh:474 printf '%s\n' /tmp/fm-pr-check-security.q7m8p0/rejected-metacharacters/home/state/.watcher-down.lock.owner.cief6n
+1789354098.134811 fm-wake-lib.sh:1101 ownerdir=/tmp/fm-pr-check-security.q7m8p0/rejected-metacharacters/home/state/.watcher-down.lock.owner.cief6n
+1789354098.134872 fm-wake-lib.sh:1102 '[' -n /tmp/fm-pr-check-security.q7m8p0/rejected-metacharacters/home/state/.watcher-down.lock.owner.cief6n ']'
++1789354098.135744 fm-wake-lib.sh:1103 cat /tmp/fm-pr-check-security.q7m8p0/rejected-metacharacters/home/state/.watcher-down.lock.owner.cief6n/pid
+1789354098.141372 fm-wake-lib.sh:1103 pid=2972488
+1789354098.141486 fm-wake-lib.sh:1104 '[' 2972488 = 2972488 ']'
+1789354098.141541 fm-wake-lib.sh:1105 fm_lock_points_to_owner /tmp/fm-pr-check-security.q7m8p0/rejected-metacharacters/home/state/.watcher-down.lock /tmp/fm-pr-check-security.q7m8p0/rejected-metacharacters/home/state/.watcher-down.lock.owner.cief6n
+1789354098.141613 fm-wake-lib.sh:480 local lockdir=/tmp/fm-pr-check-security.q7m8p0/rejected-metacharacters/home/state/.watcher-down.lock ownerdir=/tmp/fm-pr-check-security.q7m8p0/rejected-metacharacters/home/state/.watcher-down.lock.owner.cief6n actual
++1789354098.142638 fm-wake-lib.sh:481 readlink /tmp/fm-pr-check-security.q7m8p0/rejected-metacharacters/home/state/.watcher-down.lock
+1789354098.147344 fm-wake-lib.sh:481 actual=/tmp/fm-pr-check-security.q7m8p0/rejected-metacharacters/home/state/.watcher-down.lock.owner.cief6n
+1789354098.147434 fm-wake-lib.sh:482 '[' /tmp/fm-pr-check-security.q7m8p0/rejected-metacharacters/home/state/.watcher-down.lock.owner.cief6n = /tmp/fm-pr-check-security.q7m8p0/rejected-metacharacters/home/state/.watcher-down.lock.owner.cief6n ']'
+1789354098.147501 fm-wake-lib.sh:1106 rm -f /tmp/fm-pr-check-security.q7m8p0/rejected-metacharacters/home/state/.watcher-down.lock
+1789354098.149569 fm-wake-lib.sh:1107 fm_lock_discard_owner /tmp/fm-pr-check-security.q7m8p0/rejected-metacharacters/home/state/.watcher-down.lock.owner.cief6n
+1789354098.149643 fm-wake-lib.sh:486 local ownerdir=/tmp/fm-pr-check-security.q7m8p0/rejected-metacharacters/home/state/.watcher-down.lock.owner.cief6n
+1789354098.149678 fm-wake-lib.sh:487 '[' -n /tmp/fm-pr-check-security.q7m8p0/rejected-metacharacters/home/state/.watcher-down.lock.owner.cief6n ']'
+1789354098.149704 fm-wake-lib.sh:488 fm_lock_clean_known_files /tmp/fm-pr-check-security.q7m8p0/rejected-metacharacters/home/state/.watcher-down.lock.owner.cief6n
+1789354098.149730 fm-wake-lib.sh:419 local lockdir=/tmp/fm-pr-check-security.q7m8p0/rejected-metacharacters/home/state/.watcher-down.lock.owner.cief6n
+1789354098.149773 fm-wake-lib.sh:420 rm -f /tmp/fm-pr-check-security.q7m8p0/rejected-metacharacters/home/state/.watcher-down.lock.owner.cief6n/pid /tmp/fm-pr-check-security.q7m8p0/rejected-metacharacters/home/state/.watcher-down.lock.owner.cief6n/fm-home /tmp/fm-pr-check-security.q7m8p0/rejected-metacharacters/home/state/.watcher-down.lock.owner.cief6n/pid-identity /tmp/fm-pr-check-security.q7m8p0/rejected-metacharacters/home/state/.watcher-down.lock.owner.cief6n/role /tmp/fm-pr-check-security.q7m8p0/rejected-metacharacters/home/state/.watcher-down.lock.owner.cief6n/watcher-path
+1789354098.151659 fm-wake-lib.sh:489 rmdir /tmp/fm-pr-check-security.q7m8p0/rejected-metacharacters/home/state/.watcher-down.lock.owner.cief6n
+1789354098.155643 fm-wake-lib.sh:1108 return 0
+1789354098.155734 fm-wake-lib.sh:788 fm_lock_release /tmp/fm-pr-check-security.q7m8p0/rejected-metacharacters/home/state/.wake-queue.lock
+1789354098.155807 fm-wake-lib.sh:1098 local lockdir=/tmp/fm-pr-check-security.q7m8p0/rejected-metacharacters/home/state/.wake-queue.lock pid current ownerdir
+1789354098.155835 fm-wake-lib.sh:1099 fm_current_pid current
+1789354098.155861 fm-wake-lib.sh:38 local fm_pid
+1789354098.155902 fm-wake-lib.sh:39 fm_pid=2972488
+1789354098.155913 fm-wake-lib.sh:40 case "$fm_pid" in
+1789354098.155929 fm-wake-lib.sh:41 '[' 1 -gt 0 ']'
+1789354098.155946 fm-wake-lib.sh:42 printf -v current %s 2972488
+1789354098.155973 fm-wake-lib.sh:1100 '[' -L /tmp/fm-pr-check-security.q7m8p0/rejected-metacharacters/home/state/.wake-queue.lock ']'
++1789354098.156806 fm-wake-lib.sh:1101 fm_lock_link_owner /tmp/fm-pr-check-security.q7m8p0/rejected-metacharacters/home/state/.wake-queue.lock
++1789354098.157019 fm-wake-lib.sh:470 local lockdir=/tmp/fm-pr-check-security.q7m8p0/rejected-metacharacters/home/state/.wake-queue.lock owner
+++1789354098.157749 fm-wake-lib.sh:471 readlink /tmp/fm-pr-check-security.q7m8p0/rejected-metacharacters/home/state/.wake-queue.lock
++1789354098.162598 fm-wake-lib.sh:471 owner=/tmp/fm-pr-check-security.q7m8p0/rejected-metacharacters/home/state/.wake-queue.lock.owner.4U2CLq
++1789354098.162690 fm-wake-lib.sh:472 '[' -n /tmp/fm-pr-check-security.q7m8p0/rejected-metacharacters/home/state/.wake-queue.lock.owner.4U2CLq ']'
++1789354098.162716 fm-wake-lib.sh:473 case "$owner" in
++1789354098.162744 fm-wake-lib.sh:474 printf '%s\n' /tmp/fm-pr-check-security.q7m8p0/rejected-metacharacters/home/state/.wake-queue.lock.owner.4U2CLq
+1789354098.163335 fm-wake-lib.sh:1101 ownerdir=/tmp/fm-pr-check-security.q7m8p0/rejected-metacharacters/home/state/.wake-queue.lock.owner.4U2CLq
+1789354098.163401 fm-wake-lib.sh:1102 '[' -n /tmp/fm-pr-check-security.q7m8p0/rejected-metacharacters/home/state/.wake-queue.lock.owner.4U2CLq ']'
++1789354098.164150 fm-wake-lib.sh:1103 cat /tmp/fm-pr-check-security.q7m8p0/rejected-metacharacters/home/state/.wake-queue.lock.owner.4U2CLq/pid
+1789354098.170173 fm-wake-lib.sh:1103 pid=2972488
+1789354098.170258 fm-wake-lib.sh:1104 '[' 2972488 = 2972488 ']'
+1789354098.170296 fm-wake-lib.sh:1105 fm_lock_points_to_owner /tmp/fm-pr-check-security.q7m8p0/rejected-metacharacters/home/state/.wake-queue.lock /tmp/fm-pr-check-security.q7m8p0/rejected-metacharacters/home/state/.wake-queue.lock.owner.4U2CLq
+1789354098.170343 fm-wake-lib.sh:480 local lockdir=/tmp/fm-pr-check-security.q7m8p0/rejected-metacharacters/home/state/.wake-queue.lock ownerdir=/tmp/fm-pr-check-security.q7m8p0/rejected-metacharacters/home/state/.wake-queue.lock.owner.4U2CLq actual
++1789354098.171050 fm-wake-lib.sh:481 readlink /tmp/fm-pr-check-security.q7m8p0/rejected-metacharacters/home/state/.wake-queue.lock
+1789354098.176022 fm-wake-lib.sh:481 actual=/tmp/fm-pr-check-security.q7m8p0/rejected-metacharacters/home/state/.wake-queue.lock.owner.4U2CLq
+1789354098.176115 fm-wake-lib.sh:482 '[' /tmp/fm-pr-check-security.q7m8p0/rejected-metacharacters/home/state/.wake-queue.lock.owner.4U2CLq = /tmp/fm-pr-check-security.q7m8p0/rejected-metacharacters/home/state/.wake-queue.lock.owner.4U2CLq ']'
+1789354098.176174 fm-wake-lib.sh:1106 rm -f /tmp/fm-pr-check-security.q7m8p0/rejected-metacharacters/home/state/.wake-queue.lock
+1789354098.178192 fm-wake-lib.sh:1107 fm_lock_discard_owner /tmp/fm-pr-check-security.q7m8p0/rejected-metacharacters/home/state/.wake-queue.lock.owner.4U2CLq
+1789354098.178284 fm-wake-lib.sh:486 local ownerdir=/tmp/fm-pr-check-security.q7m8p0/rejected-metacharacters/home/state/.wake-queue.lock.owner.4U2CLq
+1789354098.178322 fm-wake-lib.sh:487 '[' -n /tmp/fm-pr-check-security.q7m8p0/rejected-metacharacters/home/state/.wake-queue.lock.owner.4U2CLq ']'
+1789354098.178342 fm-wake-lib.sh:488 fm_lock_clean_known_files /tmp/fm-pr-check-security.q7m8p0/rejected-metacharacters/home/state/.wake-queue.lock.owner.4U2CLq
+1789354098.178367 fm-wake-lib.sh:419 local lockdir=/tmp/fm-pr-check-security.q7m8p0/rejected-metacharacters/home/state/.wake-queue.lock.owner.4U2CLq
+1789354098.178414 fm-wake-lib.sh:420 rm -f /tmp/fm-pr-check-security.q7m8p0/rejected-metacharacters/home/state/.wake-queue.lock.owner.4U2CLq/pid /tmp/fm-pr-check-security.q7m8p0/rejected-metacharacters/home/state/.wake-queue.lock.owner.4U2CLq/fm-home /tmp/fm-pr-check-security.q7m8p0/rejected-metacharacters/home/state/.wake-queue.lock.owner.4U2CLq/pid-identity /tmp/fm-pr-check-security.q7m8p0/rejected-metacharacters/home/state/.wake-queue.lock.owner.4U2CLq/role /tmp/fm-pr-check-security.q7m8p0/rejected-metacharacters/home/state/.wake-queue.lock.owner.4U2CLq/watcher-path
+1789354098.180240 fm-wake-lib.sh:489 rmdir /tmp/fm-pr-check-security.q7m8p0/rejected-metacharacters/home/state/.wake-queue.lock.owner.4U2CLq
+1789354098.184970 fm-wake-lib.sh:1108 return 0
+1789354098.185090 fm-wake-lib.sh:789 return 0
+1789354098.185256 fm-watch.sh:1923 '[' none = recover ']'
+1789354098.185276 fm-watch.sh:1923 return 0
+1789354098.185316 fm-watch.sh:1990 inactive_out=
++1789354098.186819 fm-watch.sh:1992 FM_HOME=/tmp/fm-pr-check-security.q7m8p0/rejected-metacharacters/home
++1789354098.187038 fm-watch.sh:1992 FM_STATE_OVERRIDE=/tmp/fm-pr-check-security.q7m8p0/rejected-metacharacters/home/state
++1789354098.187064 fm-watch.sh:1992 /tmp/fm-target-99f67cc/bin/fm-inactive-reconcile.sh scan
+1789354098.779887 fm-watch.sh:1992 inactive_out=
+1789354098.779982 fm-watch.sh:1993 '[' -n '' ']'
++1789354098.780949 fm-watch.sh:2007 age_of /tmp/fm-pr-check-security.q7m8p0/rejected-metacharacters/home/state/.last-check
++1789354098.781292 fm-watch.sh:1362 local f=/tmp/fm-pr-check-security.q7m8p0/rejected-metacharacters/home/state/.last-check m now
+++1789354098.781903 fm-watch.sh:1363 stat_mtime /tmp/fm-pr-check-security.q7m8p0/rejected-metacharacters/home/state/.last-check
+++1789354098.782190 fm-watch.sh:199 stat -c %Y /tmp/fm-pr-check-security.q7m8p0/rejected-metacharacters/home/state/.last-check
++1789354098.787661 fm-watch.sh:1363 m=
++1789354098.787756 fm-watch.sh:1363 echo 999999
++1789354098.787822 fm-watch.sh:1363 return
+1789354098.788507 fm-watch.sh:2007 '[' 999999 -ge 0 ']'
+1789354098.788583 fm-watch.sh:2008 rejected_checks=
+1789354098.788684 fm-watch.sh:2009 for c in "$STATE"/*.check.sh
+1789354098.788716 fm-watch.sh:2010 '[' -e /tmp/fm-pr-check-security.q7m8p0/rejected-metacharacters/home/state/safe-check.check.sh ']'
+1789354098.788738 fm-watch.sh:2011 is_pr_poll=0
++1789354098.789610 fm-watch.sh:2012 basename /tmp/fm-pr-check-security.q7m8p0/rejected-metacharacters/home/state/safe-check.check.sh
+1789354098.793865 fm-watch.sh:2012 '[' safe-check.check.sh = x-watch.check.sh ']'
++1789354098.794761 fm-watch.sh:2022 basename /tmp/fm-pr-check-security.q7m8p0/rejected-metacharacters/home/state/safe-check.check.sh .check.sh
+1789354098.799204 fm-watch.sh:2022 id=safe-check
+1789354098.799311 fm-watch.sh:2023 fm_pr_poll_snapshot_capture /tmp/fm-pr-check-security.q7m8p0/rejected-metacharacters/home/state safe-check /tmp/fm-target-99f67cc/bin/fm-pr-poll.sh
+1789354098.799400 fm-pr-lib.sh:620 local state=/tmp/fm-pr-check-security.q7m8p0/rejected-metacharacters/home/state id=safe-check template=/tmp/fm-target-99f67cc/bin/fm-pr-poll.sh registration
+1789354098.799440 fm-pr-lib.sh:621 fm_pr_poll_artifacts_valid /tmp/fm-pr-check-security.q7m8p0/rejected-metacharacters/home/state safe-check /tmp/fm-target-99f67cc/bin/fm-pr-poll.sh
+1789354098.799531 fm-pr-lib.sh:581 local state=/tmp/fm-pr-check-security.q7m8p0/rejected-metacharacters/home/state id=safe-check template=/tmp/fm-target-99f67cc/bin/fm-pr-poll.sh state_device check data registration meta data_hash template_hash data_identity check_identity
+1789354098.799563 fm-pr-lib.sh:582 fm_pr_task_id_valid safe-check
+1789354098.799586 fm-pr-lib.sh:102 local id=safe-check
+1789354098.799598 fm-pr-lib.sh:103 fm_task_id_path_safe safe-check
+1789354098.799614 fm-pr-lib.sh:94 local id=safe-check
+1789354098.799625 fm-pr-lib.sh:95 local LC_ALL=C
+1789354098.799651 fm-pr-lib.sh:96 case "$id" in
+1789354098.799712 fm-pr-lib.sh:583 '[' -d /tmp/fm-pr-check-security.q7m8p0/rejected-metacharacters/home/state ']'
+1789354098.799744 fm-pr-lib.sh:583 '[' '!' -L /tmp/fm-pr-check-security.q7m8p0/rejected-metacharacters/home/state ']'
++1789354098.800625 fm-pr-lib.sh:584 fm_pr_file_device /tmp/fm-pr-check-security.q7m8p0/rejected-metacharacters/home/state
+++1789354098.801441 fm-pr-lib.sh:225 uname
++1789354098.806279 fm-pr-lib.sh:225 '[' Linux = Darwin ']'
++1789354098.806359 fm-pr-lib.sh:228 stat -c %d /tmp/fm-pr-check-security.q7m8p0/rejected-metacharacters/home/state
+1789354098.811375 fm-pr-lib.sh:584 state_device=74
+1789354098.811456 fm-pr-lib.sh:585 check=/tmp/fm-pr-check-security.q7m8p0/rejected-metacharacters/home/state/safe-check.check.sh
+1789354098.811476 fm-pr-lib.sh:586 data=/tmp/fm-pr-check-security.q7m8p0/rejected-metacharacters/home/state/safe-check.pr-poll
+1789354098.811502 fm-pr-lib.sh:587 registration=/tmp/fm-pr-check-security.q7m8p0/rejected-metacharacters/home/state/safe-check.pr-poll-registration
+1789354098.811524 fm-pr-lib.sh:588 meta=/tmp/fm-pr-check-security.q7m8p0/rejected-metacharacters/home/state/safe-check.meta
+1789354098.811544 fm-pr-lib.sh:589 fm_pr_private_file_valid /tmp/fm-pr-check-security.q7m8p0/rejected-metacharacters/home/state/safe-check.check.sh 600 74
+1789354098.811599 fm-pr-lib.sh:267 local path=/tmp/fm-pr-check-security.q7m8p0/rejected-metacharacters/home/state/safe-check.check.sh mode=600 device=74
+1789354098.811629 fm-pr-lib.sh:268 '[' -f /tmp/fm-pr-check-security.q7m8p0/rejected-metacharacters/home/state/safe-check.check.sh ']'
+1789354098.811659 fm-pr-lib.sh:268 '[' '!' -L /tmp/fm-pr-check-security.q7m8p0/rejected-metacharacters/home/state/safe-check.check.sh ']'
++1789354098.812513 fm-pr-lib.sh:269 fm_pr_file_mode /tmp/fm-pr-check-security.q7m8p0/rejected-metacharacters/home/state/safe-check.check.sh
+++1789354098.813415 fm-pr-lib.sh:217 uname
++1789354098.817750 fm-pr-lib.sh:217 '[' Linux = Darwin ']'
++1789354098.817850 fm-pr-lib.sh:220 stat -c %a /tmp/fm-pr-check-security.q7m8p0/rejected-metacharacters/home/state/safe-check.check.sh
+1789354098.823579 fm-pr-lib.sh:269 '[' 600 = 600 ']'
++1789354098.824657 fm-pr-lib.sh:270 fm_pr_file_device /tmp/fm-pr-check-security.q7m8p0/rejected-metacharacters/home/state/safe-check.check.sh
+++1789354098.825967 fm-pr-lib.sh:225 uname
++1789354098.832645 fm-pr-lib.sh:225 '[' Linux = Darwin ']'
++1789354098.832781 fm-pr-lib.sh:228 stat -c %d /tmp/fm-pr-check-security.q7m8p0/rejected-metacharacters/home/state/safe-check.check.sh
+1789354098.841738 fm-pr-lib.sh:270 '[' 74 = 74 ']'
++1789354098.842965 fm-pr-lib.sh:271 fm_pr_file_link_count /tmp/fm-pr-check-security.q7m8p0/rejected-metacharacters/home/state/safe-check.check.sh
+++1789354098.844060 fm-pr-lib.sh:233 uname
++1789354098.850655 fm-pr-lib.sh:233 '[' Linux = Darwin ']'
++1789354098.850783 fm-pr-lib.sh:236 stat -c %h /tmp/fm-pr-check-security.q7m8p0/rejected-metacharacters/home/state/safe-check.check.sh
+1789354098.857320 fm-pr-lib.sh:271 '[' 1 = 1 ']'
+1789354098.857537 fm-pr-lib.sh:590 fm_pr_private_file_valid /tmp/fm-pr-check-security.q7m8p0/rejected-metacharacters/home/state/safe-check.pr-poll 600 74
+1789354098.857602 fm-pr-lib.sh:267 local path=/tmp/fm-pr-check-security.q7m8p0/rejected-metacharacters/home/state/safe-check.pr-poll mode=600 device=74
+1789354098.857636 fm-pr-lib.sh:268 '[' -f /tmp/fm-pr-check-security.q7m8p0/rejected-metacharacters/home/state/safe-check.pr-poll ']'
+1789354098.857677 fm-pr-lib.sh:268 '[' '!' -L /tmp/fm-pr-check-security.q7m8p0/rejected-metacharacters/home/state/safe-check.pr-poll ']'
++1789354098.858626 fm-pr-lib.sh:269 fm_pr_file_mode /tmp/fm-pr-check-security.q7m8p0/rejected-metacharacters/home/state/safe-check.pr-poll
+++1789354098.859338 fm-pr-lib.sh:217 uname
++1789354098.863991 fm-pr-lib.sh:217 '[' Linux = Darwin ']'
++1789354098.864092 fm-pr-lib.sh:220 stat -c %a /tmp/fm-pr-check-security.q7m8p0/rejected-metacharacters/home/state/safe-check.pr-poll
+1789354098.869140 fm-pr-lib.sh:269 '[' 600 = 600 ']'
++1789354098.870116 fm-pr-lib.sh:270 fm_pr_file_device /tmp/fm-pr-check-security.q7m8p0/rejected-metacharacters/home/state/safe-check.pr-poll
+++1789354098.871095 fm-pr-lib.sh:225 uname
++1789354098.876740 fm-pr-lib.sh:225 '[' Linux = Darwin ']'
++1789354098.876870 fm-pr-lib.sh:228 stat -c %d /tmp/fm-pr-check-security.q7m8p0/rejected-metacharacters/home/state/safe-check.pr-poll
+1789354098.882402 fm-pr-lib.sh:270 '[' 74 = 74 ']'
++1789354098.883299 fm-pr-lib.sh:271 fm_pr_file_link_count /tmp/fm-pr-check-security.q7m8p0/rejected-metacharacters/home/state/safe-check.pr-poll
+++1789354098.884232 fm-pr-lib.sh:233 uname
++1789354098.888975 fm-pr-lib.sh:233 '[' Linux = Darwin ']'
++1789354098.889074 fm-pr-lib.sh:236 stat -c %h /tmp/fm-pr-check-security.q7m8p0/rejected-metacharacters/home/state/safe-check.pr-poll
+1789354098.895346 fm-pr-lib.sh:271 '[' 1 = 1 ']'
+1789354098.895471 fm-pr-lib.sh:591 fm_pr_private_file_valid /tmp/fm-pr-check-security.q7m8p0/rejected-metacharacters/home/state/safe-check.pr-poll-registration 600 74
+1789354098.895530 fm-pr-lib.sh:267 local path=/tmp/fm-pr-check-security.q7m8p0/rejected-metacharacters/home/state/safe-check.pr-poll-registration mode=600 device=74
+1789354098.895564 fm-pr-lib.sh:268 '[' -f /tmp/fm-pr-check-security.q7m8p0/rejected-metacharacters/home/state/safe-check.pr-poll-registration ']'
+1789354098.895594 fm-pr-lib.sh:268 '[' '!' -L /tmp/fm-pr-check-security.q7m8p0/rejected-metacharacters/home/state/safe-check.pr-poll-registration ']'
++1789354098.896422 fm-pr-lib.sh:269 fm_pr_file_mode /tmp/fm-pr-check-security.q7m8p0/rejected-metacharacters/home/state/safe-check.pr-poll-registration
+++1789354098.897191 fm-pr-lib.sh:217 uname
++1789354098.901716 fm-pr-lib.sh:217 '[' Linux = Darwin ']'
++1789354098.901818 fm-pr-lib.sh:220 stat -c %a /tmp/fm-pr-check-security.q7m8p0/rejected-metacharacters/home/state/safe-check.pr-poll-registration
+1789354098.907300 fm-pr-lib.sh:269 '[' 600 = 600 ']'
++1789354098.908175 fm-pr-lib.sh:270 fm_pr_file_device /tmp/fm-pr-check-security.q7m8p0/rejected-metacharacters/home/state/safe-check.pr-poll-registration
+++1789354098.909021 fm-pr-lib.sh:225 uname
++1789354098.913433 fm-pr-lib.sh:225 '[' Linux = Darwin ']'
++1789354098.913526 fm-pr-lib.sh:228 stat -c %d /tmp/fm-pr-check-security.q7m8p0/rejected-metacharacters/home/state/safe-check.pr-poll-registration
+1789354098.919046 fm-pr-lib.sh:270 '[' 74 = 74 ']'
++1789354098.920047 fm-pr-lib.sh:271 fm_pr_file_link_count /tmp/fm-pr-check-security.q7m8p0/rejected-metacharacters/home/state/safe-check.pr-poll-registration
+++1789354098.920778 fm-pr-lib.sh:233 uname
++1789354098.925541 fm-pr-lib.sh:233 '[' Linux = Darwin ']'
++1789354098.925648 fm-pr-lib.sh:236 stat -c %h /tmp/fm-pr-check-security.q7m8p0/rejected-metacharacters/home/state/safe-check.pr-poll-registration
+1789354098.930843 fm-pr-lib.sh:271 '[' 1 = 1 ']'
+1789354098.930952 fm-pr-lib.sh:592 '[' -f /tmp/fm-pr-check-security.q7m8p0/rejected-metacharacters/home/state/safe-check.meta ']'
+1789354098.930989 fm-pr-lib.sh:592 '[' '!' -L /tmp/fm-pr-check-security.q7m8p0/rejected-metacharacters/home/state/safe-check.meta ']'
++1789354098.931716 fm-pr-lib.sh:593 fm_pr_file_link_count /tmp/fm-pr-check-security.q7m8p0/rejected-metacharacters/home/state/safe-check.meta
+++1789354098.932471 fm-pr-lib.sh:233 uname
++1789354098.937500 fm-pr-lib.sh:233 '[' Linux = Darwin ']'
++1789354098.937592 fm-pr-lib.sh:236 stat -c %h /tmp/fm-pr-check-security.q7m8p0/rejected-metacharacters/home/state/safe-check.meta
+1789354098.942963 fm-pr-lib.sh:593 '[' 1 = 1 ']'
+1789354098.943044 fm-pr-lib.sh:594 cmp -s /tmp/fm-target-99f67cc/bin/fm-pr-poll.sh /tmp/fm-pr-check-security.q7m8p0/rejected-metacharacters/home/state/safe-check.check.sh
+1789354098.945033 fm-pr-lib.sh:595 fm_pr_poll_data_parse /tmp/fm-pr-check-security.q7m8p0/rejected-metacharacters/home/state/safe-check.pr-poll
+1789354098.945150 fm-pr-lib.sh:335 local file=/tmp/fm-pr-check-security.q7m8p0/rejected-metacharacters/home/state/safe-check.pr-poll provider url host path number
+1789354098.945183 fm-pr-lib.sh:336 FM_PR_DATA_PROVIDER=
+1789354098.945198 fm-pr-lib.sh:337 FM_PR_DATA_URL=
+1789354098.945208 fm-pr-lib.sh:338 FM_PR_DATA_HOST=
+1789354098.945218 fm-pr-lib.sh:339 FM_PR_DATA_PATH=
+1789354098.945229 fm-pr-lib.sh:340 FM_PR_DATA_NUMBER=
+1789354098.945244 fm-pr-lib.sh:341 '[' -f /tmp/fm-pr-check-security.q7m8p0/rejected-metacharacters/home/state/safe-check.pr-poll ']'
+1789354098.945273 fm-pr-lib.sh:341 '[' '!' -L /tmp/fm-pr-check-security.q7m8p0/rejected-metacharacters/home/state/safe-check.pr-poll ']'
+1789354098.945287 fm-pr-lib.sh:342 exec
+1789354098.945322 fm-pr-lib.sh:343 IFS=
+1789354098.945331 fm-pr-lib.sh:343 read -r provider
+1789354098.945364 fm-pr-lib.sh:344 IFS=
+1789354098.945372 fm-pr-lib.sh:344 read -r url
+1789354098.945390 fm-pr-lib.sh:345 IFS=
+1789354098.945396 fm-pr-lib.sh:345 read -r host
+1789354098.945412 fm-pr-lib.sh:346 IFS=
+1789354098.945419 fm-pr-lib.sh:346 read -r path
+1789354098.945434 fm-pr-lib.sh:347 IFS=
+1789354098.945441 fm-pr-lib.sh:347 read -r number
+1789354098.945456 fm-pr-lib.sh:348 IFS=
+1789354098.945462 fm-pr-lib.sh:348 read -r _extra
+1789354098.945480 fm-pr-lib.sh:352 exec
+1789354098.945494 fm-pr-lib.sh:353 fm_pr_url_parse https://github.com/o/r/pull/99
+1789354098.945543 fm-pr-lib.sh:169 local raw=https://github.com/o/r/pull/99 pattern host path
+1789354098.945562 fm-pr-lib.sh:170 local LC_ALL=C
+1789354098.945587 fm-pr-lib.sh:171 FM_PR_PROVIDER=
+1789354098.945599 fm-pr-lib.sh:172 FM_PR_URL=
+1789354098.945610 fm-pr-lib.sh:173 FM_PR_HOST=
+1789354098.945620 fm-pr-lib.sh:174 FM_PR_PATH=
+1789354098.945627 fm-pr-lib.sh:175 FM_PR_OWNER=
+1789354098.945635 fm-pr-lib.sh:176 FM_PR_REPO=
+1789354098.945643 fm-pr-lib.sh:177 FM_PR_NUMBER=
+1789354098.945658 fm-pr-lib.sh:178 pattern='^https://github\.com/([A-Za-z0-9]|[A-Za-z0-9][A-Za-z0-9-]{0,37}[A-Za-z0-9])/([A-Za-z0-9._-]{1,100})/pull/([1-9][0-9]*)$'
+1789354098.945674 fm-pr-lib.sh:179 [[ https://github.com/o/r/pull/99 =~ ^https://github\.com/([A-Za-z0-9]|[A-Za-z0-9][A-Za-z0-9-]{0,37}[A-Za-z0-9])/([A-Za-z0-9._-]{1,100})/pull/([1-9][0-9]*)$ ]]
+1789354098.946162 fm-pr-lib.sh:180 [[ o != *--* ]]
+1789354098.946184 fm-pr-lib.sh:181 '[' r '!=' . ']'
+1789354098.946198 fm-pr-lib.sh:181 '[' r '!=' .. ']'
+1789354098.946207 fm-pr-lib.sh:182 FM_PR_PROVIDER=github
+1789354098.946216 fm-pr-lib.sh:183 FM_PR_URL=https://github.com/o/r/pull/99
+1789354098.946225 fm-pr-lib.sh:184 FM_PR_HOST=github.com
+1789354098.946237 fm-pr-lib.sh:185 FM_PR_PATH=o/r
+1789354098.946247 fm-pr-lib.sh:188 FM_PR_OWNER=o
+1789354098.946255 fm-pr-lib.sh:190 FM_PR_REPO=r
+1789354098.946288 fm-pr-lib.sh:191 FM_PR_NUMBER=99
+1789354098.946302 fm-pr-lib.sh:192 return 0
+1789354098.946368 fm-pr-lib.sh:354 '[' github = github ']'
+1789354098.946386 fm-pr-lib.sh:355 '[' github.com = github.com ']'
+1789354098.946399 fm-pr-lib.sh:356 '[' o/r = o/r ']'
+1789354098.946410 fm-pr-lib.sh:357 '[' 99 = 99 ']'
+1789354098.946421 fm-pr-lib.sh:358 FM_PR_DATA_PROVIDER=github
+1789354098.946437 fm-pr-lib.sh:359 FM_PR_DATA_URL=https://github.com/o/r/pull/99
+1789354098.946453 fm-pr-lib.sh:360 FM_PR_DATA_HOST=github.com
+1789354098.946462 fm-pr-lib.sh:361 FM_PR_DATA_PATH=o/r
+1789354098.946472 fm-pr-lib.sh:362 FM_PR_DATA_NUMBER=99
++1789354098.947572 fm-pr-lib.sh:596 fm_pr_sha256 /tmp/fm-pr-check-security.q7m8p0/rejected-metacharacters/home/state/safe-check.pr-poll
++1789354098.947805 fm-pr-lib.sh:257 command -v shasum
++1789354098.948604 fm-pr-lib.sh:258 shasum -a 256 /tmp/fm-pr-check-security.q7m8p0/rejected-metacharacters/home/state/safe-check.pr-poll
++1789354098.948892 fm-pr-lib.sh:258 awk '{print $1}'
+1789354098.977471 fm-pr-lib.sh:596 data_hash=efb68e1603469fff3b15ca368ca6e2798f600d3d600366e6317a517628ebf8b4
++1789354098.978587 fm-pr-lib.sh:597 fm_pr_sha256 /tmp/fm-pr-check-security.q7m8p0/rejected-metacharacters/home/state/safe-check.check.sh
++1789354098.978861 fm-pr-lib.sh:257 command -v shasum
++1789354098.979644 fm-pr-lib.sh:258 shasum -a 256 /tmp/fm-pr-check-security.q7m8p0/rejected-metacharacters/home/state/safe-check.check.sh
++1789354098.979965 fm-pr-lib.sh:258 awk '{print $1}'
+1789354099.007954 fm-pr-lib.sh:597 template_hash=e87aae384ec62ae28f78a0779020f52f7b891ba0cafea2551b5a2c4e967870cf
++1789354099.008921 fm-pr-lib.sh:598 fm_pr_file_identity /tmp/fm-pr-check-security.q7m8p0/rejected-metacharacters/home/state/safe-check.pr-poll
++1789354099.009166 fm-pr-lib.sh:249 local device inode
+++1789354099.010070 fm-pr-lib.sh:250 fm_pr_file_device /tmp/fm-pr-check-security.q7m8p0/rejected-metacharacters/home/state/safe-check.pr-poll
++++1789354099.010958 fm-pr-lib.sh:225 uname
+++1789354099.015620 fm-pr-lib.sh:225 '[' Linux = Darwin ']'
+++1789354099.015715 fm-pr-lib.sh:228 stat -c %d /tmp/fm-pr-check-security.q7m8p0/rejected-metacharacters/home/state/safe-check.pr-poll
++1789354099.020872 fm-pr-lib.sh:250 device=74
+++1789354099.021735 fm-pr-lib.sh:251 fm_pr_file_inode /tmp/fm-pr-check-security.q7m8p0/rejected-metacharacters/home/state/safe-check.pr-poll
++++1789354099.022742 fm-pr-lib.sh:241 uname
+++1789354099.027931 fm-pr-lib.sh:241 '[' Linux = Darwin ']'
+++1789354099.028038 fm-pr-lib.sh:244 stat -c %i /tmp/fm-pr-check-security.q7m8p0/rejected-metacharacters/home/state/safe-check.pr-poll
++1789354099.033504 fm-pr-lib.sh:251 inode=475373
++1789354099.033606 fm-pr-lib.sh:252 '[' -n 74 ']'
++1789354099.033632 fm-pr-lib.sh:252 '[' -n 475373 ']'
++1789354099.033653 fm-pr-lib.sh:253 printf '%s:%s\n' 74 475373
+1789354099.034394 fm-pr-lib.sh:598 data_identity=74:475373
++1789354099.035291 fm-pr-lib.sh:599 fm_pr_file_identity /tmp/fm-pr-check-security.q7m8p0/rejected-metacharacters/home/state/safe-check.check.sh
++1789354099.035520 fm-pr-lib.sh:249 local device inode
+++1789354099.036293 fm-pr-lib.sh:250 fm_pr_file_device /tmp/fm-pr-check-security.q7m8p0/rejected-metacharacters/home/state/safe-check.check.sh
++++1789354099.037288 fm-pr-lib.sh:225 uname
+++1789354099.042196 fm-pr-lib.sh:225 '[' Linux = Darwin ']'
+++1789354099.042299 fm-pr-lib.sh:228 stat -c %d /tmp/fm-pr-check-security.q7m8p0/rejected-metacharacters/home/state/safe-check.check.sh
++1789354099.047802 fm-pr-lib.sh:250 device=74
+++1789354099.048756 fm-pr-lib.sh:251 fm_pr_file_inode /tmp/fm-pr-check-security.q7m8p0/rejected-metacharacters/home/state/safe-check.check.sh
++++1789354099.049676 fm-pr-lib.sh:241 uname
+++1789354099.054145 fm-pr-lib.sh:241 '[' Linux = Darwin ']'
+++1789354099.054251 fm-pr-lib.sh:244 stat -c %i /tmp/fm-pr-check-security.q7m8p0/rejected-metacharacters/home/state/safe-check.check.sh
++1789354099.060263 fm-pr-lib.sh:251 inode=475374
++1789354099.060369 fm-pr-lib.sh:252 '[' -n 74 ']'
++1789354099.060393 fm-pr-lib.sh:252 '[' -n 475374 ']'
++1789354099.060425 fm-pr-lib.sh:253 printf '%s:%s\n' 74 475374
+1789354099.061181 fm-pr-lib.sh:599 check_identity=74:475374
+1789354099.061275 fm-pr-lib.sh:600 fm_pr_poll_registration_parse /tmp/fm-pr-check-security.q7m8p0/rejected-metacharacters/home/state/safe-check.pr-poll-registration
+1789354099.061472 fm-pr-lib.sh:370 local file=/tmp/fm-pr-check-security.q7m8p0/rejected-metacharacters/home/state/safe-check.pr-poll-registration version id provider url host path number data_hash template_hash data_identity check_identity
+1789354099.061521 fm-pr-lib.sh:371 FM_PR_REG_ID=
+1789354099.061537 fm-pr-lib.sh:372 FM_PR_REG_PROVIDER=
+1789354099.061545 fm-pr-lib.sh:373 FM_PR_REG_URL=
+1789354099.061554 fm-pr-lib.sh:374 FM_PR_REG_HOST=
+1789354099.061562 fm-pr-lib.sh:375 FM_PR_REG_PATH=
+1789354099.061570 fm-pr-lib.sh:376 FM_PR_REG_NUMBER=
+1789354099.061578 fm-pr-lib.sh:377 FM_PR_REG_DATA_HASH=
+1789354099.061586 fm-pr-lib.sh:378 FM_PR_REG_TEMPLATE_HASH=
+1789354099.061597 fm-pr-lib.sh:379 FM_PR_REG_DATA_IDENTITY=
+1789354099.061605 fm-pr-lib.sh:380 FM_PR_REG_CHECK_IDENTITY=
+1789354099.061622 fm-pr-lib.sh:381 '[' -f /tmp/fm-pr-check-security.q7m8p0/rejected-metacharacters/home/state/safe-check.pr-poll-registration ']'
+1789354099.061657 fm-pr-lib.sh:381 '[' '!' -L /tmp/fm-pr-check-security.q7m8p0/rejected-metacharacters/home/state/safe-check.pr-poll-registration ']'
+1789354099.061671 fm-pr-lib.sh:382 exec
+1789354099.061707 fm-pr-lib.sh:383 IFS=
+1789354099.061715 fm-pr-lib.sh:383 read -r version
+1789354099.061750 fm-pr-lib.sh:384 IFS=
+1789354099.061758 fm-pr-lib.sh:384 read -r id
+1789354099.061776 fm-pr-lib.sh:385 IFS=
+1789354099.061783 fm-pr-lib.sh:385 read -r provider
+1789354099.061823 fm-pr-lib.sh:386 IFS=
+1789354099.061835 fm-pr-lib.sh:386 read -r url
+1789354099.061853 fm-pr-lib.sh:387 IFS=
+1789354099.061861 fm-pr-lib.sh:387 read -r host
+1789354099.061877 fm-pr-lib.sh:388 IFS=
+1789354099.061885 fm-pr-lib.sh:388 read -r path
+1789354099.061900 fm-pr-lib.sh:389 IFS=
+1789354099.061907 fm-pr-lib.sh:389 read -r number
+1789354099.062020 fm-pr-lib.sh:390 IFS=
+1789354099.062038 fm-pr-lib.sh:390 read -r data_hash
+1789354099.062061 fm-pr-lib.sh:391 IFS=
+1789354099.062069 fm-pr-lib.sh:391 read -r template_hash
+1789354099.062088 fm-pr-lib.sh:392 IFS=
+1789354099.062095 fm-pr-lib.sh:392 read -r data_identity
+1789354099.062112 fm-pr-lib.sh:393 IFS=
+1789354099.062118 fm-pr-lib.sh:393 read -r check_identity
+1789354099.062135 fm-pr-lib.sh:394 IFS=
+1789354099.062142 fm-pr-lib.sh:394 read -r _extra
+1789354099.062157 fm-pr-lib.sh:398 exec
+1789354099.062174 fm-pr-lib.sh:399 '[' fm-pr-poll-registration-v2 = fm-pr-poll-registration-v2 ']'
+1789354099.062187 fm-pr-lib.sh:400 fm_pr_task_id_valid safe-check
+1789354099.062220 fm-pr-lib.sh:102 local id=safe-check
+1789354099.062239 fm-pr-lib.sh:103 fm_task_id_path_safe safe-check
+1789354099.062269 fm-pr-lib.sh:94 local id=safe-check
+1789354099.062285 fm-pr-lib.sh:95 local LC_ALL=C
+1789354099.062318 fm-pr-lib.sh:96 case "$id" in
+1789354099.062380 fm-pr-lib.sh:401 fm_pr_url_parse https://github.com/o/r/pull/99
+1789354099.062425 fm-pr-lib.sh:169 local raw=https://github.com/o/r/pull/99 pattern host path
+1789354099.062441 fm-pr-lib.sh:170 local LC_ALL=C
+1789354099.062456 fm-pr-lib.sh:171 FM_PR_PROVIDER=
+1789354099.062468 fm-pr-lib.sh:172 FM_PR_URL=
+1789354099.062477 fm-pr-lib.sh:173 FM_PR_HOST=
+1789354099.062484 fm-pr-lib.sh:174 FM_PR_PATH=
+1789354099.062491 fm-pr-lib.sh:175 FM_PR_OWNER=
+1789354099.062498 fm-pr-lib.sh:176 FM_PR_REPO=
+1789354099.062505 fm-pr-lib.sh:177 FM_PR_NUMBER=
+1789354099.062523 fm-pr-lib.sh:178 pattern='^https://github\.com/([A-Za-z0-9]|[A-Za-z0-9][A-Za-z0-9-]{0,37}[A-Za-z0-9])/([A-Za-z0-9._-]{1,100})/pull/([1-9][0-9]*)$'
+1789354099.062536 fm-pr-lib.sh:179 [[ https://github.com/o/r/pull/99 =~ ^https://github\.com/([A-Za-z0-9]|[A-Za-z0-9][A-Za-z0-9-]{0,37}[A-Za-z0-9])/([A-Za-z0-9._-]{1,100})/pull/([1-9][0-9]*)$ ]]
+1789354099.062967 fm-pr-lib.sh:180 [[ o != *--* ]]
+1789354099.062991 fm-pr-lib.sh:181 '[' r '!=' . ']'
+1789354099.063006 fm-pr-lib.sh:181 '[' r '!=' .. ']'
+1789354099.063016 fm-pr-lib.sh:182 FM_PR_PROVIDER=github
+1789354099.063026 fm-pr-lib.sh:183 FM_PR_URL=https://github.com/o/r/pull/99
+1789354099.063035 fm-pr-lib.sh:184 FM_PR_HOST=github.com
+1789354099.063048 fm-pr-lib.sh:185 FM_PR_PATH=o/r
+1789354099.063060 fm-pr-lib.sh:188 FM_PR_OWNER=o
+1789354099.063075 fm-pr-lib.sh:190 FM_PR_REPO=r
+1789354099.063098 fm-pr-lib.sh:191 FM_PR_NUMBER=99
+1789354099.063113 fm-pr-lib.sh:192 return 0
+1789354099.063197 fm-pr-lib.sh:402 '[' github = github ']'
+1789354099.063225 fm-pr-lib.sh:403 '[' github.com = github.com ']'
+1789354099.063240 fm-pr-lib.sh:404 '[' o/r = o/r ']'
+1789354099.063253 fm-pr-lib.sh:405 '[' 99 = 99 ']'
+1789354099.063267 fm-pr-lib.sh:406 [[ efb68e1603469fff3b15ca368ca6e2798f600d3d600366e6317a517628ebf8b4 =~ ^[0-9a-f]{64}$ ]]
+1789354099.063401 fm-pr-lib.sh:407 [[ e87aae384ec62ae28f78a0779020f52f7b891ba0cafea2551b5a2c4e967870cf =~ ^[0-9a-f]{64}$ ]]
+1789354099.063516 fm-pr-lib.sh:408 [[ 74:475373 =~ ^[0-9]+:[0-9]+$ ]]
+1789354099.063558 fm-pr-lib.sh:409 [[ 74:475374 =~ ^[0-9]+:[0-9]+$ ]]
+1789354099.063593 fm-pr-lib.sh:410 FM_PR_REG_ID=safe-check
+1789354099.063605 fm-pr-lib.sh:411 FM_PR_REG_PROVIDER=github
+1789354099.063615 fm-pr-lib.sh:412 FM_PR_REG_URL=https://github.com/o/r/pull/99
+1789354099.063625 fm-pr-lib.sh:413 FM_PR_REG_HOST=github.com
+1789354099.063635 fm-pr-lib.sh:414 FM_PR_REG_PATH=o/r
+1789354099.063645 fm-pr-lib.sh:415 FM_PR_REG_NUMBER=99
+1789354099.063655 fm-pr-lib.sh:416 FM_PR_REG_DATA_HASH=efb68e1603469fff3b15ca368ca6e2798f600d3d600366e6317a517628ebf8b4
+1789354099.063668 fm-pr-lib.sh:417 FM_PR_REG_TEMPLATE_HASH=e87aae384ec62ae28f78a0779020f52f7b891ba0cafea2551b5a2c4e967870cf
+1789354099.063679 fm-pr-lib.sh:418 FM_PR_REG_DATA_IDENTITY=74:475373
+1789354099.063690 fm-pr-lib.sh:419 FM_PR_REG_CHECK_IDENTITY=74:475374
+1789354099.063763 fm-pr-lib.sh:601 '[' safe-check = safe-check ']'
+1789354099.063783 fm-pr-lib.sh:602 '[' github = github ']'
+1789354099.063797 fm-pr-lib.sh:603 '[' https://github.com/o/r/pull/99 = https://github.com/o/r/pull/99 ']'
+1789354099.063810 fm-pr-lib.sh:604 '[' github.com = github.com ']'
+1789354099.063824 fm-pr-lib.sh:605 '[' o/r = o/r ']'
+1789354099.063836 fm-pr-lib.sh:606 '[' 99 = 99 ']'
+1789354099.063850 fm-pr-lib.sh:607 '[' efb68e1603469fff3b15ca368ca6e2798f600d3d600366e6317a517628ebf8b4 = efb68e1603469fff3b15ca368ca6e2798f600d3d600366e6317a517628ebf8b4 ']'
+1789354099.063867 fm-pr-lib.sh:608 '[' e87aae384ec62ae28f78a0779020f52f7b891ba0cafea2551b5a2c4e967870cf = e87aae384ec62ae28f78a0779020f52f7b891ba0cafea2551b5a2c4e967870cf ']'
+1789354099.063881 fm-pr-lib.sh:609 '[' 74:475373 = 74:475373 ']'
+1789354099.063896 fm-pr-lib.sh:610 '[' 74:475374 = 74:475374 ']'
+1789354099.063911 fm-pr-lib.sh:611 fm_pr_metadata_identity_parse /tmp/fm-pr-check-security.q7m8p0/rejected-metacharacters/home/state/safe-check.meta
+1789354099.063949 fm-pr-lib.sh:289 local file=/tmp/fm-pr-check-security.q7m8p0/rejected-metacharacters/home/state/safe-check.meta line value pr_count=0 seen_pr=0 post_pr_invalid=0
+1789354099.063972 fm-pr-lib.sh:290 FM_PR_META_PROVIDER=
+1789354099.063981 fm-pr-lib.sh:291 FM_PR_META_URL=
+1789354099.063990 fm-pr-lib.sh:292 FM_PR_META_HOST=
+1789354099.063998 fm-pr-lib.sh:293 FM_PR_META_PATH=
+1789354099.064006 fm-pr-lib.sh:294 FM_PR_META_NUMBER=
+1789354099.064018 fm-pr-lib.sh:295 '[' -f /tmp/fm-pr-check-security.q7m8p0/rejected-metacharacters/home/state/safe-check.meta ']'
+1789354099.064053 fm-pr-lib.sh:295 '[' '!' -L /tmp/fm-pr-check-security.q7m8p0/rejected-metacharacters/home/state/safe-check.meta ']'
++1789354099.065117 fm-pr-lib.sh:296 fm_pr_file_link_count /tmp/fm-pr-check-security.q7m8p0/rejected-metacharacters/home/state/safe-check.meta
+++1789354099.066220 fm-pr-lib.sh:233 uname
++1789354099.071007 fm-pr-lib.sh:233 '[' Linux = Darwin ']'
++1789354099.071171 fm-pr-lib.sh:236 stat -c %h /tmp/fm-pr-check-security.q7m8p0/rejected-metacharacters/home/state/safe-check.meta
+1789354099.076343 fm-pr-lib.sh:296 '[' 1 = 1 ']'
+1789354099.076474 fm-pr-lib.sh:297 IFS=
+1789354099.076493 fm-pr-lib.sh:297 read -r line
+1789354099.076524 fm-pr-lib.sh:298 case "$line" in
+1789354099.076551 fm-pr-lib.sh:321 '[' 0 -eq 0 ']'
+1789354099.076566 fm-pr-lib.sh:297 IFS=
+1789354099.076588 fm-pr-lib.sh:297 read -r line
+1789354099.076610 fm-pr-lib.sh:298 case "$line" in
+1789354099.076638 fm-pr-lib.sh:300 pr_count=1
+1789354099.076654 fm-pr-lib.sh:301 '[' 1 -eq 1 ']'
+1789354099.076676 fm-pr-lib.sh:302 value=https://github.com/o/r/pull/99
+1789354099.076691 fm-pr-lib.sh:303 fm_pr_url_parse https://github.com/o/r/pull/99
+1789354099.076786 fm-pr-lib.sh:169 local raw=https://github.com/o/r/pull/99 pattern host path
+1789354099.076811 fm-pr-lib.sh:170 local LC_ALL=C
+1789354099.076834 fm-pr-lib.sh:171 FM_PR_PROVIDER=
+1789354099.076857 fm-pr-lib.sh:172 FM_PR_URL=
+1789354099.076866 fm-pr-lib.sh:173 FM_PR_HOST=
+1789354099.076873 fm-pr-lib.sh:174 FM_PR_PATH=
+1789354099.076882 fm-pr-lib.sh:175 FM_PR_OWNER=
+1789354099.076889 fm-pr-lib.sh:176 FM_PR_REPO=
+1789354099.076897 fm-pr-lib.sh:177 FM_PR_NUMBER=
+1789354099.076911 fm-pr-lib.sh:178 pattern='^https://github\.com/([A-Za-z0-9]|[A-Za-z0-9][A-Za-z0-9-]{0,37}[A-Za-z0-9])/([A-Za-z0-9._-]{1,100})/pull/([1-9][0-9]*)$'
+1789354099.076928 fm-pr-lib.sh:179 [[ https://github.com/o/r/pull/99 =~ ^https://github\.com/([A-Za-z0-9]|[A-Za-z0-9][A-Za-z0-9-]{0,37}[A-Za-z0-9])/([A-Za-z0-9._-]{1,100})/pull/([1-9][0-9]*)$ ]]
+1789354099.077324 fm-pr-lib.sh:180 [[ o != *--* ]]
+1789354099.077341 fm-pr-lib.sh:181 '[' r '!=' . ']'
+1789354099.077355 fm-pr-lib.sh:181 '[' r '!=' .. ']'
+1789354099.077364 fm-pr-lib.sh:182 FM_PR_PROVIDER=github
+1789354099.077373 fm-pr-lib.sh:183 FM_PR_URL=https://github.com/o/r/pull/99
+1789354099.077381 fm-pr-lib.sh:184 FM_PR_HOST=github.com
+1789354099.077393 fm-pr-lib.sh:185 FM_PR_PATH=o/r
+1789354099.077403 fm-pr-lib.sh:188 FM_PR_OWNER=o
+1789354099.077412 fm-pr-lib.sh:190 FM_PR_REPO=r
+1789354099.077421 fm-pr-lib.sh:191 FM_PR_NUMBER=99
+1789354099.077429 fm-pr-lib.sh:192 return 0
+1789354099.077489 fm-pr-lib.sh:304 FM_PR_META_PROVIDER=github
+1789354099.077503 fm-pr-lib.sh:305 FM_PR_META_URL=https://github.com/o/r/pull/99
+1789354099.077514 fm-pr-lib.sh:306 FM_PR_META_HOST=github.com
+1789354099.077524 fm-pr-lib.sh:307 FM_PR_META_PATH=o/r
+1789354099.077533 fm-pr-lib.sh:308 FM_PR_META_NUMBER=99
+1789354099.077543 fm-pr-lib.sh:310 seen_pr=1
+1789354099.077556 fm-pr-lib.sh:297 IFS=
+1789354099.077564 fm-pr-lib.sh:297 read -r line
+1789354099.077582 fm-pr-lib.sh:297 '[' -n '' ']'
+1789354099.077603 fm-pr-lib.sh:325 '[' 1 -eq 1 ']'
+1789354099.077615 fm-pr-lib.sh:326 '[' 0 -eq 0 ']'
+1789354099.077628 fm-pr-lib.sh:327 '[' -n https://github.com/o/r/pull/99 ']'
+1789354099.077689 fm-pr-lib.sh:612 '[' github = github ']'
+1789354099.077708 fm-pr-lib.sh:613 '[' https://github.com/o/r/pull/99 = https://github.com/o/r/pull/99 ']'
+1789354099.077720 fm-pr-lib.sh:614 '[' github.com = github.com ']'
+1789354099.077732 fm-pr-lib.sh:615 '[' o/r = o/r ']'
+1789354099.077744 fm-pr-lib.sh:616 '[' 99 = 99 ']'
+1789354099.077834 fm-pr-lib.sh:622 registration=/tmp/fm-pr-check-security.q7m8p0/rejected-metacharacters/home/state/safe-check.pr-poll-registration
++1789354099.078934 fm-pr-lib.sh:623 fm_pr_sha256 /tmp/fm-pr-check-security.q7m8p0/rejected-metacharacters/home/state/safe-check.pr-poll-registration
++1789354099.079464 fm-pr-lib.sh:257 command -v shasum
++1789354099.080438 fm-pr-lib.sh:258 shasum -a 256 /tmp/fm-pr-check-security.q7m8p0/rejected-metacharacters/home/state/safe-check.pr-poll-registration
++1789354099.080729 fm-pr-lib.sh:258 awk '{print $1}'
+1789354099.110747 fm-pr-lib.sh:623 FM_PR_POLL_SNAPSHOT_REG_HASH=6cf2d556ab639280104f3f7bfc55aae215df77d60e4f8da1b7cdb1c958785453
++1789354099.111959 fm-pr-lib.sh:624 fm_pr_file_identity /tmp/fm-pr-check-security.q7m8p0/rejected-metacharacters/home/state/safe-check.pr-poll-registration
++1789354099.112347 fm-pr-lib.sh:249 local device inode
+++1789354099.113242 fm-pr-lib.sh:250 fm_pr_file_device /tmp/fm-pr-check-security.q7m8p0/rejected-metacharacters/home/state/safe-check.pr-poll-registration
++++1789354099.114356 fm-pr-lib.sh:225 uname
+++1789354099.119188 fm-pr-lib.sh:225 '[' Linux = Darwin ']'
+++1789354099.119304 fm-pr-lib.sh:228 stat -c %d /tmp/fm-pr-check-security.q7m8p0/rejected-metacharacters/home/state/safe-check.pr-poll-registration
++1789354099.124341 fm-pr-lib.sh:250 device=74
+++1789354099.125330 fm-pr-lib.sh:251 fm_pr_file_inode /tmp/fm-pr-check-security.q7m8p0/rejected-metacharacters/home/state/safe-check.pr-poll-registration
++++1789354099.126367 fm-pr-lib.sh:241 uname
+++1789354099.131047 fm-pr-lib.sh:241 '[' Linux = Darwin ']'
+++1789354099.131146 fm-pr-lib.sh:244 stat -c %i /tmp/fm-pr-check-security.q7m8p0/rejected-metacharacters/home/state/safe-check.pr-poll-registration
++1789354099.136321 fm-pr-lib.sh:251 inode=475375
++1789354099.136434 fm-pr-lib.sh:252 '[' -n 74 ']'
++1789354099.136460 fm-pr-lib.sh:252 '[' -n 475375 ']'
++1789354099.136488 fm-pr-lib.sh:253 printf '%s:%s\n' 74 475375
+1789354099.137352 fm-pr-lib.sh:624 FM_PR_POLL_SNAPSHOT_REG_IDENTITY=74:475375
+1789354099.137437 fm-pr-lib.sh:625 FM_PR_POLL_SNAPSHOT_ID=safe-check
+1789354099.137464 fm-pr-lib.sh:626 FM_PR_POLL_SNAPSHOT_PROVIDER=github
+1789354099.137482 fm-pr-lib.sh:627 FM_PR_POLL_SNAPSHOT_URL=https://github.com/o/r/pull/99
+1789354099.137503 fm-pr-lib.sh:628 FM_PR_POLL_SNAPSHOT_HOST=github.com
+1789354099.137521 fm-pr-lib.sh:629 FM_PR_POLL_SNAPSHOT_PATH=o/r
+1789354099.137539 fm-pr-lib.sh:630 FM_PR_POLL_SNAPSHOT_NUMBER=99
+1789354099.137559 fm-pr-lib.sh:631 FM_PR_POLL_SNAPSHOT_DATA_HASH=efb68e1603469fff3b15ca368ca6e2798f600d3d600366e6317a517628ebf8b4
+1789354099.137574 fm-pr-lib.sh:632 FM_PR_POLL_SNAPSHOT_TEMPLATE_HASH=e87aae384ec62ae28f78a0779020f52f7b891ba0cafea2551b5a2c4e967870cf
+1789354099.137589 fm-pr-lib.sh:633 FM_PR_POLL_SNAPSHOT_DATA_IDENTITY=74:475373
+1789354099.137602 fm-pr-lib.sh:634 FM_PR_POLL_SNAPSHOT_CHECK_IDENTITY=74:475374
+1789354099.137702 fm-watch.sh:2024 is_pr_poll=1
+1789354099.137799 fm-watch.sh:2025 provider=github
+1789354099.137811 fm-watch.sh:2026 url=https://github.com/o/r/pull/99
+1789354099.137826 fm-watch.sh:2027 host=github.com
+1789354099.137835 fm-watch.sh:2028 path=o/r
+1789354099.137843 fm-watch.sh:2029 number=99
+1789354099.137868 fm-watch.sh:2030 PR_POLL_CONTROL_LOCK=/tmp/fm-pr-check-security.q7m8p0/rejected-metacharacters/home/state/.control-safe-check.lock
+1789354099.137888 fm-watch.sh:2031 fm_lock_acquire_wait /tmp/fm-pr-check-security.q7m8p0/rejected-metacharacters/home/state/.control-safe-check.lock
+1789354099.137968 fm-wake-lib.sh:1002 local lockdir=/tmp/fm-pr-check-security.q7m8p0/rejected-metacharacters/home/state/.control-safe-check.lock
+1789354099.138007 fm-wake-lib.sh:1003 fm_lock_try_acquire /tmp/fm-pr-check-security.q7m8p0/rejected-metacharacters/home/state/.control-safe-check.lock
+1789354099.138134 fm-wake-lib.sh:902 local lockdir=/tmp/fm-pr-check-security.q7m8p0/rejected-metacharacters/home/state/.control-safe-check.lock pid steal cur rc steal_owner primary_owner current
+1789354099.138160 fm-wake-lib.sh:903 FM_LOCK_HELD_PID=
+1789354099.138172 fm-wake-lib.sh:904 FM_LOCK_OWNER_DIR=
+1789354099.138182 fm-wake-lib.sh:905 FM_LOCK_RECOVERED_PID=
+1789354099.138196 fm-wake-lib.sh:907 fm_lock_try_create /tmp/fm-pr-check-security.q7m8p0/rejected-metacharacters/home/state/.control-safe-check.lock
+1789354099.138242 fm-wake-lib.sh:537 local lockdir=/tmp/fm-pr-check-security.q7m8p0/rejected-metacharacters/home/state/.control-safe-check.lock allowed_steal_owner= ownerdir
+1789354099.138258 fm-wake-lib.sh:538 FM_LOCK_OWNER_DIR=
++1789354099.139111 fm-wake-lib.sh:539 fm_lock_owner_dir /tmp/fm-pr-check-security.q7m8p0/rejected-metacharacters/home/state/.control-safe-check.lock
++1789354099.139381 fm-wake-lib.sh:456 local lockdir=/tmp/fm-pr-check-security.q7m8p0/rejected-metacharacters/home/state/.control-safe-check.lock lock_abs
+++1789354099.140170 fm-wake-lib.sh:457 fm_lock_abs_path /tmp/fm-pr-check-security.q7m8p0/rejected-metacharacters/home/state/.control-safe-check.lock
+++1789354099.140419 fm-wake-lib.sh:448 local path=/tmp/fm-pr-check-security.q7m8p0/rejected-metacharacters/home/state/.control-safe-check.lock dir base
++++1789354099.141079 fm-wake-lib.sh:449 dirname /tmp/fm-pr-check-security.q7m8p0/rejected-metacharacters/home/state/.control-safe-check.lock
+++1789354099.145461 fm-wake-lib.sh:449 dir=/tmp/fm-pr-check-security.q7m8p0/rejected-metacharacters/home/state
++++1789354099.146330 fm-wake-lib.sh:450 basename /tmp/fm-pr-check-security.q7m8p0/rejected-metacharacters/home/state/.control-safe-check.lock
+++1789354099.150785 fm-wake-lib.sh:450 base=.control-safe-check.lock
++++1789354099.151906 fm-wake-lib.sh:451 cd /tmp/fm-pr-check-security.q7m8p0/rejected-metacharacters/home/state
++++1789354099.152149 fm-wake-lib.sh:451 pwd -P
+++1789354099.152965 fm-wake-lib.sh:451 dir=/tmp/fm-pr-check-security.q7m8p0/rejected-metacharacters/home/state
+++1789354099.153039 fm-wake-lib.sh:452 printf '%s/%s\n' /tmp/fm-pr-check-security.q7m8p0/rejected-metacharacters/home/state .control-safe-check.lock
++1789354099.153547 fm-wake-lib.sh:457 lock_abs=/tmp/fm-pr-check-security.q7m8p0/rejected-metacharacters/home/state/.control-safe-check.lock
++1789354099.153662 fm-wake-lib.sh:458 mktemp -d /tmp/fm-pr-check-security.q7m8p0/rejected-metacharacters/home/state/.control-safe-check.lock.owner.XXXXXX
+1789354099.159196 fm-wake-lib.sh:539 ownerdir=/tmp/fm-pr-check-security.q7m8p0/rejected-metacharacters/home/state/.control-safe-check.lock.owner.EfoZhw
+1789354099.159315 fm-wake-lib.sh:540 '[' -e /tmp/fm-pr-check-security.q7m8p0/rejected-metacharacters/home/state/.control-safe-check.lock ']'
+1789354099.159363 fm-wake-lib.sh:540 '[' -L /tmp/fm-pr-check-security.q7m8p0/rejected-metacharacters/home/state/.control-safe-check.lock ']'
+1789354099.159392 fm-wake-lib.sh:544 fm_lock_prepare_owner /tmp/fm-pr-check-security.q7m8p0/rejected-metacharacters/home/state/.control-safe-check.lock.owner.EfoZhw
+1789354099.159456 fm-wake-lib.sh:462 local ownerdir=/tmp/fm-pr-check-security.q7m8p0/rejected-metacharacters/home/state/.control-safe-check.lock.owner.EfoZhw mypid back
+1789354099.159482 fm-wake-lib.sh:463 fm_current_pid mypid
+1789354099.159517 fm-wake-lib.sh:38 local fm_pid
+1789354099.159556 fm-wake-lib.sh:39 fm_pid=2972488
+1789354099.159568 fm-wake-lib.sh:40 case "$fm_pid" in
+1789354099.159585 fm-wake-lib.sh:41 '[' 1 -gt 0 ']'
+1789354099.159606 fm-wake-lib.sh:42 printf -v mypid %s 2972488
+1789354099.159638 fm-wake-lib.sh:464 printf '%s\n' 2972488
++1789354099.160484 fm-wake-lib.sh:465 cat /tmp/fm-pr-check-security.q7m8p0/rejected-metacharacters/home/state/.control-safe-check.lock.owner.EfoZhw/pid
+1789354099.165622 fm-wake-lib.sh:465 back=2972488
+1789354099.165713 fm-wake-lib.sh:466 '[' 2972488 = 2972488 ']'
+1789354099.165792 fm-wake-lib.sh:548 ln -s /tmp/fm-pr-check-security.q7m8p0/rejected-metacharacters/home/state/.control-safe-check.lock.owner.EfoZhw /tmp/fm-pr-check-security.q7m8p0/rejected-metacharacters/home/state/.control-safe-check.lock
+1789354099.170841 fm-wake-lib.sh:548 fm_lock_points_to_owner /tmp/fm-pr-check-security.q7m8p0/rejected-metacharacters/home/state/.control-safe-check.lock /tmp/fm-pr-check-security.q7m8p0/rejected-metacharacters/home/state/.control-safe-check.lock.owner.EfoZhw
+1789354099.170954 fm-wake-lib.sh:480 local lockdir=/tmp/fm-pr-check-security.q7m8p0/rejected-metacharacters/home/state/.control-safe-check.lock ownerdir=/tmp/fm-pr-check-security.q7m8p0/rejected-metacharacters/home/state/.control-safe-check.lock.owner.EfoZhw actual
++1789354099.171887 fm-wake-lib.sh:481 readlink /tmp/fm-pr-check-security.q7m8p0/rejected-metacharacters/home/state/.control-safe-check.lock
+1789354099.176931 fm-wake-lib.sh:481 actual=/tmp/fm-pr-check-security.q7m8p0/rejected-metacharacters/home/state/.control-safe-check.lock.owner.EfoZhw
+1789354099.177040 fm-wake-lib.sh:482 '[' /tmp/fm-pr-check-security.q7m8p0/rejected-metacharacters/home/state/.control-safe-check.lock.owner.EfoZhw = /tmp/fm-pr-check-security.q7m8p0/rejected-metacharacters/home/state/.control-safe-check.lock.owner.EfoZhw ']'
+1789354099.177113 fm-wake-lib.sh:549 fm_lock_claim /tmp/fm-pr-check-security.q7m8p0/rejected-metacharacters/home/state/.control-safe-check.lock /tmp/fm-pr-check-security.q7m8p0/rejected-metacharacters/home/state/.control-safe-check.lock.owner.EfoZhw ''
+1789354099.177174 fm-wake-lib.sh:511 local lockdir=/tmp/fm-pr-check-security.q7m8p0/rejected-metacharacters/home/state/.control-safe-check.lock ownerdir=/tmp/fm-pr-check-security.q7m8p0/rejected-metacharacters/home/state/.control-safe-check.lock.owner.EfoZhw allowed_steal_owner= mypid back
+1789354099.177209 fm-wake-lib.sh:512 fm_current_pid mypid
+1789354099.177243 fm-wake-lib.sh:38 local fm_pid
+1789354099.177283 fm-wake-lib.sh:39 fm_pid=2972488
+1789354099.177295 fm-wake-lib.sh:40 case "$fm_pid" in
+1789354099.177312 fm-wake-lib.sh:41 '[' 1 -gt 0 ']'
+1789354099.177329 fm-wake-lib.sh:42 printf -v mypid %s 2972488
+1789354099.177427 fm-wake-lib.sh:513 printf '%s\n' 2972488
++1789354099.178364 fm-wake-lib.sh:517 cat /tmp/fm-pr-check-security.q7m8p0/rejected-metacharacters/home/state/.control-safe-check.lock.owner.EfoZhw/pid
+1789354099.183034 fm-wake-lib.sh:517 back=2972488
+1789354099.183124 fm-wake-lib.sh:518 '[' 2972488 '!=' 2972488 ']'
+1789354099.183166 fm-wake-lib.sh:522 fm_lock_points_to_owner /tmp/fm-pr-check-security.q7m8p0/rejected-metacharacters/home/state/.control-safe-check.lock /tmp/fm-pr-check-security.q7m8p0/rejected-metacharacters/home/state/.control-safe-check.lock.owner.EfoZhw
+1789354099.183212 fm-wake-lib.sh:480 local lockdir=/tmp/fm-pr-check-security.q7m8p0/rejected-metacharacters/home/state/.control-safe-check.lock ownerdir=/tmp/fm-pr-check-security.q7m8p0/rejected-metacharacters/home/state/.control-safe-check.lock.owner.EfoZhw actual
++1789354099.184133 fm-wake-lib.sh:481 readlink /tmp/fm-pr-check-security.q7m8p0/rejected-metacharacters/home/state/.control-safe-check.lock
+1789354099.189560 fm-wake-lib.sh:481 actual=/tmp/fm-pr-check-security.q7m8p0/rejected-metacharacters/home/state/.control-safe-check.lock.owner.EfoZhw
+1789354099.189666 fm-wake-lib.sh:482 '[' /tmp/fm-pr-check-security.q7m8p0/rejected-metacharacters/home/state/.control-safe-check.lock.owner.EfoZhw = /tmp/fm-pr-check-security.q7m8p0/rejected-metacharacters/home/state/.control-safe-check.lock.owner.EfoZhw ']'
+1789354099.189745 fm-wake-lib.sh:526 fm_lock_claim_blocked_by_steal /tmp/fm-pr-check-security.q7m8p0/rejected-metacharacters/home/state/.control-safe-check.lock ''
+1789354099.189797 fm-wake-lib.sh:501 local lockdir=/tmp/fm-pr-check-security.q7m8p0/rejected-metacharacters/home/state/.control-safe-check.lock allowed_steal_owner= steal
+1789354099.189829 fm-wake-lib.sh:502 steal=/tmp/fm-pr-check-security.q7m8p0/rejected-metacharacters/home/state/.control-safe-check.lock.steal
+1789354099.189846 fm-wake-lib.sh:503 '[' -e /tmp/fm-pr-check-security.q7m8p0/rejected-metacharacters/home/state/.control-safe-check.lock.steal ']'
+1789354099.189878 fm-wake-lib.sh:503 '[' -L /tmp/fm-pr-check-security.q7m8p0/rejected-metacharacters/home/state/.control-safe-check.lock.steal ']'
+1789354099.189893 fm-wake-lib.sh:503 return 1
+1789354099.189983 fm-wake-lib.sh:533 return 0
+1789354099.190057 fm-wake-lib.sh:550 FM_LOCK_OWNER_DIR=/tmp/fm-pr-check-security.q7m8p0/rejected-metacharacters/home/state/.control-safe-check.lock.owner.EfoZhw
+1789354099.190075 fm-wake-lib.sh:551 return 0
+1789354099.190131 fm-wake-lib.sh:908 return 0
+1789354099.190375 fm-watch.sh:2032 fm_pr_poll_snapshot_matches /tmp/fm-pr-check-security.q7m8p0/rejected-metacharacters/home/state safe-check /tmp/fm-target-99f67cc/bin/fm-pr-poll.sh
+1789354099.190423 fm-pr-lib.sh:638 local state=/tmp/fm-pr-check-security.q7m8p0/rejected-metacharacters/home/state id=safe-check template=/tmp/fm-target-99f67cc/bin/fm-pr-poll.sh registration reg_hash reg_identity
+1789354099.190453 fm-pr-lib.sh:639 '[' -n safe-check ']'
+1789354099.190473 fm-pr-lib.sh:639 '[' safe-check = safe-check ']'
+1789354099.190498 fm-pr-lib.sh:640 fm_pr_poll_artifacts_valid /tmp/fm-pr-check-security.q7m8p0/rejected-metacharacters/home/state safe-check /tmp/fm-target-99f67cc/bin/fm-pr-poll.sh
+1789354099.190577 fm-pr-lib.sh:581 local state=/tmp/fm-pr-check-security.q7m8p0/rejected-metacharacters/home/state id=safe-check template=/tmp/fm-target-99f67cc/bin/fm-pr-poll.sh state_device check data registration meta data_hash template_hash data_identity check_identity
+1789354099.190608 fm-pr-lib.sh:582 fm_pr_task_id_valid safe-check
+1789354099.190628 fm-pr-lib.sh:102 local id=safe-check
+1789354099.190641 fm-pr-lib.sh:103 fm_task_id_path_safe safe-check
+1789354099.190672 fm-pr-lib.sh:94 local id=safe-check
+1789354099.190687 fm-pr-lib.sh:95 local LC_ALL=C
+1789354099.190711 fm-pr-lib.sh:96 case "$id" in
+1789354099.190780 fm-pr-lib.sh:583 '[' -d /tmp/fm-pr-check-security.q7m8p0/rejected-metacharacters/home/state ']'
+1789354099.190808 fm-pr-lib.sh:583 '[' '!' -L /tmp/fm-pr-check-security.q7m8p0/rejected-metacharacters/home/state ']'
++1789354099.191648 fm-pr-lib.sh:584 fm_pr_file_device /tmp/fm-pr-check-security.q7m8p0/rejected-metacharacters/home/state
+++1789354099.192598 fm-pr-lib.sh:225 uname
++1789354099.197243 fm-pr-lib.sh:225 '[' Linux = Darwin ']'
++1789354099.197333 fm-pr-lib.sh:228 stat -c %d /tmp/fm-pr-check-security.q7m8p0/rejected-metacharacters/home/state
+1789354099.202558 fm-pr-lib.sh:584 state_device=74
+1789354099.202650 fm-pr-lib.sh:585 check=/tmp/fm-pr-check-security.q7m8p0/rejected-metacharacters/home/state/safe-check.check.sh
+1789354099.202674 fm-pr-lib.sh:586 data=/tmp/fm-pr-check-security.q7m8p0/rejected-metacharacters/home/state/safe-check.pr-poll
+1789354099.202700 fm-pr-lib.sh:587 registration=/tmp/fm-pr-check-security.q7m8p0/rejected-metacharacters/home/state/safe-check.pr-poll-registration
+1789354099.202725 fm-pr-lib.sh:588 meta=/tmp/fm-pr-check-security.q7m8p0/rejected-metacharacters/home/state/safe-check.meta
+1789354099.202753 fm-pr-lib.sh:589 fm_pr_private_file_valid /tmp/fm-pr-check-security.q7m8p0/rejected-metacharacters/home/state/safe-check.check.sh 600 74
+1789354099.202812 fm-pr-lib.sh:267 local path=/tmp/fm-pr-check-security.q7m8p0/rejected-metacharacters/home/state/safe-check.check.sh mode=600 device=74
+1789354099.202843 fm-pr-lib.sh:268 '[' -f /tmp/fm-pr-check-security.q7m8p0/rejected-metacharacters/home/state/safe-check.check.sh ']'
+1789354099.202876 fm-pr-lib.sh:268 '[' '!' -L /tmp/fm-pr-check-security.q7m8p0/rejected-metacharacters/home/state/safe-check.check.sh ']'
++1789354099.203918 fm-pr-lib.sh:269 fm_pr_file_mode /tmp/fm-pr-check-security.q7m8p0/rejected-metacharacters/home/state/safe-check.check.sh
+++1789354099.204801 fm-pr-lib.sh:217 uname
++1789354099.209631 fm-pr-lib.sh:217 '[' Linux = Darwin ']'
++1789354099.209739 fm-pr-lib.sh:220 stat -c %a /tmp/fm-pr-check-security.q7m8p0/rejected-metacharacters/home/state/safe-check.check.sh
+1789354099.214589 fm-pr-lib.sh:269 '[' 600 = 600 ']'
++1789354099.215502 fm-pr-lib.sh:270 fm_pr_file_device /tmp/fm-pr-check-security.q7m8p0/rejected-metacharacters/home/state/safe-check.check.sh
+++1789354099.216287 fm-pr-lib.sh:225 uname
++1789354099.221165 fm-pr-lib.sh:225 '[' Linux = Darwin ']'
++1789354099.221272 fm-pr-lib.sh:228 stat -c %d /tmp/fm-pr-check-security.q7m8p0/rejected-metacharacters/home/state/safe-check.check.sh
+1789354099.226393 fm-pr-lib.sh:270 '[' 74 = 74 ']'
++1789354099.227216 fm-pr-lib.sh:271 fm_pr_file_link_count /tmp/fm-pr-check-security.q7m8p0/rejected-metacharacters/home/state/safe-check.check.sh
+++1789354099.228030 fm-pr-lib.sh:233 uname
++1789354099.232416 fm-pr-lib.sh:233 '[' Linux = Darwin ']'
++1789354099.232519 fm-pr-lib.sh:236 stat -c %h /tmp/fm-pr-check-security.q7m8p0/rejected-metacharacters/home/state/safe-check.check.sh
+1789354099.238146 fm-pr-lib.sh:271 '[' 1 = 1 ']'
+1789354099.238291 fm-pr-lib.sh:590 fm_pr_private_file_valid /tmp/fm-pr-check-security.q7m8p0/rejected-metacharacters/home/state/safe-check.pr-poll 600 74
+1789354099.238333 fm-pr-lib.sh:267 local path=/tmp/fm-pr-check-security.q7m8p0/rejected-metacharacters/home/state/safe-check.pr-poll mode=600 device=74
+1789354099.238365 fm-pr-lib.sh:268 '[' -f /tmp/fm-pr-check-security.q7m8p0/rejected-metacharacters/home/state/safe-check.pr-poll ']'
+1789354099.238399 fm-pr-lib.sh:268 '[' '!' -L /tmp/fm-pr-check-security.q7m8p0/rejected-metacharacters/home/state/safe-check.pr-poll ']'
++1789354099.239136 fm-pr-lib.sh:269 fm_pr_file_mode /tmp/fm-pr-check-security.q7m8p0/rejected-metacharacters/home/state/safe-check.pr-poll
+++1789354099.239984 fm-pr-lib.sh:217 uname
++1789354099.244512 fm-pr-lib.sh:217 '[' Linux = Darwin ']'
++1789354099.244606 fm-pr-lib.sh:220 stat -c %a /tmp/fm-pr-check-security.q7m8p0/rejected-metacharacters/home/state/safe-check.pr-poll
+1789354099.250258 fm-pr-lib.sh:269 '[' 600 = 600 ']'
++1789354099.251217 fm-pr-lib.sh:270 fm_pr_file_device /tmp/fm-pr-check-security.q7m8p0/rejected-metacharacters/home/state/safe-check.pr-poll
+++1789354099.252138 fm-pr-lib.sh:225 uname
++1789354099.256812 fm-pr-lib.sh:225 '[' Linux = Darwin ']'
++1789354099.256913 fm-pr-lib.sh:228 stat -c %d /tmp/fm-pr-check-security.q7m8p0/rejected-metacharacters/home/state/safe-check.pr-poll
+1789354099.261886 fm-pr-lib.sh:270 '[' 74 = 74 ']'
++1789354099.262698 fm-pr-lib.sh:271 fm_pr_file_link_count /tmp/fm-pr-check-security.q7m8p0/rejected-metacharacters/home/state/safe-check.pr-poll
+++1789354099.263621 fm-pr-lib.sh:233 uname
++1789354099.269866 fm-pr-lib.sh:233 '[' Linux = Darwin ']'
++1789354099.270145 fm-pr-lib.sh:236 stat -c %h /tmp/fm-pr-check-security.q7m8p0/rejected-metacharacters/home/state/safe-check.pr-poll
+1789354099.275592 fm-pr-lib.sh:271 '[' 1 = 1 ']'
+1789354099.275731 fm-pr-lib.sh:591 fm_pr_private_file_valid /tmp/fm-pr-check-security.q7m8p0/rejected-metacharacters/home/state/safe-check.pr-poll-registration 600 74
+1789354099.275776 fm-pr-lib.sh:267 local path=/tmp/fm-pr-check-security.q7m8p0/rejected-metacharacters/home/state/safe-check.pr-poll-registration mode=600 device=74
+1789354099.275805 fm-pr-lib.sh:268 '[' -f /tmp/fm-pr-check-security.q7m8p0/rejected-metacharacters/home/state/safe-check.pr-poll-registration ']'
+1789354099.275833 fm-pr-lib.sh:268 '[' '!' -L /tmp/fm-pr-check-security.q7m8p0/rejected-metacharacters/home/state/safe-check.pr-poll-registration ']'
++1789354099.276484 fm-pr-lib.sh:269 fm_pr_file_mode /tmp/fm-pr-check-security.q7m8p0/rejected-metacharacters/home/state/safe-check.pr-poll-registration
+++1789354099.277213 fm-pr-lib.sh:217 uname
++1789354099.281885 fm-pr-lib.sh:217 '[' Linux = Darwin ']'
++1789354099.282043 fm-pr-lib.sh:220 stat -c %a /tmp/fm-pr-check-security.q7m8p0/rejected-metacharacters/home/state/safe-check.pr-poll-registration
+1789354099.288217 fm-pr-lib.sh:269 '[' 600 = 600 ']'
++1789354099.289146 fm-pr-lib.sh:270 fm_pr_file_device /tmp/fm-pr-check-security.q7m8p0/rejected-metacharacters/home/state/safe-check.pr-poll-registration
+++1789354099.290122 fm-pr-lib.sh:225 uname
++1789354099.294759 fm-pr-lib.sh:225 '[' Linux = Darwin ']'
++1789354099.294872 fm-pr-lib.sh:228 stat -c %d /tmp/fm-pr-check-security.q7m8p0/rejected-metacharacters/home/state/safe-check.pr-poll-registration
+1789354099.300237 fm-pr-lib.sh:270 '[' 74 = 74 ']'
++1789354099.301062 fm-pr-lib.sh:271 fm_pr_file_link_count /tmp/fm-pr-check-security.q7m8p0/rejected-metacharacters/home/state/safe-check.pr-poll-registration
+++1789354099.302114 fm-pr-lib.sh:233 uname
++1789354099.307203 fm-pr-lib.sh:233 '[' Linux = Darwin ']'
++1789354099.307311 fm-pr-lib.sh:236 stat -c %h /tmp/fm-pr-check-security.q7m8p0/rejected-metacharacters/home/state/safe-check.pr-poll-registration
+1789354099.312752 fm-pr-lib.sh:271 '[' 1 = 1 ']'
+1789354099.312893 fm-pr-lib.sh:592 '[' -f /tmp/fm-pr-check-security.q7m8p0/rejected-metacharacters/home/state/safe-check.meta ']'
+1789354099.312928 fm-pr-lib.sh:592 '[' '!' -L /tmp/fm-pr-check-security.q7m8p0/rejected-metacharacters/home/state/safe-check.meta ']'
++1789354099.313721 fm-pr-lib.sh:593 fm_pr_file_link_count /tmp/fm-pr-check-security.q7m8p0/rejected-metacharacters/home/state/safe-check.meta
+++1789354099.314689 fm-pr-lib.sh:233 uname
++1789354099.319277 fm-pr-lib.sh:233 '[' Linux = Darwin ']'
++1789354099.319381 fm-pr-lib.sh:236 stat -c %h /tmp/fm-pr-check-security.q7m8p0/rejected-metacharacters/home/state/safe-check.meta
+1789354099.324975 fm-pr-lib.sh:593 '[' 1 = 1 ']'
+1789354099.325064 fm-pr-lib.sh:594 cmp -s /tmp/fm-target-99f67cc/bin/fm-pr-poll.sh /tmp/fm-pr-check-security.q7m8p0/rejected-metacharacters/home/state/safe-check.check.sh
+1789354099.327795 fm-pr-lib.sh:595 fm_pr_poll_data_parse /tmp/fm-pr-check-security.q7m8p0/rejected-metacharacters/home/state/safe-check.pr-poll
+1789354099.327940 fm-pr-lib.sh:335 local file=/tmp/fm-pr-check-security.q7m8p0/rejected-metacharacters/home/state/safe-check.pr-poll provider url host path number
+1789354099.327987 fm-pr-lib.sh:336 FM_PR_DATA_PROVIDER=
+1789354099.328004 fm-pr-lib.sh:337 FM_PR_DATA_URL=
+1789354099.328014 fm-pr-lib.sh:338 FM_PR_DATA_HOST=
+1789354099.328023 fm-pr-lib.sh:339 FM_PR_DATA_PATH=
+1789354099.328033 fm-pr-lib.sh:340 FM_PR_DATA_NUMBER=
+1789354099.328048 fm-pr-lib.sh:341 '[' -f /tmp/fm-pr-check-security.q7m8p0/rejected-metacharacters/home/state/safe-check.pr-poll ']'
+1789354099.328079 fm-pr-lib.sh:341 '[' '!' -L /tmp/fm-pr-check-security.q7m8p0/rejected-metacharacters/home/state/safe-check.pr-poll ']'
+1789354099.328093 fm-pr-lib.sh:342 exec
+1789354099.328128 fm-pr-lib.sh:343 IFS=
+1789354099.328136 fm-pr-lib.sh:343 read -r provider
+1789354099.328168 fm-pr-lib.sh:344 IFS=
+1789354099.328175 fm-pr-lib.sh:344 read -r url
+1789354099.328194 fm-pr-lib.sh:345 IFS=
+1789354099.328201 fm-pr-lib.sh:345 read -r host
+1789354099.328217 fm-pr-lib.sh:346 IFS=
+1789354099.328224 fm-pr-lib.sh:346 read -r path
+1789354099.328238 fm-pr-lib.sh:347 IFS=
+1789354099.328245 fm-pr-lib.sh:347 read -r number
+1789354099.328261 fm-pr-lib.sh:348 IFS=
+1789354099.328267 fm-pr-lib.sh:348 read -r _extra
+1789354099.328282 fm-pr-lib.sh:352 exec
+1789354099.328296 fm-pr-lib.sh:353 fm_pr_url_parse https://github.com/o/r/pull/99
+1789354099.328346 fm-pr-lib.sh:169 local raw=https://github.com/o/r/pull/99 pattern host path
+1789354099.328366 fm-pr-lib.sh:170 local LC_ALL=C
+1789354099.328391 fm-pr-lib.sh:171 FM_PR_PROVIDER=
+1789354099.328404 fm-pr-lib.sh:172 FM_PR_URL=
+1789354099.328412 fm-pr-lib.sh:173 FM_PR_HOST=
+1789354099.328419 fm-pr-lib.sh:174 FM_PR_PATH=
+1789354099.328427 fm-pr-lib.sh:175 FM_PR_OWNER=
+1789354099.328434 fm-pr-lib.sh:176 FM_PR_REPO=
+1789354099.328441 fm-pr-lib.sh:177 FM_PR_NUMBER=
+1789354099.328458 fm-pr-lib.sh:178 pattern='^https://github\.com/([A-Za-z0-9]|[A-Za-z0-9][A-Za-z0-9-]{0,37}[A-Za-z0-9])/([A-Za-z0-9._-]{1,100})/pull/([1-9][0-9]*)$'
+1789354099.328473 fm-pr-lib.sh:179 [[ https://github.com/o/r/pull/99 =~ ^https://github\.com/([A-Za-z0-9]|[A-Za-z0-9][A-Za-z0-9-]{0,37}[A-Za-z0-9])/([A-Za-z0-9._-]{1,100})/pull/([1-9][0-9]*)$ ]]
+1789354099.328881 fm-pr-lib.sh:180 [[ o != *--* ]]
+1789354099.328903 fm-pr-lib.sh:181 '[' r '!=' . ']'
+1789354099.328922 fm-pr-lib.sh:181 '[' r '!=' .. ']'
+1789354099.328932 fm-pr-lib.sh:182 FM_PR_PROVIDER=github
+1789354099.328941 fm-pr-lib.sh:183 FM_PR_URL=https://github.com/o/r/pull/99
+1789354099.328950 fm-pr-lib.sh:184 FM_PR_HOST=github.com
+1789354099.328962 fm-pr-lib.sh:185 FM_PR_PATH=o/r
+1789354099.328972 fm-pr-lib.sh:188 FM_PR_OWNER=o
+1789354099.328981 fm-pr-lib.sh:190 FM_PR_REPO=r
+1789354099.328990 fm-pr-lib.sh:191 FM_PR_NUMBER=99
+1789354099.328999 fm-pr-lib.sh:192 return 0
+1789354099.329061 fm-pr-lib.sh:354 '[' github = github ']'
+1789354099.329077 fm-pr-lib.sh:355 '[' github.com = github.com ']'
+1789354099.329089 fm-pr-lib.sh:356 '[' o/r = o/r ']'
+1789354099.329101 fm-pr-lib.sh:357 '[' 99 = 99 ']'
+1789354099.329117 fm-pr-lib.sh:358 FM_PR_DATA_PROVIDER=github
+1789354099.329127 fm-pr-lib.sh:359 FM_PR_DATA_URL=https://github.com/o/r/pull/99
+1789354099.329136 fm-pr-lib.sh:360 FM_PR_DATA_HOST=github.com
+1789354099.329145 fm-pr-lib.sh:361 FM_PR_DATA_PATH=o/r
+1789354099.329154 fm-pr-lib.sh:362 FM_PR_DATA_NUMBER=99
++1789354099.330367 fm-pr-lib.sh:596 fm_pr_sha256 /tmp/fm-pr-check-security.q7m8p0/rejected-metacharacters/home/state/safe-check.pr-poll
++1789354099.330603 fm-pr-lib.sh:257 command -v shasum
++1789354099.331405 fm-pr-lib.sh:258 shasum -a 256 /tmp/fm-pr-check-security.q7m8p0/rejected-metacharacters/home/state/safe-check.pr-poll
++1789354099.331670 fm-pr-lib.sh:258 awk '{print $1}'
+1789354099.367327 fm-pr-lib.sh:596 data_hash=efb68e1603469fff3b15ca368ca6e2798f600d3d600366e6317a517628ebf8b4
++1789354099.368777 fm-pr-lib.sh:597 fm_pr_sha256 /tmp/fm-pr-check-security.q7m8p0/rejected-metacharacters/home/state/safe-check.check.sh
++1789354099.369034 fm-pr-lib.sh:257 command -v shasum
++1789354099.369978 fm-pr-lib.sh:258 shasum -a 256 /tmp/fm-pr-check-security.q7m8p0/rejected-metacharacters/home/state/safe-check.check.sh
++1789354099.370237 fm-pr-lib.sh:258 awk '{print $1}'
+1789354099.402305 fm-pr-lib.sh:597 template_hash=e87aae384ec62ae28f78a0779020f52f7b891ba0cafea2551b5a2c4e967870cf
++1789354099.403516 fm-pr-lib.sh:598 fm_pr_file_identity /tmp/fm-pr-check-security.q7m8p0/rejected-metacharacters/home/state/safe-check.pr-poll
++1789354099.403845 fm-pr-lib.sh:249 local device inode
+++1789354099.404802 fm-pr-lib.sh:250 fm_pr_file_device /tmp/fm-pr-check-security.q7m8p0/rejected-metacharacters/home/state/safe-check.pr-poll
++++1789354099.405999 fm-pr-lib.sh:225 uname
+++1789354099.411571 fm-pr-lib.sh:225 '[' Linux = Darwin ']'
+++1789354099.411745 fm-pr-lib.sh:228 stat -c %d /tmp/fm-pr-check-security.q7m8p0/rejected-metacharacters/home/state/safe-check.pr-poll
++1789354099.417654 fm-pr-lib.sh:250 device=74
+++1789354099.418592 fm-pr-lib.sh:251 fm_pr_file_inode /tmp/fm-pr-check-security.q7m8p0/rejected-metacharacters/home/state/safe-check.pr-poll
++++1789354099.419588 fm-pr-lib.sh:241 uname
+++1789354099.426277 fm-pr-lib.sh:241 '[' Linux = Darwin ']'
+++1789354099.426421 fm-pr-lib.sh:244 stat -c %i /tmp/fm-pr-check-security.q7m8p0/rejected-metacharacters/home/state/safe-check.pr-poll
++1789354099.432210 fm-pr-lib.sh:251 inode=475373
++1789354099.432310 fm-pr-lib.sh:252 '[' -n 74 ']'
++1789354099.432333 fm-pr-lib.sh:252 '[' -n 475373 ']'
++1789354099.432352 fm-pr-lib.sh:253 printf '%s:%s\n' 74 475373
+1789354099.432974 fm-pr-lib.sh:598 data_identity=74:475373
++1789354099.433863 fm-pr-lib.sh:599 fm_pr_file_identity /tmp/fm-pr-check-security.q7m8p0/rejected-metacharacters/home/state/safe-check.check.sh
++1789354099.434177 fm-pr-lib.sh:249 local device inode
+++1789354099.434911 fm-pr-lib.sh:250 fm_pr_file_device /tmp/fm-pr-check-security.q7m8p0/rejected-metacharacters/home/state/safe-check.check.sh
++++1789354099.435870 fm-pr-lib.sh:225 uname
+++1789354099.440722 fm-pr-lib.sh:225 '[' Linux = Darwin ']'
+++1789354099.440844 fm-pr-lib.sh:228 stat -c %d /tmp/fm-pr-check-security.q7m8p0/rejected-metacharacters/home/state/safe-check.check.sh
++1789354099.446256 fm-pr-lib.sh:250 device=74
+++1789354099.447335 fm-pr-lib.sh:251 fm_pr_file_inode /tmp/fm-pr-check-security.q7m8p0/rejected-metacharacters/home/state/safe-check.check.sh
++++1789354099.448255 fm-pr-lib.sh:241 uname
+++1789354099.452900 fm-pr-lib.sh:241 '[' Linux = Darwin ']'
+++1789354099.453012 fm-pr-lib.sh:244 stat -c %i /tmp/fm-pr-check-security.q7m8p0/rejected-metacharacters/home/state/safe-check.check.sh
++1789354099.459075 fm-pr-lib.sh:251 inode=475374
++1789354099.459180 fm-pr-lib.sh:252 '[' -n 74 ']'
++1789354099.459206 fm-pr-lib.sh:252 '[' -n 475374 ']'
++1789354099.459227 fm-pr-lib.sh:253 printf '%s:%s\n' 74 475374
+1789354099.459945 fm-pr-lib.sh:599 check_identity=74:475374
+1789354099.460047 fm-pr-lib.sh:600 fm_pr_poll_registration_parse /tmp/fm-pr-check-security.q7m8p0/rejected-metacharacters/home/state/safe-check.pr-poll-registration
+1789354099.460220 fm-pr-lib.sh:370 local file=/tmp/fm-pr-check-security.q7m8p0/rejected-metacharacters/home/state/safe-check.pr-poll-registration version id provider url host path number data_hash template_hash data_identity check_identity
+1789354099.460260 fm-pr-lib.sh:371 FM_PR_REG_ID=
+1789354099.460274 fm-pr-lib.sh:372 FM_PR_REG_PROVIDER=
+1789354099.460285 fm-pr-lib.sh:373 FM_PR_REG_URL=
+1789354099.460294 fm-pr-lib.sh:374 FM_PR_REG_HOST=
+1789354099.460304 fm-pr-lib.sh:375 FM_PR_REG_PATH=
+1789354099.460313 fm-pr-lib.sh:376 FM_PR_REG_NUMBER=
+1789354099.460321 fm-pr-lib.sh:377 FM_PR_REG_DATA_HASH=
+1789354099.460329 fm-pr-lib.sh:378 FM_PR_REG_TEMPLATE_HASH=
+1789354099.460339 fm-pr-lib.sh:379 FM_PR_REG_DATA_IDENTITY=
+1789354099.460347 fm-pr-lib.sh:380 FM_PR_REG_CHECK_IDENTITY=
+1789354099.460362 fm-pr-lib.sh:381 '[' -f /tmp/fm-pr-check-security.q7m8p0/rejected-metacharacters/home/state/safe-check.pr-poll-registration ']'
+1789354099.460391 fm-pr-lib.sh:381 '[' '!' -L /tmp/fm-pr-check-security.q7m8p0/rejected-metacharacters/home/state/safe-check.pr-poll-registration ']'
+1789354099.460413 fm-pr-lib.sh:382 exec
+1789354099.460448 fm-pr-lib.sh:383 IFS=
+1789354099.460456 fm-pr-lib.sh:383 read -r version
+1789354099.460489 fm-pr-lib.sh:384 IFS=
+1789354099.460497 fm-pr-lib.sh:384 read -r id
+1789354099.460514 fm-pr-lib.sh:385 IFS=
+1789354099.460521 fm-pr-lib.sh:385 read -r provider
+1789354099.460538 fm-pr-lib.sh:386 IFS=
+1789354099.460545 fm-pr-lib.sh:386 read -r url
+1789354099.460561 fm-pr-lib.sh:387 IFS=
+1789354099.460568 fm-pr-lib.sh:387 read -r host
+1789354099.460584 fm-pr-lib.sh:388 IFS=
+1789354099.460591 fm-pr-lib.sh:388 read -r path
+1789354099.460607 fm-pr-lib.sh:389 IFS=
+1789354099.460614 fm-pr-lib.sh:389 read -r number
+1789354099.460629 fm-pr-lib.sh:390 IFS=
+1789354099.460637 fm-pr-lib.sh:390 read -r data_hash
+1789354099.460654 fm-pr-lib.sh:391 IFS=
+1789354099.460662 fm-pr-lib.sh:391 read -r template_hash
+1789354099.460679 fm-pr-lib.sh:392 IFS=
+1789354099.460686 fm-pr-lib.sh:392 read -r data_identity
+1789354099.460703 fm-pr-lib.sh:393 IFS=
+1789354099.460709 fm-pr-lib.sh:393 read -r check_identity
+1789354099.460725 fm-pr-lib.sh:394 IFS=
+1789354099.460732 fm-pr-lib.sh:394 read -r _extra
+1789354099.460746 fm-pr-lib.sh:398 exec
+1789354099.460762 fm-pr-lib.sh:399 '[' fm-pr-poll-registration-v2 = fm-pr-poll-registration-v2 ']'
+1789354099.460775 fm-pr-lib.sh:400 fm_pr_task_id_valid safe-check
+1789354099.460796 fm-pr-lib.sh:102 local id=safe-check
+1789354099.460810 fm-pr-lib.sh:103 fm_task_id_path_safe safe-check
+1789354099.460835 fm-pr-lib.sh:94 local id=safe-check
+1789354099.460847 fm-pr-lib.sh:95 local LC_ALL=C
+1789354099.460871 fm-pr-lib.sh:96 case "$id" in
+1789354099.460929 fm-pr-lib.sh:401 fm_pr_url_parse https://github.com/o/r/pull/99
+1789354099.460973 fm-pr-lib.sh:169 local raw=https://github.com/o/r/pull/99 pattern host path
+1789354099.460989 fm-pr-lib.sh:170 local LC_ALL=C
+1789354099.461004 fm-pr-lib.sh:171 FM_PR_PROVIDER=
+1789354099.461016 fm-pr-lib.sh:172 FM_PR_URL=
+1789354099.461024 fm-pr-lib.sh:173 FM_PR_HOST=
+1789354099.461033 fm-pr-lib.sh:174 FM_PR_PATH=
+1789354099.461040 fm-pr-lib.sh:175 FM_PR_OWNER=
+1789354099.461048 fm-pr-lib.sh:176 FM_PR_REPO=
+1789354099.461056 fm-pr-lib.sh:177 FM_PR_NUMBER=
+1789354099.461072 fm-pr-lib.sh:178 pattern='^https://github\.com/([A-Za-z0-9]|[A-Za-z0-9][A-Za-z0-9-]{0,37}[A-Za-z0-9])/([A-Za-z0-9._-]{1,100})/pull/([1-9][0-9]*)$'
+1789354099.461085 fm-pr-lib.sh:179 [[ https://github.com/o/r/pull/99 =~ ^https://github\.com/([A-Za-z0-9]|[A-Za-z0-9][A-Za-z0-9-]{0,37}[A-Za-z0-9])/([A-Za-z0-9._-]{1,100})/pull/([1-9][0-9]*)$ ]]
+1789354099.461467 fm-pr-lib.sh:180 [[ o != *--* ]]
+1789354099.461488 fm-pr-lib.sh:181 '[' r '!=' . ']'
+1789354099.461509 fm-pr-lib.sh:181 '[' r '!=' .. ']'
+1789354099.461519 fm-pr-lib.sh:182 FM_PR_PROVIDER=github
+1789354099.461528 fm-pr-lib.sh:183 FM_PR_URL=https://github.com/o/r/pull/99
+1789354099.461536 fm-pr-lib.sh:184 FM_PR_HOST=github.com
+1789354099.461549 fm-pr-lib.sh:185 FM_PR_PATH=o/r
+1789354099.461559 fm-pr-lib.sh:188 FM_PR_OWNER=o
+1789354099.461568 fm-pr-lib.sh:190 FM_PR_REPO=r
+1789354099.461577 fm-pr-lib.sh:191 FM_PR_NUMBER=99
+1789354099.461623 fm-pr-lib.sh:192 return 0
+1789354099.461683 fm-pr-lib.sh:402 '[' github = github ']'
+1789354099.461703 fm-pr-lib.sh:403 '[' github.com = github.com ']'
+1789354099.461716 fm-pr-lib.sh:404 '[' o/r = o/r ']'
+1789354099.461728 fm-pr-lib.sh:405 '[' 99 = 99 ']'
+1789354099.461742 fm-pr-lib.sh:406 [[ efb68e1603469fff3b15ca368ca6e2798f600d3d600366e6317a517628ebf8b4 =~ ^[0-9a-f]{64}$ ]]
+1789354099.461903 fm-pr-lib.sh:407 [[ e87aae384ec62ae28f78a0779020f52f7b891ba0cafea2551b5a2c4e967870cf =~ ^[0-9a-f]{64}$ ]]
+1789354099.462102 fm-pr-lib.sh:408 [[ 74:475373 =~ ^[0-9]+:[0-9]+$ ]]
+1789354099.462159 fm-pr-lib.sh:409 [[ 74:475374 =~ ^[0-9]+:[0-9]+$ ]]
+1789354099.462196 fm-pr-lib.sh:410 FM_PR_REG_ID=safe-check
+1789354099.462210 fm-pr-lib.sh:411 FM_PR_REG_PROVIDER=github
+1789354099.462220 fm-pr-lib.sh:412 FM_PR_REG_URL=https://github.com/o/r/pull/99
+1789354099.462231 fm-pr-lib.sh:413 FM_PR_REG_HOST=github.com
+1789354099.462247 fm-pr-lib.sh:414 FM_PR_REG_PATH=o/r
+1789354099.462262 fm-pr-lib.sh:415 FM_PR_REG_NUMBER=99
+1789354099.462272 fm-pr-lib.sh:416 FM_PR_REG_DATA_HASH=efb68e1603469fff3b15ca368ca6e2798f600d3d600366e6317a517628ebf8b4
+1789354099.462283 fm-pr-lib.sh:417 FM_PR_REG_TEMPLATE_HASH=e87aae384ec62ae28f78a0779020f52f7b891ba0cafea2551b5a2c4e967870cf
+1789354099.462293 fm-pr-lib.sh:418 FM_PR_REG_DATA_IDENTITY=74:475373
+1789354099.462302 fm-pr-lib.sh:419 FM_PR_REG_CHECK_IDENTITY=74:475374
+1789354099.462371 fm-pr-lib.sh:601 '[' safe-check = safe-check ']'
+1789354099.462389 fm-pr-lib.sh:602 '[' github = github ']'
+1789354099.462404 fm-pr-lib.sh:603 '[' https://github.com/o/r/pull/99 = https://github.com/o/r/pull/99 ']'
+1789354099.462416 fm-pr-lib.sh:604 '[' github.com = github.com ']'
+1789354099.462429 fm-pr-lib.sh:605 '[' o/r = o/r ']'
+1789354099.462443 fm-pr-lib.sh:606 '[' 99 = 99 ']'
+1789354099.462461 fm-pr-lib.sh:607 '[' efb68e1603469fff3b15ca368ca6e2798f600d3d600366e6317a517628ebf8b4 = efb68e1603469fff3b15ca368ca6e2798f600d3d600366e6317a517628ebf8b4 ']'
+1789354099.462478 fm-pr-lib.sh:608 '[' e87aae384ec62ae28f78a0779020f52f7b891ba0cafea2551b5a2c4e967870cf = e87aae384ec62ae28f78a0779020f52f7b891ba0cafea2551b5a2c4e967870cf ']'
+1789354099.462492 fm-pr-lib.sh:609 '[' 74:475373 = 74:475373 ']'
+1789354099.462503 fm-pr-lib.sh:610 '[' 74:475374 = 74:475374 ']'
+1789354099.462517 fm-pr-lib.sh:611 fm_pr_metadata_identity_parse /tmp/fm-pr-check-security.q7m8p0/rejected-metacharacters/home/state/safe-check.meta
+1789354099.462555 fm-pr-lib.sh:289 local file=/tmp/fm-pr-check-security.q7m8p0/rejected-metacharacters/home/state/safe-check.meta line value pr_count=0 seen_pr=0 post_pr_invalid=0
+1789354099.462577 fm-pr-lib.sh:290 FM_PR_META_PROVIDER=
+1789354099.462587 fm-pr-lib.sh:291 FM_PR_META_URL=
+1789354099.462595 fm-pr-lib.sh:292 FM_PR_META_HOST=
+1789354099.462603 fm-pr-lib.sh:293 FM_PR_META_PATH=
+1789354099.462612 fm-pr-lib.sh:294 FM_PR_META_NUMBER=
+1789354099.462627 fm-pr-lib.sh:295 '[' -f /tmp/fm-pr-check-security.q7m8p0/rejected-metacharacters/home/state/safe-check.meta ']'
+1789354099.462652 fm-pr-lib.sh:295 '[' '!' -L /tmp/fm-pr-check-security.q7m8p0/rejected-metacharacters/home/state/safe-check.meta ']'
++1789354099.463744 fm-pr-lib.sh:296 fm_pr_file_link_count /tmp/fm-pr-check-security.q7m8p0/rejected-metacharacters/home/state/safe-check.meta
+++1789354099.464834 fm-pr-lib.sh:233 uname
++1789354099.470588 fm-pr-lib.sh:233 '[' Linux = Darwin ']'
++1789354099.470780 fm-pr-lib.sh:236 stat -c %h /tmp/fm-pr-check-security.q7m8p0/rejected-metacharacters/home/state/safe-check.meta
+1789354099.476553 fm-pr-lib.sh:296 '[' 1 = 1 ']'
+1789354099.476698 fm-pr-lib.sh:297 IFS=
+1789354099.476719 fm-pr-lib.sh:297 read -r line
+1789354099.476782 fm-pr-lib.sh:298 case "$line" in
+1789354099.476816 fm-pr-lib.sh:321 '[' 0 -eq 0 ']'
+1789354099.476836 fm-pr-lib.sh:297 IFS=
+1789354099.476851 fm-pr-lib.sh:297 read -r line
+1789354099.476871 fm-pr-lib.sh:298 case "$line" in
+1789354099.476898 fm-pr-lib.sh:300 pr_count=1
+1789354099.476925 fm-pr-lib.sh:301 '[' 1 -eq 1 ']'
+1789354099.476947 fm-pr-lib.sh:302 value=https://github.com/o/r/pull/99
+1789354099.476959 fm-pr-lib.sh:303 fm_pr_url_parse https://github.com/o/r/pull/99
+1789354099.477046 fm-pr-lib.sh:169 local raw=https://github.com/o/r/pull/99 pattern host path
+1789354099.477070 fm-pr-lib.sh:170 local LC_ALL=C
+1789354099.477094 fm-pr-lib.sh:171 FM_PR_PROVIDER=
+1789354099.477109 fm-pr-lib.sh:172 FM_PR_URL=
+1789354099.477119 fm-pr-lib.sh:173 FM_PR_HOST=
+1789354099.477127 fm-pr-lib.sh:174 FM_PR_PATH=
+1789354099.477137 fm-pr-lib.sh:175 FM_PR_OWNER=
+1789354099.477144 fm-pr-lib.sh:176 FM_PR_REPO=
+1789354099.477151 fm-pr-lib.sh:177 FM_PR_NUMBER=
+1789354099.477168 fm-pr-lib.sh:178 pattern='^https://github\.com/([A-Za-z0-9]|[A-Za-z0-9][A-Za-z0-9-]{0,37}[A-Za-z0-9])/([A-Za-z0-9._-]{1,100})/pull/([1-9][0-9]*)$'
+1789354099.477181 fm-pr-lib.sh:179 [[ https://github.com/o/r/pull/99 =~ ^https://github\.com/([A-Za-z0-9]|[A-Za-z0-9][A-Za-z0-9-]{0,37}[A-Za-z0-9])/([A-Za-z0-9._-]{1,100})/pull/([1-9][0-9]*)$ ]]
+1789354099.477583 fm-pr-lib.sh:180 [[ o != *--* ]]
+1789354099.477620 fm-pr-lib.sh:181 '[' r '!=' . ']'
+1789354099.477635 fm-pr-lib.sh:181 '[' r '!=' .. ']'
+1789354099.477643 fm-pr-lib.sh:182 FM_PR_PROVIDER=github
+1789354099.477653 fm-pr-lib.sh:183 FM_PR_URL=https://github.com/o/r/pull/99
+1789354099.477661 fm-pr-lib.sh:184 FM_PR_HOST=github.com
+1789354099.477674 fm-pr-lib.sh:185 FM_PR_PATH=o/r
+1789354099.477684 fm-pr-lib.sh:188 FM_PR_OWNER=o
+1789354099.477692 fm-pr-lib.sh:190 FM_PR_REPO=r
+1789354099.477702 fm-pr-lib.sh:191 FM_PR_NUMBER=99
+1789354099.477710 fm-pr-lib.sh:192 return 0
+1789354099.477775 fm-pr-lib.sh:304 FM_PR_META_PROVIDER=github
+1789354099.477793 fm-pr-lib.sh:305 FM_PR_META_URL=https://github.com/o/r/pull/99
+1789354099.477805 fm-pr-lib.sh:306 FM_PR_META_HOST=github.com
+1789354099.477816 fm-pr-lib.sh:307 FM_PR_META_PATH=o/r
+1789354099.477826 fm-pr-lib.sh:308 FM_PR_META_NUMBER=99
+1789354099.477837 fm-pr-lib.sh:310 seen_pr=1
+1789354099.477857 fm-pr-lib.sh:297 IFS=
+1789354099.477869 fm-pr-lib.sh:297 read -r line
+1789354099.477895 fm-pr-lib.sh:297 '[' -n '' ']'
+1789354099.477953 fm-pr-lib.sh:325 '[' 1 -eq 1 ']'
+1789354099.477975 fm-pr-lib.sh:326 '[' 0 -eq 0 ']'
+1789354099.477998 fm-pr-lib.sh:327 '[' -n https://github.com/o/r/pull/99 ']'
+1789354099.478075 fm-pr-lib.sh:612 '[' github = github ']'
+1789354099.478094 fm-pr-lib.sh:613 '[' https://github.com/o/r/pull/99 = https://github.com/o/r/pull/99 ']'
+1789354099.478108 fm-pr-lib.sh:614 '[' github.com = github.com ']'
+1789354099.478123 fm-pr-lib.sh:615 '[' o/r = o/r ']'
+1789354099.478138 fm-pr-lib.sh:616 '[' 99 = 99 ']'
+1789354099.478344 fm-pr-lib.sh:641 registration=/tmp/fm-pr-check-security.q7m8p0/rejected-metacharacters/home/state/safe-check.pr-poll-registration
++1789354099.479384 fm-pr-lib.sh:642 fm_pr_sha256 /tmp/fm-pr-check-security.q7m8p0/rejected-metacharacters/home/state/safe-check.pr-poll-registration
++1789354099.479684 fm-pr-lib.sh:257 command -v shasum
++1789354099.480555 fm-pr-lib.sh:258 shasum -a 256 /tmp/fm-pr-check-security.q7m8p0/rejected-metacharacters/home/state/safe-check.pr-poll-registration
++1789354099.480855 fm-pr-lib.sh:258 awk '{print $1}'
+1789354099.510819 fm-pr-lib.sh:642 reg_hash=6cf2d556ab639280104f3f7bfc55aae215df77d60e4f8da1b7cdb1c958785453
++1789354099.511839 fm-pr-lib.sh:643 fm_pr_file_identity /tmp/fm-pr-check-security.q7m8p0/rejected-metacharacters/home/state/safe-check.pr-poll-registration
++1789354099.512143 fm-pr-lib.sh:249 local device inode
+++1789354099.512944 fm-pr-lib.sh:250 fm_pr_file_device /tmp/fm-pr-check-security.q7m8p0/rejected-metacharacters/home/state/safe-check.pr-poll-registration
++++1789354099.513988 fm-pr-lib.sh:225 uname
+++1789354099.519641 fm-pr-lib.sh:225 '[' Linux = Darwin ']'
+++1789354099.519800 fm-pr-lib.sh:228 stat -c %d /tmp/fm-pr-check-security.q7m8p0/rejected-metacharacters/home/state/safe-check.pr-poll-registration
++1789354099.525647 fm-pr-lib.sh:250 device=74
+++1789354099.526898 fm-pr-lib.sh:251 fm_pr_file_inode /tmp/fm-pr-check-security.q7m8p0/rejected-metacharacters/home/state/safe-check.pr-poll-registration
++++1789354099.527925 fm-pr-lib.sh:241 uname
+++1789354099.532591 fm-pr-lib.sh:241 '[' Linux = Darwin ']'
+++1789354099.532708 fm-pr-lib.sh:244 stat -c %i /tmp/fm-pr-check-security.q7m8p0/rejected-metacharacters/home/state/safe-check.pr-poll-registration
++1789354099.538662 fm-pr-lib.sh:251 inode=475375
++1789354099.538812 fm-pr-lib.sh:252 '[' -n 74 ']'
++1789354099.538840 fm-pr-lib.sh:252 '[' -n 475375 ']'
++1789354099.538867 fm-pr-lib.sh:253 printf '%s:%s\n' 74 475375
+1789354099.539650 fm-pr-lib.sh:643 reg_identity=74:475375
+1789354099.539760 fm-pr-lib.sh:644 '[' github = github ']'
+1789354099.539790 fm-pr-lib.sh:645 '[' https://github.com/o/r/pull/99 = https://github.com/o/r/pull/99 ']'
+1789354099.539814 fm-pr-lib.sh:646 '[' github.com = github.com ']'
+1789354099.539832 fm-pr-lib.sh:647 '[' o/r = o/r ']'
+1789354099.539850 fm-pr-lib.sh:648 '[' 99 = 99 ']'
+1789354099.539900 fm-pr-lib.sh:649 '[' efb68e1603469fff3b15ca368ca6e2798f600d3d600366e6317a517628ebf8b4 = efb68e1603469fff3b15ca368ca6e2798f600d3d600366e6317a517628ebf8b4 ']'
+1789354099.539954 fm-pr-lib.sh:650 '[' e87aae384ec62ae28f78a0779020f52f7b891ba0cafea2551b5a2c4e967870cf = e87aae384ec62ae28f78a0779020f52f7b891ba0cafea2551b5a2c4e967870cf ']'
+1789354099.539977 fm-pr-lib.sh:651 '[' 74:475373 = 74:475373 ']'
+1789354099.539997 fm-pr-lib.sh:652 '[' 74:475374 = 74:475374 ']'
+1789354099.540030 fm-pr-lib.sh:653 '[' 6cf2d556ab639280104f3f7bfc55aae215df77d60e4f8da1b7cdb1c958785453 = 6cf2d556ab639280104f3f7bfc55aae215df77d60e4f8da1b7cdb1c958785453 ']'
+1789354099.540051 fm-pr-lib.sh:654 '[' 74:475375 = 74:475375 ']'
+1789354099.540191 fm-watch.sh:2037 run_check_capture /tmp/fm-target-99f67cc/bin/fm-pr-poll.sh --validated github https://github.com/o/r/pull/99 github.com o/r 99
+1789354099.540254 fm-watch.sh:1519 local pgid
+1789354099.540275 fm-watch.sh:1520 fm_check_output_cleanup
+1789354099.540301 fm-watch.sh:1489 '[' -z '' ']'
+1789354099.540311 fm-watch.sh:1490 FM_CHECK_OUTPUT=
+1789354099.540325 fm-watch.sh:1521 FM_CHECK_RESULT=
++1789354099.541091 fm-watch.sh:1522 mktemp /tmp/fm-pr-check-security.q7m8p0/rejected-metacharacters/home/state/.fm-check-output.XXXXXX
+1789354099.545944 fm-watch.sh:1522 FM_CHECK_OUTPUT=/tmp/fm-pr-check-security.q7m8p0/rejected-metacharacters/home/state/.fm-check-output.aaS6BR
+1789354099.546057 fm-watch.sh:1523 chmod 0600 /tmp/fm-pr-check-security.q7m8p0/rejected-metacharacters/home/state/.fm-check-output.aaS6BR
+1789354099.550681 fm-watch.sh:1524 FM_CHECK_SIGNAL_PENDING=
+1789354099.550773 fm-watch.sh:1525 trap FM_CHECK_SIGNAL_PENDING=1 HUP INT TERM
+1789354099.550818 fm-watch.sh:1526 set -m
+1789354099.551513 fm-watch.sh:1528 FM_ACTIVE_CHECK_PID=2973351
+1789354099.551660 fm-watch.sh:1529 FM_ACTIVE_CHECK_PGID=2973351
+1789354099.551711 fm-watch.sh:1530 set +m
+1789354099.551908 fm-watch.sh:1527 FM_CHECK_OWNED_GROUP=1
+1789354099.551979 fm-watch.sh:1527 run_check_process /tmp/fm-target-99f67cc/bin/fm-pr-poll.sh --validated github https://github.com/o/r/pull/99 github.com o/r 99
+1789354099.552157 fm-watch.sh:1466 local c=/tmp/fm-target-99f67cc/bin/fm-pr-poll.sh
+1789354099.552209 fm-watch.sh:1467 shift
+1789354099.552256 fm-watch.sh:1468 '[' 0 '!=' 1 ']'
+1789354099.552280 fm-watch.sh:1468 command -v timeout
+1789354099.552465 fm-watch.sh:1469 exec timeout 1 bash /tmp/fm-target-99f67cc/bin/fm-pr-poll.sh --validated github https://github.com/o/r/pull/99 github.com o/r 99
++1789354099.553877 fm-watch.sh:1531 ps -o pgid= -p 2973351
++1789354099.554321 fm-watch.sh:1531 tr -d '[:space:]'
+1789354099.563447 fm-watch.sh:1531 pgid=2973351
+1789354099.563563 fm-watch.sh:1532 trap 'exit 1' HUP INT TERM
+1789354099.563610 fm-watch.sh:1533 '[' -n 2973351 ']'
+1789354099.563634 fm-watch.sh:1533 '[' 2973351 '!=' 2973351 ']'
+1789354099.563654 fm-watch.sh:1538 '[' -z '' ']'
+1789354099.563676 fm-watch.sh:1539 wait 2973351
+1789354099.658489 fm-watch.sh:1540 FM_ACTIVE_CHECK_PID=
+1789354099.658548 fm-watch.sh:1541 fm_active_check_stop
+1789354099.658735 fm-watch.sh:1494 local pid= pgid=2973351 i
+1789354099.658768 fm-watch.sh:1495 '[' -n '' ']'
+1789354099.658784 fm-watch.sh:1495 '[' -n 2973351 ']'
+1789354099.658797 fm-watch.sh:1496 '[' -z 2973351 ']'
+1789354099.658811 fm-watch.sh:1496 kill -TERM -- -2973351
+1789354099.658872 fm-watch.sh:1496 true
+1789354099.658886 fm-watch.sh:1497 '[' -z '' ']'
+1789354099.658896 fm-watch.sh:1498 i=0
+1789354099.658906 fm-watch.sh:1499 '[' -n 2973351 ']'
+1789354099.658917 fm-watch.sh:1499 kill -0 -- -2973351
+1789354099.658940 fm-watch.sh:1503 '[' -z 2973351 ']'
+1789354099.658952 fm-watch.sh:1503 kill -KILL -- -2973351
+1789354099.658973 fm-watch.sh:1503 true
+1789354099.658983 fm-watch.sh:1504 '[' -z '' ']'
+1789354099.658994 fm-watch.sh:1505 '[' -z '' ']'
+1789354099.659002 fm-watch.sh:1506 i=0
+1789354099.659011 fm-watch.sh:1507 '[' -n 2973351 ']'
+1789354099.659021 fm-watch.sh:1507 kill -0 -- -2973351
+1789354099.659043 fm-watch.sh:1511 '[' -n 2973351 ']'
+1789354099.659054 fm-watch.sh:1511 kill -0 -- -2973351
+1789354099.659086 fm-watch.sh:1514 FM_ACTIVE_CHECK_PID=
+1789354099.659098 fm-watch.sh:1515 FM_ACTIVE_CHECK_PGID=
++1789354099.660425 fm-watch.sh:1542 cat /tmp/fm-pr-check-security.q7m8p0/rejected-metacharacters/home/state/.fm-check-output.aaS6BR
+1789354099.665806 fm-watch.sh:1542 FM_CHECK_RESULT=merged
+1789354099.665984 fm-watch.sh:1543 fm_check_output_cleanup
+1789354099.666095 fm-watch.sh:1489 '[' -z /tmp/fm-pr-check-security.q7m8p0/rejected-metacharacters/home/state/.fm-check-output.aaS6BR ']'
+1789354099.666122 fm-watch.sh:1489 rm -f -- /tmp/fm-pr-check-security.q7m8p0/rejected-metacharacters/home/state/.fm-check-output.aaS6BR
+1789354099.667984 fm-watch.sh:1490 FM_CHECK_OUTPUT=
+1789354099.668245 fm-watch.sh:2039 out=merged
+1789354099.668270 fm-watch.sh:2051 '[' -n merged ']'
+1789354099.668291 fm-watch.sh:2052 reason='check: /tmp/fm-pr-check-security.q7m8p0/rejected-metacharacters/home/state/safe-check.check.sh: merged'
+1789354099.668306 fm-watch.sh:2053 '[' 1 -eq 1 ']'
+1789354099.668328 fm-watch.sh:2053 '[' merged = merged ']'
+1789354099.668359 fm-watch.sh:2054 fm_merge_authority_read /tmp/fm-pr-check-security.q7m8p0/rejected-metacharacters/home/state safe-check github github.com o/r 99
+1789354099.668432 fm-merge-authority-lib.sh:155 local state=/tmp/fm-pr-check-security.q7m8p0/rejected-metacharacters/home/state id=safe-check provider=github host=github.com path=o/r number=99
+1789354099.668467 fm-merge-authority-lib.sh:156 local record state_device lock status=0
+1789354099.668485 fm-merge-authority-lib.sh:157 FM_MERGE_AUTHORITY=external
+1789354099.668498 fm-merge-authority-lib.sh:158 FM_MERGE_AUTHORITY_RECORD_IDENTITY=
+1789354099.668515 fm-merge-authority-lib.sh:159 fm_pr_task_id_valid safe-check
+1789354099.668537 fm-pr-lib.sh:102 local id=safe-check
+1789354099.668549 fm-pr-lib.sh:103 fm_task_id_path_safe safe-check
+1789354099.668566 fm-pr-lib.sh:94 local id=safe-check
+1789354099.668577 fm-pr-lib.sh:95 local LC_ALL=C
+1789354099.668600 fm-pr-lib.sh:96 case "$id" in
+1789354099.668653 fm-merge-authority-lib.sh:160 '[' -d /tmp/fm-pr-check-security.q7m8p0/rejected-metacharacters/home/state ']'
+1789354099.668680 fm-merge-authority-lib.sh:160 '[' '!' -L /tmp/fm-pr-check-security.q7m8p0/rejected-metacharacters/home/state ']'
++1789354099.669906 fm-merge-authority-lib.sh:161 fm_pr_file_device /tmp/fm-pr-check-security.q7m8p0/rejected-metacharacters/home/state
+++1789354099.671053 fm-pr-lib.sh:225 uname
++1789354099.676123 fm-pr-lib.sh:225 '[' Linux = Darwin ']'
++1789354099.676243 fm-pr-lib.sh:228 stat -c %d /tmp/fm-pr-check-security.q7m8p0/rejected-metacharacters/home/state
+1789354099.681471 fm-merge-authority-lib.sh:161 state_device=74
+1789354099.681589 fm-merge-authority-lib.sh:162 record=/tmp/fm-pr-check-security.q7m8p0/rejected-metacharacters/home/state/safe-check.merge-authority
+1789354099.681624 fm-merge-authority-lib.sh:163 lock=/tmp/fm-pr-check-security.q7m8p0/rejected-metacharacters/home/state/safe-check.merge-authority.lock
+1789354099.681655 fm-merge-authority-lib.sh:164 fm_lock_acquire_wait /tmp/fm-pr-check-security.q7m8p0/rejected-metacharacters/home/state/safe-check.merge-authority.lock
+1789354099.681722 fm-wake-lib.sh:1002 local lockdir=/tmp/fm-pr-check-security.q7m8p0/rejected-metacharacters/home/state/safe-check.merge-authority.lock
+1789354099.681753 fm-wake-lib.sh:1003 fm_lock_try_acquire /tmp/fm-pr-check-security.q7m8p0/rejected-metacharacters/home/state/safe-check.merge-authority.lock
+1789354099.682009 fm-wake-lib.sh:902 local lockdir=/tmp/fm-pr-check-security.q7m8p0/rejected-metacharacters/home/state/safe-check.merge-authority.lock pid steal cur rc steal_owner primary_owner current
+1789354099.682052 fm-wake-lib.sh:903 FM_LOCK_HELD_PID=
+1789354099.682068 fm-wake-lib.sh:904 FM_LOCK_OWNER_DIR=
+1789354099.682078 fm-wake-lib.sh:905 FM_LOCK_RECOVERED_PID=
+1789354099.682093 fm-wake-lib.sh:907 fm_lock_try_create /tmp/fm-pr-check-security.q7m8p0/rejected-metacharacters/home/state/safe-check.merge-authority.lock
+1789354099.682141 fm-wake-lib.sh:537 local lockdir=/tmp/fm-pr-check-security.q7m8p0/rejected-metacharacters/home/state/safe-check.merge-authority.lock allowed_steal_owner= ownerdir
+1789354099.682165 fm-wake-lib.sh:538 FM_LOCK_OWNER_DIR=
++1789354099.683220 fm-wake-lib.sh:539 fm_lock_owner_dir /tmp/fm-pr-check-security.q7m8p0/rejected-metacharacters/home/state/safe-check.merge-authority.lock
++1789354099.683445 fm-wake-lib.sh:456 local lockdir=/tmp/fm-pr-check-security.q7m8p0/rejected-metacharacters/home/state/safe-check.merge-authority.lock lock_abs
+++1789354099.684242 fm-wake-lib.sh:457 fm_lock_abs_path /tmp/fm-pr-check-security.q7m8p0/rejected-metacharacters/home/state/safe-check.merge-authority.lock
+++1789354099.684488 fm-wake-lib.sh:448 local path=/tmp/fm-pr-check-security.q7m8p0/rejected-metacharacters/home/state/safe-check.merge-authority.lock dir base
++++1789354099.685398 fm-wake-lib.sh:449 dirname /tmp/fm-pr-check-security.q7m8p0/rejected-metacharacters/home/state/safe-check.merge-authority.lock
+++1789354099.690317 fm-wake-lib.sh:449 dir=/tmp/fm-pr-check-security.q7m8p0/rejected-metacharacters/home/state
++++1789354099.691266 fm-wake-lib.sh:450 basename /tmp/fm-pr-check-security.q7m8p0/rejected-metacharacters/home/state/safe-check.merge-authority.lock
+++1789354099.695868 fm-wake-lib.sh:450 base=safe-check.merge-authority.lock
++++1789354099.696844 fm-wake-lib.sh:451 cd /tmp/fm-pr-check-security.q7m8p0/rejected-metacharacters/home/state
++++1789354099.697085 fm-wake-lib.sh:451 pwd -P
+++1789354099.697761 fm-wake-lib.sh:451 dir=/tmp/fm-pr-check-security.q7m8p0/rejected-metacharacters/home/state
+++1789354099.697849 fm-wake-lib.sh:452 printf '%s/%s\n' /tmp/fm-pr-check-security.q7m8p0/rejected-metacharacters/home/state safe-check.merge-authority.lock
++1789354099.698663 fm-wake-lib.sh:457 lock_abs=/tmp/fm-pr-check-security.q7m8p0/rejected-metacharacters/home/state/safe-check.merge-authority.lock
++1789354099.698774 fm-wake-lib.sh:458 mktemp -d /tmp/fm-pr-check-security.q7m8p0/rejected-metacharacters/home/state/safe-check.merge-authority.lock.owner.XXXXXX
+1789354099.704250 fm-wake-lib.sh:539 ownerdir=/tmp/fm-pr-check-security.q7m8p0/rejected-metacharacters/home/state/safe-check.merge-authority.lock.owner.GHbTu8
+1789354099.704346 fm-wake-lib.sh:540 '[' -e /tmp/fm-pr-check-security.q7m8p0/rejected-metacharacters/home/state/safe-check.merge-authority.lock ']'
+1789354099.704388 fm-wake-lib.sh:540 '[' -L /tmp/fm-pr-check-security.q7m8p0/rejected-metacharacters/home/state/safe-check.merge-authority.lock ']'
+1789354099.704414 fm-wake-lib.sh:544 fm_lock_prepare_owner /tmp/fm-pr-check-security.q7m8p0/rejected-metacharacters/home/state/safe-check.merge-authority.lock.owner.GHbTu8
+1789354099.704468 fm-wake-lib.sh:462 local ownerdir=/tmp/fm-pr-check-security.q7m8p0/rejected-metacharacters/home/state/safe-check.merge-authority.lock.owner.GHbTu8 mypid back
+1789354099.704494 fm-wake-lib.sh:463 fm_current_pid mypid
+1789354099.704531 fm-wake-lib.sh:38 local fm_pid
+1789354099.704583 fm-wake-lib.sh:39 fm_pid=2972488
+1789354099.704599 fm-wake-lib.sh:40 case "$fm_pid" in
+1789354099.704618 fm-wake-lib.sh:41 '[' 1 -gt 0 ']'
+1789354099.704634 fm-wake-lib.sh:42 printf -v mypid %s 2972488
+1789354099.704663 fm-wake-lib.sh:464 printf '%s\n' 2972488
++1789354099.705847 fm-wake-lib.sh:465 cat /tmp/fm-pr-check-security.q7m8p0/rejected-metacharacters/home/state/safe-check.merge-authority.lock.owner.GHbTu8/pid
+1789354099.711829 fm-wake-lib.sh:465 back=2972488
+1789354099.711955 fm-wake-lib.sh:466 '[' 2972488 = 2972488 ']'
+1789354099.712053 fm-wake-lib.sh:548 ln -s /tmp/fm-pr-check-security.q7m8p0/rejected-metacharacters/home/state/safe-check.merge-authority.lock.owner.GHbTu8 /tmp/fm-pr-check-security.q7m8p0/rejected-metacharacters/home/state/safe-check.merge-authority.lock
+1789354099.716530 fm-wake-lib.sh:548 fm_lock_points_to_owner /tmp/fm-pr-check-security.q7m8p0/rejected-metacharacters/home/state/safe-check.merge-authority.lock /tmp/fm-pr-check-security.q7m8p0/rejected-metacharacters/home/state/safe-check.merge-authority.lock.owner.GHbTu8
+1789354099.716681 fm-wake-lib.sh:480 local lockdir=/tmp/fm-pr-check-security.q7m8p0/rejected-metacharacters/home/state/safe-check.merge-authority.lock ownerdir=/tmp/fm-pr-check-security.q7m8p0/rejected-metacharacters/home/state/safe-check.merge-authority.lock.owner.GHbTu8 actual
++1789354099.718169 fm-wake-lib.sh:481 readlink /tmp/fm-pr-check-security.q7m8p0/rejected-metacharacters/home/state/safe-check.merge-authority.lock
+1789354099.723868 fm-wake-lib.sh:481 actual=/tmp/fm-pr-check-security.q7m8p0/rejected-metacharacters/home/state/safe-check.merge-authority.lock.owner.GHbTu8
+1789354099.723966 fm-wake-lib.sh:482 '[' /tmp/fm-pr-check-security.q7m8p0/rejected-metacharacters/home/state/safe-check.merge-authority.lock.owner.GHbTu8 = /tmp/fm-pr-check-security.q7m8p0/rejected-metacharacters/home/state/safe-check.merge-authority.lock.owner.GHbTu8 ']'
+1789354099.724044 fm-wake-lib.sh:549 fm_lock_claim /tmp/fm-pr-check-security.q7m8p0/rejected-metacharacters/home/state/safe-check.merge-authority.lock /tmp/fm-pr-check-security.q7m8p0/rejected-metacharacters/home/state/safe-check.merge-authority.lock.owner.GHbTu8 ''
+1789354099.724113 fm-wake-lib.sh:511 local lockdir=/tmp/fm-pr-check-security.q7m8p0/rejected-metacharacters/home/state/safe-check.merge-authority.lock ownerdir=/tmp/fm-pr-check-security.q7m8p0/rejected-metacharacters/home/state/safe-check.merge-authority.lock.owner.GHbTu8 allowed_steal_owner= mypid back
+1789354099.724143 fm-wake-lib.sh:512 fm_current_pid mypid
+1789354099.724173 fm-wake-lib.sh:38 local fm_pid
+1789354099.724220 fm-wake-lib.sh:39 fm_pid=2972488
+1789354099.724231 fm-wake-lib.sh:40 case "$fm_pid" in
+1789354099.724254 fm-wake-lib.sh:41 '[' 1 -gt 0 ']'
+1789354099.724278 fm-wake-lib.sh:42 printf -v mypid %s 2972488
+1789354099.724333 fm-wake-lib.sh:513 printf '%s\n' 2972488
++1789354099.725543 fm-wake-lib.sh:517 cat /tmp/fm-pr-check-security.q7m8p0/rejected-metacharacters/home/state/safe-check.merge-authority.lock.owner.GHbTu8/pid
+1789354099.730751 fm-wake-lib.sh:517 back=2972488
+1789354099.730848 fm-wake-lib.sh:518 '[' 2972488 '!=' 2972488 ']'
+1789354099.730923 fm-wake-lib.sh:522 fm_lock_points_to_owner /tmp/fm-pr-check-security.q7m8p0/rejected-metacharacters/home/state/safe-check.merge-authority.lock /tmp/fm-pr-check-security.q7m8p0/rejected-metacharacters/home/state/safe-check.merge-authority.lock.owner.GHbTu8
+1789354099.730984 fm-wake-lib.sh:480 local lockdir=/tmp/fm-pr-check-security.q7m8p0/rejected-metacharacters/home/state/safe-check.merge-authority.lock ownerdir=/tmp/fm-pr-check-security.q7m8p0/rejected-metacharacters/home/state/safe-check.merge-authority.lock.owner.GHbTu8 actual
++1789354099.732264 fm-wake-lib.sh:481 readlink /tmp/fm-pr-check-security.q7m8p0/rejected-metacharacters/home/state/safe-check.merge-authority.lock
+1789354099.738353 fm-wake-lib.sh:481 actual=/tmp/fm-pr-check-security.q7m8p0/rejected-metacharacters/home/state/safe-check.merge-authority.lock.owner.GHbTu8
+1789354099.738461 fm-wake-lib.sh:482 '[' /tmp/fm-pr-check-security.q7m8p0/rejected-metacharacters/home/state/safe-check.merge-authority.lock.owner.GHbTu8 = /tmp/fm-pr-check-security.q7m8p0/rejected-metacharacters/home/state/safe-check.merge-authority.lock.owner.GHbTu8 ']'
+1789354099.738533 fm-wake-lib.sh:526 fm_lock_claim_blocked_by_steal /tmp/fm-pr-check-security.q7m8p0/rejected-metacharacters/home/state/safe-check.merge-authority.lock ''
+1789354099.738596 fm-wake-lib.sh:501 local lockdir=/tmp/fm-pr-check-security.q7m8p0/rejected-metacharacters/home/state/safe-check.merge-authority.lock allowed_steal_owner= steal
+1789354099.738632 fm-wake-lib.sh:502 steal=/tmp/fm-pr-check-security.q7m8p0/rejected-metacharacters/home/state/safe-check.merge-authority.lock.steal
+1789354099.738652 fm-wake-lib.sh:503 '[' -e /tmp/fm-pr-check-security.q7m8p0/rejected-metacharacters/home/state/safe-check.merge-authority.lock.steal ']'
+1789354099.738683 fm-wake-lib.sh:503 '[' -L /tmp/fm-pr-check-security.q7m8p0/rejected-metacharacters/home/state/safe-check.merge-authority.lock.steal ']'
+1789354099.738699 fm-wake-lib.sh:503 return 1
+1789354099.738724 fm-wake-lib.sh:533 return 0
+1789354099.738780 fm-wake-lib.sh:550 FM_LOCK_OWNER_DIR=/tmp/fm-pr-check-security.q7m8p0/rejected-metacharacters/home/state/safe-check.merge-authority.lock.owner.GHbTu8
+1789354099.738798 fm-wake-lib.sh:551 return 0
+1789354099.738868 fm-wake-lib.sh:908 return 0
+1789354099.739086 fm-merge-authority-lib.sh:165 fm_merge_authority_record_matches /tmp/fm-pr-check-security.q7m8p0/rejected-metacharacters/home/state/safe-check.merge-authority 74 github github.com o/r 99
+1789354099.739128 fm-merge-authority-lib.sh:90 local record=/tmp/fm-pr-check-security.q7m8p0/rejected-metacharacters/home/state/safe-check.merge-authority device=74 expected_provider=github expected_host=github.com expected_path=o/r expected_number=99
+1789354099.739156 fm-merge-authority-lib.sh:91 local version provider host path number authority
+1789354099.739181 fm-merge-authority-lib.sh:92 fm_pr_private_file_valid /tmp/fm-pr-check-security.q7m8p0/rejected-metacharacters/home/state/safe-check.merge-authority 600 74
+1789354099.739217 fm-pr-lib.sh:267 local path=/tmp/fm-pr-check-security.q7m8p0/rejected-metacharacters/home/state/safe-check.merge-authority mode=600 device=74
+1789354099.739236 fm-pr-lib.sh:268 '[' -f /tmp/fm-pr-check-security.q7m8p0/rejected-metacharacters/home/state/safe-check.merge-authority ']'
+1789354099.739255 fm-pr-lib.sh:268 return 1
+1789354099.739271 fm-merge-authority-lib.sh:92 return 1
+1789354099.739302 fm-merge-authority-lib.sh:170 FM_MERGE_AUTHORITY=external
+1789354099.739317 fm-merge-authority-lib.sh:171 status=1
+1789354099.739335 fm-merge-authority-lib.sh:173 fm_lock_release /tmp/fm-pr-check-security.q7m8p0/rejected-metacharacters/home/state/safe-check.merge-authority.lock
+1789354099.739370 fm-wake-lib.sh:1098 local lockdir=/tmp/fm-pr-check-security.q7m8p0/rejected-metacharacters/home/state/safe-check.merge-authority.lock pid current ownerdir
+1789354099.739388 fm-wake-lib.sh:1099 fm_current_pid current
+1789354099.739410 fm-wake-lib.sh:38 local fm_pid
+1789354099.739441 fm-wake-lib.sh:39 fm_pid=2972488
+1789354099.739451 fm-wake-lib.sh:40 case "$fm_pid" in
+1789354099.739467 fm-wake-lib.sh:41 '[' 1 -gt 0 ']'
+1789354099.739483 fm-wake-lib.sh:42 printf -v current %s 2972488
+1789354099.739511 fm-wake-lib.sh:1100 '[' -L /tmp/fm-pr-check-security.q7m8p0/rejected-metacharacters/home/state/safe-check.merge-authority.lock ']'
++1789354099.741009 fm-wake-lib.sh:1101 fm_lock_link_owner /tmp/fm-pr-check-security.q7m8p0/rejected-metacharacters/home/state/safe-check.merge-authority.lock
++1789354099.741487 fm-wake-lib.sh:470 local lockdir=/tmp/fm-pr-check-security.q7m8p0/rejected-metacharacters/home/state/safe-check.merge-authority.lock owner
+++1789354099.743080 fm-wake-lib.sh:471 readlink /tmp/fm-pr-check-security.q7m8p0/rejected-metacharacters/home/state/safe-check.merge-authority.lock
++1789354099.748648 fm-wake-lib.sh:471 owner=/tmp/fm-pr-check-security.q7m8p0/rejected-metacharacters/home/state/safe-check.merge-authority.lock.owner.GHbTu8
++1789354099.748831 fm-wake-lib.sh:472 '[' -n /tmp/fm-pr-check-security.q7m8p0/rejected-metacharacters/home/state/safe-check.merge-authority.lock.owner.GHbTu8 ']'
++1789354099.748874 fm-wake-lib.sh:473 case "$owner" in
++1789354099.748910 fm-wake-lib.sh:474 printf '%s\n' /tmp/fm-pr-check-security.q7m8p0/rejected-metacharacters/home/state/safe-check.merge-authority.lock.owner.GHbTu8
+1789354099.749761 fm-wake-lib.sh:1101 ownerdir=/tmp/fm-pr-check-security.q7m8p0/rejected-metacharacters/home/state/safe-check.merge-authority.lock.owner.GHbTu8
+1789354099.749865 fm-wake-lib.sh:1102 '[' -n /tmp/fm-pr-check-security.q7m8p0/rejected-metacharacters/home/state/safe-check.merge-authority.lock.owner.GHbTu8 ']'
++1789354099.751075 fm-wake-lib.sh:1103 cat /tmp/fm-pr-check-security.q7m8p0/rejected-metacharacters/home/state/safe-check.merge-authority.lock.owner.GHbTu8/pid
+1789354099.757294 fm-wake-lib.sh:1103 pid=2972488
+1789354099.757444 fm-wake-lib.sh:1104 '[' 2972488 = 2972488 ']'
+1789354099.757506 fm-wake-lib.sh:1105 fm_lock_points_to_owner /tmp/fm-pr-check-security.q7m8p0/rejected-metacharacters/home/state/safe-check.merge-authority.lock /tmp/fm-pr-check-security.q7m8p0/rejected-metacharacters/home/state/safe-check.merge-authority.lock.owner.GHbTu8
+1789354099.757639 fm-wake-lib.sh:480 local lockdir=/tmp/fm-pr-check-security.q7m8p0/rejected-metacharacters/home/state/safe-check.merge-authority.lock ownerdir=/tmp/fm-pr-check-security.q7m8p0/rejected-metacharacters/home/state/safe-check.merge-authority.lock.owner.GHbTu8 actual
++1789354099.759119 fm-wake-lib.sh:481 readlink /tmp/fm-pr-check-security.q7m8p0/rejected-metacharacters/home/state/safe-check.merge-authority.lock
+1789354099.764390 fm-wake-lib.sh:481 actual=/tmp/fm-pr-check-security.q7m8p0/rejected-metacharacters/home/state/safe-check.merge-authority.lock.owner.GHbTu8
+1789354099.764529 fm-wake-lib.sh:482 '[' /tmp/fm-pr-check-security.q7m8p0/rejected-metacharacters/home/state/safe-check.merge-authority.lock.owner.GHbTu8 = /tmp/fm-pr-check-security.q7m8p0/rejected-metacharacters/home/state/safe-check.merge-authority.lock.owner.GHbTu8 ']'
+1789354099.764621 fm-wake-lib.sh:1106 rm -f /tmp/fm-pr-check-security.q7m8p0/rejected-metacharacters/home/state/safe-check.merge-authority.lock
+1789354099.766929 fm-wake-lib.sh:1107 fm_lock_discard_owner /tmp/fm-pr-check-security.q7m8p0/rejected-metacharacters/home/state/safe-check.merge-authority.lock.owner.GHbTu8
+1789354099.767042 fm-wake-lib.sh:486 local ownerdir=/tmp/fm-pr-check-security.q7m8p0/rejected-metacharacters/home/state/safe-check.merge-authority.lock.owner.GHbTu8
+1789354099.767084 fm-wake-lib.sh:487 '[' -n /tmp/fm-pr-check-security.q7m8p0/rejected-metacharacters/home/state/safe-check.merge-authority.lock.owner.GHbTu8 ']'
+1789354099.767110 fm-wake-lib.sh:488 fm_lock_clean_known_files /tmp/fm-pr-check-security.q7m8p0/rejected-metacharacters/home/state/safe-check.merge-authority.lock.owner.GHbTu8
+1789354099.767146 fm-wake-lib.sh:419 local lockdir=/tmp/fm-pr-check-security.q7m8p0/rejected-metacharacters/home/state/safe-check.merge-authority.lock.owner.GHbTu8
+1789354099.767190 fm-wake-lib.sh:420 rm -f /tmp/fm-pr-check-security.q7m8p0/rejected-metacharacters/home/state/safe-check.merge-authority.lock.owner.GHbTu8/pid /tmp/fm-pr-check-security.q7m8p0/rejected-metacharacters/home/state/safe-check.merge-authority.lock.owner.GHbTu8/fm-home /tmp/fm-pr-check-security.q7m8p0/rejected-metacharacters/home/state/safe-check.merge-authority.lock.owner.GHbTu8/pid-identity /tmp/fm-pr-check-security.q7m8p0/rejected-metacharacters/home/state/safe-check.merge-authority.lock.owner.GHbTu8/role /tmp/fm-pr-check-security.q7m8p0/rejected-metacharacters/home/state/safe-check.merge-authority.lock.owner.GHbTu8/watcher-path
+1789354099.769355 fm-wake-lib.sh:489 rmdir /tmp/fm-pr-check-security.q7m8p0/rejected-metacharacters/home/state/safe-check.merge-authority.lock.owner.GHbTu8
+1789354099.773801 fm-wake-lib.sh:1108 return 0
+1789354099.774065 fm-merge-authority-lib.sh:174 return 1
+1789354099.774259 fm-watch.sh:2056 triage_log 'no matching persisted merge authority for safe-check; recording an external merge outcome'
+1789354099.774300 fm-push-transition-lib.sh:77 local sz
++1789354099.775582 fm-push-transition-lib.sh:78 date +%Y-%m-%dT%H:%M:%S%z
+1789354099.784269 fm-push-transition-lib.sh:78 printf '[%s] %s\n' 2026-09-13T22:48:19-0400 'no matching persisted merge authority for safe-check; recording an external merge outcome'
++1789354099.786964 fm-push-transition-lib.sh:79 wc -c
++1789354099.787398 fm-push-transition-lib.sh:79 tr -d '[:space:]'
+1789354099.792574 fm-push-transition-lib.sh:79 sz=117
+1789354099.792675 fm-push-transition-lib.sh:80 case "$sz" in
+1789354099.792715 fm-push-transition-lib.sh:81 '[' 117 -ge 262144 ']'
+1789354099.792886 fm-watch.sh:2058 merge_authority=external
+1789354099.792909 fm-watch.sh:2059 merge_authority_record_identity=
+1789354099.792924 fm-watch.sh:2060 merge_outcome_rc=0
+1789354099.792975 fm-watch.sh:2061 fm_merge_outcome_report /tmp/fm-pr-check-security.q7m8p0/rejected-metacharacters/home /tmp/fm-pr-check-security.q7m8p0/rejected-metacharacters/home/state safe-check https://github.com/o/r/pull/99 poll external
+1789354099.793186 fm-merge-outcome-lib.sh:57 local home=/tmp/fm-pr-check-security.q7m8p0/rejected-metacharacters/home state=/tmp/fm-pr-check-security.q7m8p0/rejected-metacharacters/home/state id=safe-check url=https://github.com/o/r/pull/99 origin=poll
+1789354099.793228 fm-merge-outcome-lib.sh:58 local authority=external suffix=
+1789354099.793249 fm-merge-outcome-lib.sh:59 local self_rc=0 destination= line lock status=0
+1789354099.793271 fm-merge-outcome-lib.sh:60 local provider host path number
+1789354099.793291 fm-merge-outcome-lib.sh:62 local STATE FM_WAKE_QUEUE FM_WAKE_QUEUE_LOCK
+1789354099.793308 fm-merge-outcome-lib.sh:63 FM_MERGE_OUTCOME_ALREADY_RECORDED=false
+1789354099.793326 fm-merge-outcome-lib.sh:64 case "$origin" in
+1789354099.793338 fm-merge-outcome-lib.sh:65 case "$authority" in
+1789354099.793349 fm-merge-outcome-lib.sh:66 suffix=' external'
+1789354099.793362 fm-merge-outcome-lib.sh:70 fm_pr_task_id_valid safe-check
+1789354099.793382 fm-pr-lib.sh:102 local id=safe-check
+1789354099.793394 fm-pr-lib.sh:103 fm_task_id_path_safe safe-check
+1789354099.793414 fm-pr-lib.sh:94 local id=safe-check
+1789354099.793428 fm-pr-lib.sh:95 local LC_ALL=C
+1789354099.793454 fm-pr-lib.sh:96 case "$id" in
+1789354099.793505 fm-merge-outcome-lib.sh:71 fm_pr_url_parse https://github.com/o/r/pull/99
+1789354099.793563 fm-pr-lib.sh:169 local raw=https://github.com/o/r/pull/99 pattern host path
+1789354099.793582 fm-pr-lib.sh:170 local LC_ALL=C
+1789354099.793597 fm-pr-lib.sh:171 FM_PR_PROVIDER=
+1789354099.793607 fm-pr-lib.sh:172 FM_PR_URL=
+1789354099.793614 fm-pr-lib.sh:173 FM_PR_HOST=
+1789354099.793621 fm-pr-lib.sh:174 FM_PR_PATH=
+1789354099.793628 fm-pr-lib.sh:175 FM_PR_OWNER=
+1789354099.793634 fm-pr-lib.sh:176 FM_PR_REPO=
+1789354099.793642 fm-pr-lib.sh:177 FM_PR_NUMBER=
+1789354099.793658 fm-pr-lib.sh:178 pattern='^https://github\.com/([A-Za-z0-9]|[A-Za-z0-9][A-Za-z0-9-]{0,37}[A-Za-z0-9])/([A-Za-z0-9._-]{1,100})/pull/([1-9][0-9]*)$'
+1789354099.793674 fm-pr-lib.sh:179 [[ https://github.com/o/r/pull/99 =~ ^https://github\.com/([A-Za-z0-9]|[A-Za-z0-9][A-Za-z0-9-]{0,37}[A-Za-z0-9])/([A-Za-z0-9._-]{1,100})/pull/([1-9][0-9]*)$ ]]
+1789354099.794118 fm-pr-lib.sh:180 [[ o != *--* ]]
+1789354099.794194 fm-pr-lib.sh:181 '[' r '!=' . ']'
+1789354099.794255 fm-pr-lib.sh:181 '[' r '!=' .. ']'
+1789354099.794271 fm-pr-lib.sh:182 FM_PR_PROVIDER=github
+1789354099.794287 fm-pr-lib.sh:183 FM_PR_URL=https://github.com/o/r/pull/99
+1789354099.794299 fm-pr-lib.sh:184 FM_PR_HOST=github.com
+1789354099.794319 fm-pr-lib.sh:185 FM_PR_PATH=o/r
+1789354099.794333 fm-pr-lib.sh:188 FM_PR_OWNER=o
+1789354099.794347 fm-pr-lib.sh:190 FM_PR_REPO=r
+1789354099.794360 fm-pr-lib.sh:191 FM_PR_NUMBER=99
+1789354099.794373 fm-pr-lib.sh:192 return 0
+1789354099.794475 fm-merge-outcome-lib.sh:72 provider=github
+1789354099.794501 fm-merge-outcome-lib.sh:73 host=github.com
+1789354099.794514 fm-merge-outcome-lib.sh:74 path=o/r
+1789354099.794525 fm-merge-outcome-lib.sh:75 number=99
+1789354099.794542 fm-merge-outcome-lib.sh:76 '[' -d /tmp/fm-pr-check-security.q7m8p0/rejected-metacharacters/home/state ']'
+1789354099.794572 fm-merge-outcome-lib.sh:76 '[' '!' -L /tmp/fm-pr-check-security.q7m8p0/rejected-metacharacters/home/state ']'
++1789354099.795867 fm-merge-outcome-lib.sh:78 fm_parent_channel_destination /tmp/fm-pr-check-security.q7m8p0/rejected-metacharacters/home /tmp/fm-pr-check-security.q7m8p0/rejected-metacharacters/home/state
++1789354099.796280 fm-parent-channel-lib.sh:99 local home=/tmp/fm-pr-check-security.q7m8p0/rejected-metacharacters/home state=/tmp/fm-pr-check-security.q7m8p0/rejected-metacharacters/home/state id rc=0
++1789354099.796334 fm-parent-channel-lib.sh:100 FM_PARENT_CHANNEL_ID=
++1789354099.796358 fm-parent-channel-lib.sh:101 FM_PARENT_CHANNEL_ROUTE=
+++1789354099.797196 fm-parent-channel-lib.sh:102 fm_parent_channel_home_id /tmp/fm-pr-check-security.q7m8p0/rejected-metacharacters/home
+++1789354099.797601 fm-parent-channel-lib.sh:82 local home=/tmp/fm-pr-check-security.q7m8p0/rejected-metacharacters/home marker id
+++1789354099.797672 fm-parent-channel-lib.sh:83 marker=/tmp/fm-pr-check-security.q7m8p0/rejected-metacharacters/home/.fm-secondmate-home
+++1789354099.797716 fm-parent-channel-lib.sh:84 '[' '!' -e /tmp/fm-pr-check-security.q7m8p0/rejected-metacharacters/home/.fm-secondmate-home ']'
+++1789354099.797757 fm-parent-channel-lib.sh:84 '[' '!' -L /tmp/fm-pr-check-security.q7m8p0/rejected-metacharacters/home/.fm-secondmate-home ']'
+++1789354099.797774 fm-parent-channel-lib.sh:85 return 1
++1789354099.798353 fm-parent-channel-lib.sh:102 id=
++1789354099.798415 fm-parent-channel-lib.sh:102 rc=1
++1789354099.798456 fm-parent-channel-lib.sh:103 '[' 1 -eq 0 ']'
++1789354099.798475 fm-parent-channel-lib.sh:103 return 1
+1789354099.799130 fm-merge-outcome-lib.sh:78 destination=
+1789354099.799215 fm-merge-outcome-lib.sh:81 self_rc=1
+1789354099.799247 fm-merge-outcome-lib.sh:82 '[' 1 -eq 1 ']'
+1789354099.799266 fm-merge-outcome-lib.sh:83 destination=
+1789354099.799290 fm-merge-outcome-lib.sh:86 STATE=/tmp/fm-pr-check-security.q7m8p0/rejected-metacharacters/home/state
+1789354099.799314 fm-merge-outcome-lib.sh:88 . /tmp/fm-target-99f67cc/bin/fm-wake-lib.sh
++++1789354099.801395 fm-wake-lib.sh:4 dirname /tmp/fm-target-99f67cc/bin/fm-wake-lib.sh
+++1789354099.806591 fm-wake-lib.sh:4 cd /tmp/fm-target-99f67cc/bin
+++1789354099.806788 fm-wake-lib.sh:4 pwd
++1789354099.807592 fm-wake-lib.sh:4 FM_WAKE_LIB_DIR=/tmp/fm-target-99f67cc/bin
+++1789354099.808824 fm-wake-lib.sh:5 cd /tmp/fm-target-99f67cc/bin/..
+++1789354099.809102 fm-wake-lib.sh:5 pwd
++1789354099.809632 fm-wake-lib.sh:5 FM_WAKE_DEFAULT_ROOT=/tmp/fm-target-99f67cc
++1789354099.809712 fm-wake-lib.sh:6 FM_ROOT=/tmp/fm-target-99f67cc
++1789354099.809741 fm-wake-lib.sh:7 FM_HOME=/tmp/fm-pr-check-security.q7m8p0/rejected-metacharacters/home
++1789354099.809775 fm-wake-lib.sh:8 STATE=/tmp/fm-pr-check-security.q7m8p0/rejected-metacharacters/home/state
++1789354099.809804 fm-wake-lib.sh:9 FM_WAKE_QUEUE=/tmp/fm-pr-check-security.q7m8p0/rejected-metacharacters/home/state/.wake-queue
++1789354099.809833 fm-wake-lib.sh:10 FM_WAKE_QUEUE_LOCK=/tmp/fm-pr-check-security.q7m8p0/rejected-metacharacters/home/state/.wake-queue.lock
++1789354099.809866 fm-wake-lib.sh:11 FM_LOCK_STALE_AFTER=2
+++1789354099.811149 fm-wake-lib.sh:15 uname
++1789354099.816389 fm-wake-lib.sh:15 _FM_UNAME=Linux
++1789354099.816523 fm-wake-lib.sh:16 mkdir -p /tmp/fm-pr-check-security.q7m8p0/rejected-metacharacters/home/state
++1789354099.821298 fm-wake-lib.sh:139 FM_WATCHER_MATCHED_IDENTITY=
++1789354099.821469 fm-wake-lib.sh:155 FM_WATCHER_HEALTHY_PID=
++1789354099.821484 fm-wake-lib.sh:156 FM_WATCHER_HEALTHY_IDENTITY=
++1789354099.822048 fm-wake-lib.sh:380 FM_WATCHER_VERDICT_OK=false
++1789354099.822114 fm-wake-lib.sh:382 FM_WATCHER_VERDICT_REASON=stale-beacon
++1789354099.823046 fm-wake-lib.sh:606 FM_RECOVERY_MARKER_TOKEN=
++1789354099.823087 fm-wake-lib.sh:607 FM_RECOVERY_MARKER_ACTION=none
++1789354099.827928 fm-wake-lib.sh:2191 FM_WAKE_STATUS_KEY=
++1789354099.827976 fm-wake-lib.sh:2192 FM_WAKE_STATUS_HISTORICAL=false
++1789354099.828066 fm-wake-lib.sh:2231 FM_WAKE_EVENT_LINE=
++1789354099.828079 fm-wake-lib.sh:2232 FM_WAKE_UNREAD_LINES=
+1789354099.828450 fm-merge-outcome-lib.sh:89 lock=/tmp/fm-pr-check-security.q7m8p0/rejected-metacharacters/home/state/safe-check.pr-poll-merge-notified.lock
+1789354099.828474 fm-merge-outcome-lib.sh:90 fm_lock_acquire_wait /tmp/fm-pr-check-security.q7m8p0/rejected-metacharacters/home/state/safe-check.pr-poll-merge-notified.lock
+1789354099.828497 fm-wake-lib.sh:1002 local lockdir=/tmp/fm-pr-check-security.q7m8p0/rejected-metacharacters/home/state/safe-check.pr-poll-merge-notified.lock
+1789354099.828520 fm-wake-lib.sh:1003 fm_lock_try_acquire /tmp/fm-pr-check-security.q7m8p0/rejected-metacharacters/home/state/safe-check.pr-poll-merge-notified.lock
+1789354099.828582 fm-wake-lib.sh:902 local lockdir=/tmp/fm-pr-check-security.q7m8p0/rejected-metacharacters/home/state/safe-check.pr-poll-merge-notified.lock pid steal cur rc steal_owner primary_owner current
+1789354099.828606 fm-wake-lib.sh:903 FM_LOCK_HELD_PID=
+1789354099.828629 fm-wake-lib.sh:904 FM_LOCK_OWNER_DIR=
+1789354099.828640 fm-wake-lib.sh:905 FM_LOCK_RECOVERED_PID=
+1789354099.828655 fm-wake-lib.sh:907 fm_lock_try_create /tmp/fm-pr-check-security.q7m8p0/rejected-metacharacters/home/state/safe-check.pr-poll-merge-notified.lock
+1789354099.828691 fm-wake-lib.sh:537 local lockdir=/tmp/fm-pr-check-security.q7m8p0/rejected-metacharacters/home/state/safe-check.pr-poll-merge-notified.lock allowed_steal_owner= ownerdir
+1789354099.828709 fm-wake-lib.sh:538 FM_LOCK_OWNER_DIR=
++1789354099.829822 fm-wake-lib.sh:539 fm_lock_owner_dir /tmp/fm-pr-check-security.q7m8p0/rejected-metacharacters/home/state/safe-check.pr-poll-merge-notified.lock
++1789354099.830061 fm-wake-lib.sh:456 local lockdir=/tmp/fm-pr-check-security.q7m8p0/rejected-metacharacters/home/state/safe-check.pr-poll-merge-notified.lock lock_abs
+++1789354099.830761 fm-wake-lib.sh:457 fm_lock_abs_path /tmp/fm-pr-check-security.q7m8p0/rejected-metacharacters/home/state/safe-check.pr-poll-merge-notified.lock
+++1789354099.830956 fm-wake-lib.sh:448 local path=/tmp/fm-pr-check-security.q7m8p0/rejected-metacharacters/home/state/safe-check.pr-poll-merge-notified.lock dir base
++++1789354099.831750 fm-wake-lib.sh:449 dirname /tmp/fm-pr-check-security.q7m8p0/rejected-metacharacters/home/state/safe-check.pr-poll-merge-notified.lock
+++1789354099.838145 fm-wake-lib.sh:449 dir=/tmp/fm-pr-check-security.q7m8p0/rejected-metacharacters/home/state
++++1789354099.839415 fm-wake-lib.sh:450 basename /tmp/fm-pr-check-security.q7m8p0/rejected-metacharacters/home/state/safe-check.pr-poll-merge-notified.lock
+++1789354099.846253 fm-wake-lib.sh:450 base=safe-check.pr-poll-merge-notified.lock
++++1789354099.847127 fm-wake-lib.sh:451 cd /tmp/fm-pr-check-security.q7m8p0/rejected-metacharacters/home/state
++++1789354099.847350 fm-wake-lib.sh:451 pwd -P
+++1789354099.848044 fm-wake-lib.sh:451 dir=/tmp/fm-pr-check-security.q7m8p0/rejected-metacharacters/home/state
+++1789354099.848123 fm-wake-lib.sh:452 printf '%s/%s\n' /tmp/fm-pr-check-security.q7m8p0/rejected-metacharacters/home/state safe-check.pr-poll-merge-notified.lock
++1789354099.848826 fm-wake-lib.sh:457 lock_abs=/tmp/fm-pr-check-security.q7m8p0/rejected-metacharacters/home/state/safe-check.pr-poll-merge-notified.lock
++1789354099.848976 fm-wake-lib.sh:458 mktemp -d /tmp/fm-pr-check-security.q7m8p0/rejected-metacharacters/home/state/safe-check.pr-poll-merge-notified.lock.owner.XXXXXX
+1789354099.855158 fm-wake-lib.sh:539 ownerdir=/tmp/fm-pr-check-security.q7m8p0/rejected-metacharacters/home/state/safe-check.pr-poll-merge-notified.lock.owner.qNR1Yk
+1789354099.855245 fm-wake-lib.sh:540 '[' -e /tmp/fm-pr-check-security.q7m8p0/rejected-metacharacters/home/state/safe-check.pr-poll-merge-notified.lock ']'
+1789354099.855289 fm-wake-lib.sh:540 '[' -L /tmp/fm-pr-check-security.q7m8p0/rejected-metacharacters/home/state/safe-check.pr-poll-merge-notified.lock ']'
+1789354099.855318 fm-wake-lib.sh:544 fm_lock_prepare_owner /tmp/fm-pr-check-security.q7m8p0/rejected-metacharacters/home/state/safe-check.pr-poll-merge-notified.lock.owner.qNR1Yk
+1789354099.855368 fm-wake-lib.sh:462 local ownerdir=/tmp/fm-pr-check-security.q7m8p0/rejected-metacharacters/home/state/safe-check.pr-poll-merge-notified.lock.owner.qNR1Yk mypid back
+1789354099.855397 fm-wake-lib.sh:463 fm_current_pid mypid
+1789354099.855432 fm-wake-lib.sh:38 local fm_pid
+1789354099.855473 fm-wake-lib.sh:39 fm_pid=2972488
+1789354099.855488 fm-wake-lib.sh:40 case "$fm_pid" in
+1789354099.855505 fm-wake-lib.sh:41 '[' 1 -gt 0 ']'
+1789354099.855543 fm-wake-lib.sh:42 printf -v mypid %s 2972488
+1789354099.855576 fm-wake-lib.sh:464 printf '%s\n' 2972488
++1789354099.856634 fm-wake-lib.sh:465 cat /tmp/fm-pr-check-security.q7m8p0/rejected-metacharacters/home/state/safe-check.pr-poll-merge-notified.lock.owner.qNR1Yk/pid
+1789354099.861822 fm-wake-lib.sh:465 back=2972488
+1789354099.861963 fm-wake-lib.sh:466 '[' 2972488 = 2972488 ']'
+1789354099.862064 fm-wake-lib.sh:548 ln -s /tmp/fm-pr-check-security.q7m8p0/rejected-metacharacters/home/state/safe-check.pr-poll-merge-notified.lock.owner.qNR1Yk /tmp/fm-pr-check-security.q7m8p0/rejected-metacharacters/home/state/safe-check.pr-poll-merge-notified.lock
+1789354099.866963 fm-wake-lib.sh:548 fm_lock_points_to_owner /tmp/fm-pr-check-security.q7m8p0/rejected-metacharacters/home/state/safe-check.pr-poll-merge-notified.lock /tmp/fm-pr-check-security.q7m8p0/rejected-metacharacters/home/state/safe-check.pr-poll-merge-notified.lock.owner.qNR1Yk
+1789354099.867059 fm-wake-lib.sh:480 local lockdir=/tmp/fm-pr-check-security.q7m8p0/rejected-metacharacters/home/state/safe-check.pr-poll-merge-notified.lock ownerdir=/tmp/fm-pr-check-security.q7m8p0/rejected-metacharacters/home/state/safe-check.pr-poll-merge-notified.lock.owner.qNR1Yk actual
++1789354099.868249 fm-wake-lib.sh:481 readlink /tmp/fm-pr-check-security.q7m8p0/rejected-metacharacters/home/state/safe-check.pr-poll-merge-notified.lock
+1789354099.873514 fm-wake-lib.sh:481 actual=/tmp/fm-pr-check-security.q7m8p0/rejected-metacharacters/home/state/safe-check.pr-poll-merge-notified.lock.owner.qNR1Yk
+1789354099.873634 fm-wake-lib.sh:482 '[' /tmp/fm-pr-check-security.q7m8p0/rejected-metacharacters/home/state/safe-check.pr-poll-merge-notified.lock.owner.qNR1Yk = /tmp/fm-pr-check-security.q7m8p0/rejected-metacharacters/home/state/safe-check.pr-poll-merge-notified.lock.owner.qNR1Yk ']'
+1789354099.873728 fm-wake-lib.sh:549 fm_lock_claim /tmp/fm-pr-check-security.q7m8p0/rejected-metacharacters/home/state/safe-check.pr-poll-merge-notified.lock /tmp/fm-pr-check-security.q7m8p0/rejected-metacharacters/home/state/safe-check.pr-poll-merge-notified.lock.owner.qNR1Yk ''
+1789354099.873795 fm-wake-lib.sh:511 local lockdir=/tmp/fm-pr-check-security.q7m8p0/rejected-metacharacters/home/state/safe-check.pr-poll-merge-notified.lock ownerdir=/tmp/fm-pr-check-security.q7m8p0/rejected-metacharacters/home/state/safe-check.pr-poll-merge-notified.lock.owner.qNR1Yk allowed_steal_owner= mypid back
+1789354099.873823 fm-wake-lib.sh:512 fm_current_pid mypid
+1789354099.873856 fm-wake-lib.sh:38 local fm_pid
+1789354099.873895 fm-wake-lib.sh:39 fm_pid=2972488
+1789354099.873907 fm-wake-lib.sh:40 case "$fm_pid" in
+1789354099.874083 fm-wake-lib.sh:41 '[' 1 -gt 0 ']'
+1789354099.874108 fm-wake-lib.sh:42 printf -v mypid %s 2972488
+1789354099.874164 fm-wake-lib.sh:513 printf '%s\n' 2972488
++1789354099.875169 fm-wake-lib.sh:517 cat /tmp/fm-pr-check-security.q7m8p0/rejected-metacharacters/home/state/safe-check.pr-poll-merge-notified.lock.owner.qNR1Yk/pid
+1789354099.880127 fm-wake-lib.sh:517 back=2972488
+1789354099.880205 fm-wake-lib.sh:518 '[' 2972488 '!=' 2972488 ']'
+1789354099.880239 fm-wake-lib.sh:522 fm_lock_points_to_owner /tmp/fm-pr-check-security.q7m8p0/rejected-metacharacters/home/state/safe-check.pr-poll-merge-notified.lock /tmp/fm-pr-check-security.q7m8p0/rejected-metacharacters/home/state/safe-check.pr-poll-merge-notified.lock.owner.qNR1Yk
+1789354099.880291 fm-wake-lib.sh:480 local lockdir=/tmp/fm-pr-check-security.q7m8p0/rejected-metacharacters/home/state/safe-check.pr-poll-merge-notified.lock ownerdir=/tmp/fm-pr-check-security.q7m8p0/rejected-metacharacters/home/state/safe-check.pr-poll-merge-notified.lock.owner.qNR1Yk actual
++1789354099.881243 fm-wake-lib.sh:481 readlink /tmp/fm-pr-check-security.q7m8p0/rejected-metacharacters/home/state/safe-check.pr-poll-merge-notified.lock
+1789354099.886703 fm-wake-lib.sh:481 actual=/tmp/fm-pr-check-security.q7m8p0/rejected-metacharacters/home/state/safe-check.pr-poll-merge-notified.lock.owner.qNR1Yk
+1789354099.886799 fm-wake-lib.sh:482 '[' /tmp/fm-pr-check-security.q7m8p0/rejected-metacharacters/home/state/safe-check.pr-poll-merge-notified.lock.owner.qNR1Yk = /tmp/fm-pr-check-security.q7m8p0/rejected-metacharacters/home/state/safe-check.pr-poll-merge-notified.lock.owner.qNR1Yk ']'
+1789354099.886866 fm-wake-lib.sh:526 fm_lock_claim_blocked_by_steal /tmp/fm-pr-check-security.q7m8p0/rejected-metacharacters/home/state/safe-check.pr-poll-merge-notified.lock ''
+1789354099.886908 fm-wake-lib.sh:501 local lockdir=/tmp/fm-pr-check-security.q7m8p0/rejected-metacharacters/home/state/safe-check.pr-poll-merge-notified.lock allowed_steal_owner= steal
+1789354099.886944 fm-wake-lib.sh:502 steal=/tmp/fm-pr-check-security.q7m8p0/rejected-metacharacters/home/state/safe-check.pr-poll-merge-notified.lock.steal
+1789354099.886965 fm-wake-lib.sh:503 '[' -e /tmp/fm-pr-check-security.q7m8p0/rejected-metacharacters/home/state/safe-check.pr-poll-merge-notified.lock.steal ']'
+1789354099.887000 fm-wake-lib.sh:503 '[' -L /tmp/fm-pr-check-security.q7m8p0/rejected-metacharacters/home/state/safe-check.pr-poll-merge-notified.lock.steal ']'
+1789354099.887015 fm-wake-lib.sh:503 return 1
+1789354099.887034 fm-wake-lib.sh:533 return 0
+1789354099.887080 fm-wake-lib.sh:550 FM_LOCK_OWNER_DIR=/tmp/fm-pr-check-security.q7m8p0/rejected-metacharacters/home/state/safe-check.pr-poll-merge-notified.lock.owner.qNR1Yk
+1789354099.887095 fm-wake-lib.sh:551 return 0
+1789354099.887138 fm-wake-lib.sh:908 return 0
+1789354099.887463 fm-merge-outcome-lib.sh:91 fm_pr_poll_merge_already_notified /tmp/fm-pr-check-security.q7m8p0/rejected-metacharacters/home/state safe-check github github.com o/r 99
+1789354099.887505 fm-pr-lib.sh:975 local state=/tmp/fm-pr-check-security.q7m8p0/rejected-metacharacters/home/state id=safe-check provider=github host=github.com path=o/r number=99 marker state_device
+1789354099.887558 fm-pr-lib.sh:976 fm_pr_task_id_valid safe-check
+1789354099.887581 fm-pr-lib.sh:102 local id=safe-check
+1789354099.887593 fm-pr-lib.sh:103 fm_task_id_path_safe safe-check
+1789354099.887617 fm-pr-lib.sh:94 local id=safe-check
+1789354099.887628 fm-pr-lib.sh:95 local LC_ALL=C
+1789354099.887653 fm-pr-lib.sh:96 case "$id" in
+1789354099.887709 fm-pr-lib.sh:977 '[' -d /tmp/fm-pr-check-security.q7m8p0/rejected-metacharacters/home/state ']'
+1789354099.887729 fm-pr-lib.sh:977 '[' '!' -L /tmp/fm-pr-check-security.q7m8p0/rejected-metacharacters/home/state ']'
++1789354099.889009 fm-pr-lib.sh:978 fm_pr_file_device /tmp/fm-pr-check-security.q7m8p0/rejected-metacharacters/home/state
+++1789354099.890250 fm-pr-lib.sh:225 uname
++1789354099.894814 fm-pr-lib.sh:225 '[' Linux = Darwin ']'
++1789354099.894942 fm-pr-lib.sh:228 stat -c %d /tmp/fm-pr-check-security.q7m8p0/rejected-metacharacters/home/state
+1789354099.900626 fm-pr-lib.sh:978 state_device=74
+1789354099.900738 fm-pr-lib.sh:979 marker=/tmp/fm-pr-check-security.q7m8p0/rejected-metacharacters/home/state/safe-check.pr-poll-merge-notified
+1789354099.900802 fm-pr-lib.sh:980 fm_pr_poll_merge_marker_matches /tmp/fm-pr-check-security.q7m8p0/rejected-metacharacters/home/state/safe-check.pr-poll-merge-notified 74 github github.com o/r 99
+1789354099.901025 fm-pr-lib.sh:953 local marker=/tmp/fm-pr-check-security.q7m8p0/rejected-metacharacters/home/state/safe-check.pr-poll-merge-notified device=74 expected_provider=github expected_host=github.com expected_path=o/r expected_number=99
+1789354099.901171 fm-pr-lib.sh:954 local version provider host path number
+1789354099.901200 fm-pr-lib.sh:955 fm_pr_private_file_valid /tmp/fm-pr-check-security.q7m8p0/rejected-metacharacters/home/state/safe-check.pr-poll-merge-notified 600 74
+1789354099.901250 fm-pr-lib.sh:267 local path=/tmp/fm-pr-check-security.q7m8p0/rejected-metacharacters/home/state/safe-check.pr-poll-merge-notified mode=600 device=74
+1789354099.901273 fm-pr-lib.sh:268 '[' -f /tmp/fm-pr-check-security.q7m8p0/rejected-metacharacters/home/state/safe-check.pr-poll-merge-notified ']'
+1789354099.901309 fm-pr-lib.sh:268 return 1
+1789354099.901329 fm-pr-lib.sh:955 return 1
+1789354099.901409 fm-merge-outcome-lib.sh:99 '[' -n '' ']'
+1789354099.901433 fm-merge-outcome-lib.sh:102 '[' 0 -eq 0 ']'
+1789354099.901449 fm-merge-outcome-lib.sh:102 '[' poll = poll ']'
+1789354099.901473 fm-merge-outcome-lib.sh:103 fm_wake_append check merged-safe-check-https://github.com/o/r/pull/99 'check: merge landed: safe-check https://github.com/o/r/pull/99 external'
+1789354099.901501 fm-wake-lib.sh:1792 local status=0
+1789354099.901571 fm-wake-lib.sh:1793 fm_lock_acquire_wait /tmp/fm-pr-check-security.q7m8p0/rejected-metacharacters/home/state/.wake-queue.lock
+1789354099.901604 fm-wake-lib.sh:1002 local lockdir=/tmp/fm-pr-check-security.q7m8p0/rejected-metacharacters/home/state/.wake-queue.lock
+1789354099.901623 fm-wake-lib.sh:1003 fm_lock_try_acquire /tmp/fm-pr-check-security.q7m8p0/rejected-metacharacters/home/state/.wake-queue.lock
+1789354099.901689 fm-wake-lib.sh:902 local lockdir=/tmp/fm-pr-check-security.q7m8p0/rejected-metacharacters/home/state/.wake-queue.lock pid steal cur rc steal_owner primary_owner current
+1789354099.901712 fm-wake-lib.sh:903 FM_LOCK_HELD_PID=
+1789354099.901726 fm-wake-lib.sh:904 FM_LOCK_OWNER_DIR=
+1789354099.901735 fm-wake-lib.sh:905 FM_LOCK_RECOVERED_PID=
+1789354099.901749 fm-wake-lib.sh:907 fm_lock_try_create /tmp/fm-pr-check-security.q7m8p0/rejected-metacharacters/home/state/.wake-queue.lock
+1789354099.901801 fm-wake-lib.sh:537 local lockdir=/tmp/fm-pr-check-security.q7m8p0/rejected-metacharacters/home/state/.wake-queue.lock allowed_steal_owner= ownerdir
+1789354099.901822 fm-wake-lib.sh:538 FM_LOCK_OWNER_DIR=
++1789354099.903260 fm-wake-lib.sh:539 fm_lock_owner_dir /tmp/fm-pr-check-security.q7m8p0/rejected-metacharacters/home/state/.wake-queue.lock
++1789354099.903474 fm-wake-lib.sh:456 local lockdir=/tmp/fm-pr-check-security.q7m8p0/rejected-metacharacters/home/state/.wake-queue.lock lock_abs
+++1789354099.904299 fm-wake-lib.sh:457 fm_lock_abs_path /tmp/fm-pr-check-security.q7m8p0/rejected-metacharacters/home/state/.wake-queue.lock
+++1789354099.904606 fm-wake-lib.sh:448 local path=/tmp/fm-pr-check-security.q7m8p0/rejected-metacharacters/home/state/.wake-queue.lock dir base
++++1789354099.905316 fm-wake-lib.sh:449 dirname /tmp/fm-pr-check-security.q7m8p0/rejected-metacharacters/home/state/.wake-queue.lock
+++1789354099.909695 fm-wake-lib.sh:449 dir=/tmp/fm-pr-check-security.q7m8p0/rejected-metacharacters/home/state
++++1789354099.910596 fm-wake-lib.sh:450 basename /tmp/fm-pr-check-security.q7m8p0/rejected-metacharacters/home/state/.wake-queue.lock
+++1789354099.915393 fm-wake-lib.sh:450 base=.wake-queue.lock
++++1789354099.916250 fm-wake-lib.sh:451 cd /tmp/fm-pr-check-security.q7m8p0/rejected-metacharacters/home/state
++++1789354099.916454 fm-wake-lib.sh:451 pwd -P
+++1789354099.917223 fm-wake-lib.sh:451 dir=/tmp/fm-pr-check-security.q7m8p0/rejected-metacharacters/home/state
+++1789354099.917304 fm-wake-lib.sh:452 printf '%s/%s\n' /tmp/fm-pr-check-security.q7m8p0/rejected-metacharacters/home/state .wake-queue.lock
++1789354099.918045 fm-wake-lib.sh:457 lock_abs=/tmp/fm-pr-check-security.q7m8p0/rejected-metacharacters/home/state/.wake-queue.lock
++1789354099.918144 fm-wake-lib.sh:458 mktemp -d /tmp/fm-pr-check-security.q7m8p0/rejected-metacharacters/home/state/.wake-queue.lock.owner.XXXXXX
+1789354099.923515 fm-wake-lib.sh:539 ownerdir=/tmp/fm-pr-check-security.q7m8p0/rejected-metacharacters/home/state/.wake-queue.lock.owner.ax58pE
+1789354099.923600 fm-wake-lib.sh:540 '[' -e /tmp/fm-pr-check-security.q7m8p0/rejected-metacharacters/home/state/.wake-queue.lock ']'
+1789354099.923636 fm-wake-lib.sh:540 '[' -L /tmp/fm-pr-check-security.q7m8p0/rejected-metacharacters/home/state/.wake-queue.lock ']'
+1789354099.923662 fm-wake-lib.sh:544 fm_lock_prepare_owner /tmp/fm-pr-check-security.q7m8p0/rejected-metacharacters/home/state/.wake-queue.lock.owner.ax58pE
+1789354099.923721 fm-wake-lib.sh:462 local ownerdir=/tmp/fm-pr-check-security.q7m8p0/rejected-metacharacters/home/state/.wake-queue.lock.owner.ax58pE mypid back
+1789354099.923750 fm-wake-lib.sh:463 fm_current_pid mypid
+1789354099.923788 fm-wake-lib.sh:38 local fm_pid
+1789354099.923832 fm-wake-lib.sh:39 fm_pid=2972488
+1789354099.923843 fm-wake-lib.sh:40 case "$fm_pid" in
+1789354099.923865 fm-wake-lib.sh:41 '[' 1 -gt 0 ']'
+1789354099.923881 fm-wake-lib.sh:42 printf -v mypid %s 2972488
+1789354099.923909 fm-wake-lib.sh:464 printf '%s\n' 2972488
++1789354099.925001 fm-wake-lib.sh:465 cat /tmp/fm-pr-check-security.q7m8p0/rejected-metacharacters/home/state/.wake-queue.lock.owner.ax58pE/pid
+1789354099.930377 fm-wake-lib.sh:465 back=2972488
+1789354099.930466 fm-wake-lib.sh:466 '[' 2972488 = 2972488 ']'
+1789354099.930548 fm-wake-lib.sh:548 ln -s /tmp/fm-pr-check-security.q7m8p0/rejected-metacharacters/home/state/.wake-queue.lock.owner.ax58pE /tmp/fm-pr-check-security.q7m8p0/rejected-metacharacters/home/state/.wake-queue.lock
+1789354099.936470 fm-wake-lib.sh:548 fm_lock_points_to_owner /tmp/fm-pr-check-security.q7m8p0/rejected-metacharacters/home/state/.wake-queue.lock /tmp/fm-pr-check-security.q7m8p0/rejected-metacharacters/home/state/.wake-queue.lock.owner.ax58pE
+1789354099.936656 fm-wake-lib.sh:480 local lockdir=/tmp/fm-pr-check-security.q7m8p0/rejected-metacharacters/home/state/.wake-queue.lock ownerdir=/tmp/fm-pr-check-security.q7m8p0/rejected-metacharacters/home/state/.wake-queue.lock.owner.ax58pE actual
++1789354099.938186 fm-wake-lib.sh:481 readlink /tmp/fm-pr-check-security.q7m8p0/rejected-metacharacters/home/state/.wake-queue.lock
+1789354099.943293 fm-wake-lib.sh:481 actual=/tmp/fm-pr-check-security.q7m8p0/rejected-metacharacters/home/state/.wake-queue.lock.owner.ax58pE
+1789354099.943438 fm-wake-lib.sh:482 '[' /tmp/fm-pr-check-security.q7m8p0/rejected-metacharacters/home/state/.wake-queue.lock.owner.ax58pE = /tmp/fm-pr-check-security.q7m8p0/rejected-metacharacters/home/state/.wake-queue.lock.owner.ax58pE ']'
+1789354099.943582 fm-wake-lib.sh:549 fm_lock_claim /tmp/fm-pr-check-security.q7m8p0/rejected-metacharacters/home/state/.wake-queue.lock /tmp/fm-pr-check-security.q7m8p0/rejected-metacharacters/home/state/.wake-queue.lock.owner.ax58pE ''
+1789354099.943682 fm-wake-lib.sh:511 local lockdir=/tmp/fm-pr-check-security.q7m8p0/rejected-metacharacters/home/state/.wake-queue.lock ownerdir=/tmp/fm-pr-check-security.q7m8p0/rejected-metacharacters/home/state/.wake-queue.lock.owner.ax58pE allowed_steal_owner= mypid back
+1789354099.943727 fm-wake-lib.sh:512 fm_current_pid mypid
+1789354099.943769 fm-wake-lib.sh:38 local fm_pid
+1789354099.943819 fm-wake-lib.sh:39 fm_pid=2972488
+1789354099.943835 fm-wake-lib.sh:40 case "$fm_pid" in
+1789354099.943858 fm-wake-lib.sh:41 '[' 1 -gt 0 ']'
+1789354099.943879 fm-wake-lib.sh:42 printf -v mypid %s 2972488
+1789354099.943943 fm-wake-lib.sh:513 printf '%s\n' 2972488
++1789354099.945219 fm-wake-lib.sh:517 cat /tmp/fm-pr-check-security.q7m8p0/rejected-metacharacters/home/state/.wake-queue.lock.owner.ax58pE/pid
+1789354099.950841 fm-wake-lib.sh:517 back=2972488
+1789354099.950947 fm-wake-lib.sh:518 '[' 2972488 '!=' 2972488 ']'
+1789354099.951007 fm-wake-lib.sh:522 fm_lock_points_to_owner /tmp/fm-pr-check-security.q7m8p0/rejected-metacharacters/home/state/.wake-queue.lock /tmp/fm-pr-check-security.q7m8p0/rejected-metacharacters/home/state/.wake-queue.lock.owner.ax58pE
+1789354099.951077 fm-wake-lib.sh:480 local lockdir=/tmp/fm-pr-check-security.q7m8p0/rejected-metacharacters/home/state/.wake-queue.lock ownerdir=/tmp/fm-pr-check-security.q7m8p0/rejected-metacharacters/home/state/.wake-queue.lock.owner.ax58pE actual
++1789354099.952262 fm-wake-lib.sh:481 readlink /tmp/fm-pr-check-security.q7m8p0/rejected-metacharacters/home/state/.wake-queue.lock
+1789354099.957495 fm-wake-lib.sh:481 actual=/tmp/fm-pr-check-security.q7m8p0/rejected-metacharacters/home/state/.wake-queue.lock.owner.ax58pE
+1789354099.957586 fm-wake-lib.sh:482 '[' /tmp/fm-pr-check-security.q7m8p0/rejected-metacharacters/home/state/.wake-queue.lock.owner.ax58pE = /tmp/fm-pr-check-security.q7m8p0/rejected-metacharacters/home/state/.wake-queue.lock.owner.ax58pE ']'
+1789354099.957661 fm-wake-lib.sh:526 fm_lock_claim_blocked_by_steal /tmp/fm-pr-check-security.q7m8p0/rejected-metacharacters/home/state/.wake-queue.lock ''
+1789354099.957709 fm-wake-lib.sh:501 local lockdir=/tmp/fm-pr-check-security.q7m8p0/rejected-metacharacters/home/state/.wake-queue.lock allowed_steal_owner= steal
+1789354099.957740 fm-wake-lib.sh:502 steal=/tmp/fm-pr-check-security.q7m8p0/rejected-metacharacters/home/state/.wake-queue.lock.steal
+1789354099.957758 fm-wake-lib.sh:503 '[' -e /tmp/fm-pr-check-security.q7m8p0/rejected-metacharacters/home/state/.wake-queue.lock.steal ']'
+1789354099.957794 fm-wake-lib.sh:503 '[' -L /tmp/fm-pr-check-security.q7m8p0/rejected-metacharacters/home/state/.wake-queue.lock.steal ']'
+1789354099.957811 fm-wake-lib.sh:503 return 1
+1789354099.957831 fm-wake-lib.sh:533 return 0
+1789354099.957884 fm-wake-lib.sh:550 FM_LOCK_OWNER_DIR=/tmp/fm-pr-check-security.q7m8p0/rejected-metacharacters/home/state/.wake-queue.lock.owner.ax58pE
+1789354099.957899 fm-wake-lib.sh:551 return 0
+1789354099.958015 fm-wake-lib.sh:908 return 0
+1789354099.958289 fm-wake-lib.sh:1794 fm_wake_append_locked check merged-safe-check-https://github.com/o/r/pull/99 'check: merge landed: safe-check https://github.com/o/r/pull/99 external'
+1789354099.958330 fm-wake-lib.sh:1806 local kind=check key=merged-safe-check-https://github.com/o/r/pull/99 'payload=check: merge landed: safe-check https://github.com/o/r/pull/99 external' clean_key clean_payload epoch seq seq_file status
+1789354099.958356 fm-wake-lib.sh:1807 local recovery_marker
+1789354099.958367 fm-wake-lib.sh:1808 case "$kind" in
++1789354099.960279 fm-wake-lib.sh:1813 printf %s merged-safe-check-https://github.com/o/r/pull/99
+1789354099.958367 fm-wake-lib.sh:1808 case "$kind" in
++1789354099.960486 fm-wake-lib.sh:1813 fm_wake_clean_field
++1789354099.960960 fm-wake-lib.sh:1788 LC_ALL=C
++1789354099.961002 fm-wake-lib.sh:1788 tr '\t\r\n' '   '
+1789354099.958367 fm-wake-lib.sh:1808 case "$kind" in
+1789354099.958367 fm-wake-lib.sh:1808 case "$kind" in
+1789354099.967302 fm-wake-lib.sh:1813 clean_key=merged-safe-check-https://github.com/o/r/pull/99
++1789354099.969395 fm-wake-lib.sh:1814 printf %s 'check: merge landed: safe-check https://github.com/o/r/pull/99 external'
++1789354099.969621 fm-wake-lib.sh:1814 fm_wake_clean_field
++1789354099.970185 fm-wake-lib.sh:1788 LC_ALL=C
++1789354099.970231 fm-wake-lib.sh:1788 tr '\t\r\n' '   '
+1789354099.978056 fm-wake-lib.sh:1814 clean_payload='check: merge landed: safe-check https://github.com/o/r/pull/99 external'
++1789354099.979335 fm-wake-lib.sh:1815 date +%s
+1789354099.985974 fm-wake-lib.sh:1815 epoch=1789354099
+1789354099.986095 fm-wake-lib.sh:1816 seq_file=/tmp/fm-pr-check-security.q7m8p0/rejected-metacharacters/home/state/.wake-queue.seq
+1789354099.986129 fm-wake-lib.sh:1817 recovery_marker=/tmp/fm-pr-check-security.q7m8p0/rejected-metacharacters/home/state/.watcher-down
+1789354099.986149 fm-wake-lib.sh:1818 status=0
+1789354099.986188 fm-wake-lib.sh:1820 _fm_recovery_marker_publish /tmp/fm-pr-check-security.q7m8p0/rejected-metacharacters/home/state/.watcher-down downtime
+1789354099.986388 fm-wake-lib.sh:660 local marker=/tmp/fm-pr-check-security.q7m8p0/rejected-metacharacters/home/state/.watcher-down kind=downtime reopen= lock saved_token generation= status=pending
+1789354099.986423 fm-wake-lib.sh:661 case "$kind" in
+1789354099.986442 fm-wake-lib.sh:662 lock=/tmp/fm-pr-check-security.q7m8p0/rejected-metacharacters/home/state/.watcher-down.lock
+1789354099.986459 fm-wake-lib.sh:663 fm_lock_acquire_wait /tmp/fm-pr-check-security.q7m8p0/rejected-metacharacters/home/state/.watcher-down.lock
+1789354099.986483 fm-wake-lib.sh:1002 local lockdir=/tmp/fm-pr-check-security.q7m8p0/rejected-metacharacters/home/state/.watcher-down.lock
+1789354099.986507 fm-wake-lib.sh:1003 fm_lock_try_acquire /tmp/fm-pr-check-security.q7m8p0/rejected-metacharacters/home/state/.watcher-down.lock
+1789354099.986611 fm-wake-lib.sh:902 local lockdir=/tmp/fm-pr-check-security.q7m8p0/rejected-metacharacters/home/state/.watcher-down.lock pid steal cur rc steal_owner primary_owner current
+1789354099.986637 fm-wake-lib.sh:903 FM_LOCK_HELD_PID=
+1789354099.986651 fm-wake-lib.sh:904 FM_LOCK_OWNER_DIR=
+1789354099.986661 fm-wake-lib.sh:905 FM_LOCK_RECOVERED_PID=
+1789354099.986675 fm-wake-lib.sh:907 fm_lock_try_create /tmp/fm-pr-check-security.q7m8p0/rejected-metacharacters/home/state/.watcher-down.lock
+1789354099.986713 fm-wake-lib.sh:537 local lockdir=/tmp/fm-pr-check-security.q7m8p0/rejected-metacharacters/home/state/.watcher-down.lock allowed_steal_owner= ownerdir
+1789354099.986731 fm-wake-lib.sh:538 FM_LOCK_OWNER_DIR=
++1789354099.987918 fm-wake-lib.sh:539 fm_lock_owner_dir /tmp/fm-pr-check-security.q7m8p0/rejected-metacharacters/home/state/.watcher-down.lock
++1789354099.988152 fm-wake-lib.sh:456 local lockdir=/tmp/fm-pr-check-security.q7m8p0/rejected-metacharacters/home/state/.watcher-down.lock lock_abs
+++1789354099.989121 fm-wake-lib.sh:457 fm_lock_abs_path /tmp/fm-pr-check-security.q7m8p0/rejected-metacharacters/home/state/.watcher-down.lock
+++1789354099.989359 fm-wake-lib.sh:448 local path=/tmp/fm-pr-check-security.q7m8p0/rejected-metacharacters/home/state/.watcher-down.lock dir base
++++1789354099.990202 fm-wake-lib.sh:449 dirname /tmp/fm-pr-check-security.q7m8p0/rejected-metacharacters/home/state/.watcher-down.lock
+++1789354099.994709 fm-wake-lib.sh:449 dir=/tmp/fm-pr-check-security.q7m8p0/rejected-metacharacters/home/state
++++1789354099.995497 fm-wake-lib.sh:450 basename /tmp/fm-pr-check-security.q7m8p0/rejected-metacharacters/home/state/.watcher-down.lock
+++1789354100.000208 fm-wake-lib.sh:450 base=.watcher-down.lock
++++1789354100.001129 fm-wake-lib.sh:451 cd /tmp/fm-pr-check-security.q7m8p0/rejected-metacharacters/home/state
++++1789354100.001345 fm-wake-lib.sh:451 pwd -P
+++1789354100.002034 fm-wake-lib.sh:451 dir=/tmp/fm-pr-check-security.q7m8p0/rejected-metacharacters/home/state
+++1789354100.002109 fm-wake-lib.sh:452 printf '%s/%s\n' /tmp/fm-pr-check-security.q7m8p0/rejected-metacharacters/home/state .watcher-down.lock
++1789354100.002918 fm-wake-lib.sh:457 lock_abs=/tmp/fm-pr-check-security.q7m8p0/rejected-metacharacters/home/state/.watcher-down.lock
++1789354100.003009 fm-wake-lib.sh:458 mktemp -d /tmp/fm-pr-check-security.q7m8p0/rejected-metacharacters/home/state/.watcher-down.lock.owner.XXXXXX
+1789354100.008421 fm-wake-lib.sh:539 ownerdir=/tmp/fm-pr-check-security.q7m8p0/rejected-metacharacters/home/state/.watcher-down.lock.owner.eZfg0R
+1789354100.008511 fm-wake-lib.sh:540 '[' -e /tmp/fm-pr-check-security.q7m8p0/rejected-metacharacters/home/state/.watcher-down.lock ']'
+1789354100.008554 fm-wake-lib.sh:540 '[' -L /tmp/fm-pr-check-security.q7m8p0/rejected-metacharacters/home/state/.watcher-down.lock ']'
+1789354100.008579 fm-wake-lib.sh:544 fm_lock_prepare_owner /tmp/fm-pr-check-security.q7m8p0/rejected-metacharacters/home/state/.watcher-down.lock.owner.eZfg0R
+1789354100.008634 fm-wake-lib.sh:462 local ownerdir=/tmp/fm-pr-check-security.q7m8p0/rejected-metacharacters/home/state/.watcher-down.lock.owner.eZfg0R mypid back
+1789354100.008661 fm-wake-lib.sh:463 fm_current_pid mypid
+1789354100.008698 fm-wake-lib.sh:38 local fm_pid
+1789354100.008743 fm-wake-lib.sh:39 fm_pid=2972488
+1789354100.008755 fm-wake-lib.sh:40 case "$fm_pid" in
+1789354100.008773 fm-wake-lib.sh:41 '[' 1 -gt 0 ']'
+1789354100.008790 fm-wake-lib.sh:42 printf -v mypid %s 2972488
+1789354100.008820 fm-wake-lib.sh:464 printf '%s\n' 2972488
++1789354100.009985 fm-wake-lib.sh:465 cat /tmp/fm-pr-check-security.q7m8p0/rejected-metacharacters/home/state/.watcher-down.lock.owner.eZfg0R/pid
+1789354100.015169 fm-wake-lib.sh:465 back=2972488
+1789354100.015258 fm-wake-lib.sh:466 '[' 2972488 = 2972488 ']'
+1789354100.015339 fm-wake-lib.sh:548 ln -s /tmp/fm-pr-check-security.q7m8p0/rejected-metacharacters/home/state/.watcher-down.lock.owner.eZfg0R /tmp/fm-pr-check-security.q7m8p0/rejected-metacharacters/home/state/.watcher-down.lock
+1789354100.020154 fm-wake-lib.sh:548 fm_lock_points_to_owner /tmp/fm-pr-check-security.q7m8p0/rejected-metacharacters/home/state/.watcher-down.lock /tmp/fm-pr-check-security.q7m8p0/rejected-metacharacters/home/state/.watcher-down.lock.owner.eZfg0R
+1789354100.020251 fm-wake-lib.sh:480 local lockdir=/tmp/fm-pr-check-security.q7m8p0/rejected-metacharacters/home/state/.watcher-down.lock ownerdir=/tmp/fm-pr-check-security.q7m8p0/rejected-metacharacters/home/state/.watcher-down.lock.owner.eZfg0R actual
++1789354100.021509 fm-wake-lib.sh:481 readlink /tmp/fm-pr-check-security.q7m8p0/rejected-metacharacters/home/state/.watcher-down.lock
+1789354100.026787 fm-wake-lib.sh:481 actual=/tmp/fm-pr-check-security.q7m8p0/rejected-metacharacters/home/state/.watcher-down.lock.owner.eZfg0R
+1789354100.026892 fm-wake-lib.sh:482 '[' /tmp/fm-pr-check-security.q7m8p0/rejected-metacharacters/home/state/.watcher-down.lock.owner.eZfg0R = /tmp/fm-pr-check-security.q7m8p0/rejected-metacharacters/home/state/.watcher-down.lock.owner.eZfg0R ']'
+1789354100.026965 fm-wake-lib.sh:549 fm_lock_claim /tmp/fm-pr-check-security.q7m8p0/rejected-metacharacters/home/state/.watcher-down.lock /tmp/fm-pr-check-security.q7m8p0/rejected-metacharacters/home/state/.watcher-down.lock.owner.eZfg0R ''
+1789354100.027026 fm-wake-lib.sh:511 local lockdir=/tmp/fm-pr-check-security.q7m8p0/rejected-metacharacters/home/state/.watcher-down.lock ownerdir=/tmp/fm-pr-check-security.q7m8p0/rejected-metacharacters/home/state/.watcher-down.lock.owner.eZfg0R allowed_steal_owner= mypid back
+1789354100.027055 fm-wake-lib.sh:512 fm_current_pid mypid
+1789354100.027092 fm-wake-lib.sh:38 local fm_pid
+1789354100.027132 fm-wake-lib.sh:39 fm_pid=2972488
+1789354100.027146 fm-wake-lib.sh:40 case "$fm_pid" in
+1789354100.027164 fm-wake-lib.sh:41 '[' 1 -gt 0 ']'
+1789354100.027181 fm-wake-lib.sh:42 printf -v mypid %s 2972488
+1789354100.027234 fm-wake-lib.sh:513 printf '%s\n' 2972488
++1789354100.028455 fm-wake-lib.sh:517 cat /tmp/fm-pr-check-security.q7m8p0/rejected-metacharacters/home/state/.watcher-down.lock.owner.eZfg0R/pid
+1789354100.033878 fm-wake-lib.sh:517 back=2972488
+1789354100.034008 fm-wake-lib.sh:518 '[' 2972488 '!=' 2972488 ']'
+1789354100.034050 fm-wake-lib.sh:522 fm_lock_points_to_owner /tmp/fm-pr-check-security.q7m8p0/rejected-metacharacters/home/state/.watcher-down.lock /tmp/fm-pr-check-security.q7m8p0/rejected-metacharacters/home/state/.watcher-down.lock.owner.eZfg0R
+1789354100.034110 fm-wake-lib.sh:480 local lockdir=/tmp/fm-pr-check-security.q7m8p0/rejected-metacharacters/home/state/.watcher-down.lock ownerdir=/tmp/fm-pr-check-security.q7m8p0/rejected-metacharacters/home/state/.watcher-down.lock.owner.eZfg0R actual
++1789354100.035113 fm-wake-lib.sh:481 readlink /tmp/fm-pr-check-security.q7m8p0/rejected-metacharacters/home/state/.watcher-down.lock
+1789354100.040767 fm-wake-lib.sh:481 actual=/tmp/fm-pr-check-security.q7m8p0/rejected-metacharacters/home/state/.watcher-down.lock.owner.eZfg0R
+1789354100.040898 fm-wake-lib.sh:482 '[' /tmp/fm-pr-check-security.q7m8p0/rejected-metacharacters/home/state/.watcher-down.lock.owner.eZfg0R = /tmp/fm-pr-check-security.q7m8p0/rejected-metacharacters/home/state/.watcher-down.lock.owner.eZfg0R ']'
+1789354100.040993 fm-wake-lib.sh:526 fm_lock_claim_blocked_by_steal /tmp/fm-pr-check-security.q7m8p0/rejected-metacharacters/home/state/.watcher-down.lock ''
+1789354100.041051 fm-wake-lib.sh:501 local lockdir=/tmp/fm-pr-check-security.q7m8p0/rejected-metacharacters/home/state/.watcher-down.lock allowed_steal_owner= steal
+1789354100.041092 fm-wake-lib.sh:502 steal=/tmp/fm-pr-check-security.q7m8p0/rejected-metacharacters/home/state/.watcher-down.lock.steal
+1789354100.041118 fm-wake-lib.sh:503 '[' -e /tmp/fm-pr-check-security.q7m8p0/rejected-metacharacters/home/state/.watcher-down.lock.steal ']'
+1789354100.041167 fm-wake-lib.sh:503 '[' -L /tmp/fm-pr-check-security.q7m8p0/rejected-metacharacters/home/state/.watcher-down.lock.steal ']'
+1789354100.041189 fm-wake-lib.sh:503 return 1
+1789354100.041220 fm-wake-lib.sh:533 return 0
+1789354100.041277 fm-wake-lib.sh:550 FM_LOCK_OWNER_DIR=/tmp/fm-pr-check-security.q7m8p0/rejected-metacharacters/home/state/.watcher-down.lock.owner.eZfg0R
+1789354100.041300 fm-wake-lib.sh:551 return 0
+1789354100.041355 fm-wake-lib.sh:908 return 0
+1789354100.041652 fm-wake-lib.sh:664 '[' -d /tmp/fm-pr-check-security.q7m8p0/rejected-metacharacters/home/state/.watcher-down ']'
+1789354100.041698 fm-wake-lib.sh:668 '[' downtime = downtime ']'
+1789354100.041721 fm-wake-lib.sh:672 saved_token=
+1789354100.041743 fm-wake-lib.sh:673 fm_recovery_marker_read /tmp/fm-pr-check-security.q7m8p0/rejected-metacharacters/home/state/.watcher-down
+1789354100.041796 fm-wake-lib.sh:613 local marker=/tmp/fm-pr-check-security.q7m8p0/rejected-metacharacters/home/state/.watcher-down line count
+1789354100.041835 fm-wake-lib.sh:614 FM_RECOVERY_MARKER_TOKEN=
+1789354100.041861 fm-wake-lib.sh:615 '[' -f /tmp/fm-pr-check-security.q7m8p0/rejected-metacharacters/home/state/.watcher-down ']'
+1789354100.041885 fm-wake-lib.sh:615 return 1
+1789354100.041937 fm-wake-lib.sh:689 FM_RECOVERY_MARKER_TOKEN=
+1789354100.041974 fm-wake-lib.sh:691 _fm_recovery_marker_write_locked /tmp/fm-pr-check-security.q7m8p0/rejected-metacharacters/home/state/.watcher-down downtime '' pending
+1789354100.042020 fm-wake-lib.sh:634 local marker=/tmp/fm-pr-check-security.q7m8p0/rejected-metacharacters/home/state/.watcher-down kind=downtime generation= status=pending tmp
+1789354100.042049 fm-wake-lib.sh:635 case "$kind" in
+1789354100.042065 fm-wake-lib.sh:636 case "$status" in
++1789354100.043761 fm-wake-lib.sh:637 mktemp /tmp/fm-pr-check-security.q7m8p0/rejected-metacharacters/home/state/.watcher-down.tmp.XXXXXX
+1789354100.042049 fm-wake-lib.sh:635 case "$kind" in
+1789354100.042065 fm-wake-lib.sh:636 case "$status" in
+1789354100.049610 fm-wake-lib.sh:637 tmp=/tmp/fm-pr-check-security.q7m8p0/rejected-metacharacters/home/state/.watcher-down.tmp.QXRawi
+1789354100.049723 fm-wake-lib.sh:638 '[' -n '' ']'
++1789354100.050944 fm-wake-lib.sh:638 fm_current_pid
++1789354100.051285 fm-wake-lib.sh:38 local fm_pid
++1789354100.051419 fm-wake-lib.sh:39 fm_pid=2973491
++1789354100.051442 fm-wake-lib.sh:40 case "$fm_pid" in
++1789354100.051471 fm-wake-lib.sh:41 '[' 0 -gt 0 ']'
++1789354100.051493 fm-wake-lib.sh:44 printf '%s\n' 2973491
++1789354100.053416 fm-wake-lib.sh:638 date +%s
+1789354100.060988 fm-wake-lib.sh:638 generation=2973491.1789354100.QXRawi
+1789354100.061140 fm-wake-lib.sh:639 printf '%s:%s:%s\n' pending downtime 2973491.1789354100.QXRawi
+1789354100.061269 fm-wake-lib.sh:640 chmod 0600 /tmp/fm-pr-check-security.q7m8p0/rejected-metacharacters/home/state/.watcher-down.tmp.QXRawi
+1789354100.066948 fm-wake-lib.sh:641 _fm_atomic_replace /tmp/fm-pr-check-security.q7m8p0/rejected-metacharacters/home/state/.watcher-down.tmp.QXRawi /tmp/fm-pr-check-security.q7m8p0/rejected-metacharacters/home/state/.watcher-down
+1789354100.067123 fm-wake-lib.sh:630 mv -f -- /tmp/fm-pr-check-security.q7m8p0/rejected-metacharacters/home/state/.watcher-down.tmp.QXRawi /tmp/fm-pr-check-security.q7m8p0/rejected-metacharacters/home/state/.watcher-down
+1789354100.070743 fm-wake-lib.sh:695 fm_lock_release /tmp/fm-pr-check-security.q7m8p0/rejected-metacharacters/home/state/.watcher-down.lock
+1789354100.070843 fm-wake-lib.sh:1098 local lockdir=/tmp/fm-pr-check-security.q7m8p0/rejected-metacharacters/home/state/.watcher-down.lock pid current ownerdir
+1789354100.070871 fm-wake-lib.sh:1099 fm_current_pid current
+1789354100.070904 fm-wake-lib.sh:38 local fm_pid
+1789354100.070943 fm-wake-lib.sh:39 fm_pid=2972488
+1789354100.070956 fm-wake-lib.sh:40 case "$fm_pid" in
+1789354100.070973 fm-wake-lib.sh:41 '[' 1 -gt 0 ']'
+1789354100.070992 fm-wake-lib.sh:42 printf -v current %s 2972488
+1789354100.071031 fm-wake-lib.sh:1100 '[' -L /tmp/fm-pr-check-security.q7m8p0/rejected-metacharacters/home/state/.watcher-down.lock ']'
++1789354100.072305 fm-wake-lib.sh:1101 fm_lock_link_owner /tmp/fm-pr-check-security.q7m8p0/rejected-metacharacters/home/state/.watcher-down.lock
++1789354100.072644 fm-wake-lib.sh:470 local lockdir=/tmp/fm-pr-check-security.q7m8p0/rejected-metacharacters/home/state/.watcher-down.lock owner
+++1789354100.073509 fm-wake-lib.sh:471 readlink /tmp/fm-pr-check-security.q7m8p0/rejected-metacharacters/home/state/.watcher-down.lock
++1789354100.078985 fm-wake-lib.sh:471 owner=/tmp/fm-pr-check-security.q7m8p0/rejected-metacharacters/home/state/.watcher-down.lock.owner.eZfg0R
++1789354100.079106 fm-wake-lib.sh:472 '[' -n /tmp/fm-pr-check-security.q7m8p0/rejected-metacharacters/home/state/.watcher-down.lock.owner.eZfg0R ']'
++1789354100.079134 fm-wake-lib.sh:473 case "$owner" in
++1789354100.079183 fm-wake-lib.sh:474 printf '%s\n' /tmp/fm-pr-check-security.q7m8p0/rejected-metacharacters/home/state/.watcher-down.lock.owner.eZfg0R
+1789354100.079995 fm-wake-lib.sh:1101 ownerdir=/tmp/fm-pr-check-security.q7m8p0/rejected-metacharacters/home/state/.watcher-down.lock.owner.eZfg0R
+1789354100.080092 fm-wake-lib.sh:1102 '[' -n /tmp/fm-pr-check-security.q7m8p0/rejected-metacharacters/home/state/.watcher-down.lock.owner.eZfg0R ']'
++1789354100.081214 fm-wake-lib.sh:1103 cat /tmp/fm-pr-check-security.q7m8p0/rejected-metacharacters/home/state/.watcher-down.lock.owner.eZfg0R/pid
+1789354100.086296 fm-wake-lib.sh:1103 pid=2972488
+1789354100.086402 fm-wake-lib.sh:1104 '[' 2972488 = 2972488 ']'
+1789354100.086457 fm-wake-lib.sh:1105 fm_lock_points_to_owner /tmp/fm-pr-check-security.q7m8p0/rejected-metacharacters/home/state/.watcher-down.lock /tmp/fm-pr-check-security.q7m8p0/rejected-metacharacters/home/state/.watcher-down.lock.owner.eZfg0R
+1789354100.086533 fm-wake-lib.sh:480 local lockdir=/tmp/fm-pr-check-security.q7m8p0/rejected-metacharacters/home/state/.watcher-down.lock ownerdir=/tmp/fm-pr-check-security.q7m8p0/rejected-metacharacters/home/state/.watcher-down.lock.owner.eZfg0R actual
++1789354100.087963 fm-wake-lib.sh:481 readlink /tmp/fm-pr-check-security.q7m8p0/rejected-metacharacters/home/state/.watcher-down.lock
+1789354100.093280 fm-wake-lib.sh:481 actual=/tmp/fm-pr-check-security.q7m8p0/rejected-metacharacters/home/state/.watcher-down.lock.owner.eZfg0R
+1789354100.093400 fm-wake-lib.sh:482 '[' /tmp/fm-pr-check-security.q7m8p0/rejected-metacharacters/home/state/.watcher-down.lock.owner.eZfg0R = /tmp/fm-pr-check-security.q7m8p0/rejected-metacharacters/home/state/.watcher-down.lock.owner.eZfg0R ']'
+1789354100.093495 fm-wake-lib.sh:1106 rm -f /tmp/fm-pr-check-security.q7m8p0/rejected-metacharacters/home/state/.watcher-down.lock
+1789354100.095544 fm-wake-lib.sh:1107 fm_lock_discard_owner /tmp/fm-pr-check-security.q7m8p0/rejected-metacharacters/home/state/.watcher-down.lock.owner.eZfg0R
+1789354100.095688 fm-wake-lib.sh:486 local ownerdir=/tmp/fm-pr-check-security.q7m8p0/rejected-metacharacters/home/state/.watcher-down.lock.owner.eZfg0R
+1789354100.095744 fm-wake-lib.sh:487 '[' -n /tmp/fm-pr-check-security.q7m8p0/rejected-metacharacters/home/state/.watcher-down.lock.owner.eZfg0R ']'
+1789354100.095770 fm-wake-lib.sh:488 fm_lock_clean_known_files /tmp/fm-pr-check-security.q7m8p0/rejected-metacharacters/home/state/.watcher-down.lock.owner.eZfg0R
+1789354100.095805 fm-wake-lib.sh:419 local lockdir=/tmp/fm-pr-check-security.q7m8p0/rejected-metacharacters/home/state/.watcher-down.lock.owner.eZfg0R
+1789354100.095852 fm-wake-lib.sh:420 rm -f /tmp/fm-pr-check-security.q7m8p0/rejected-metacharacters/home/state/.watcher-down.lock.owner.eZfg0R/pid /tmp/fm-pr-check-security.q7m8p0/rejected-metacharacters/home/state/.watcher-down.lock.owner.eZfg0R/fm-home /tmp/fm-pr-check-security.q7m8p0/rejected-metacharacters/home/state/.watcher-down.lock.owner.eZfg0R/pid-identity /tmp/fm-pr-check-security.q7m8p0/rejected-metacharacters/home/state/.watcher-down.lock.owner.eZfg0R/role /tmp/fm-pr-check-security.q7m8p0/rejected-metacharacters/home/state/.watcher-down.lock.owner.eZfg0R/watcher-path
+1789354100.098039 fm-wake-lib.sh:489 rmdir /tmp/fm-pr-check-security.q7m8p0/rejected-metacharacters/home/state/.watcher-down.lock.owner.eZfg0R
+1789354100.102223 fm-wake-lib.sh:1108 return 0
+1789354100.102779 fm-wake-lib.sh:1821 '[' 0 -eq 0 ']'
++1789354100.104380 fm-wake-lib.sh:1822 cat /tmp/fm-pr-check-security.q7m8p0/rejected-metacharacters/home/state/.wake-queue.seq
++1789354100.110639 fm-wake-lib.sh:1822 echo 0
+1789354100.111513 fm-wake-lib.sh:1822 seq=0
+1789354100.111605 fm-wake-lib.sh:1823 case "$seq" in
+1789354100.111650 fm-wake-lib.sh:1826 seq=1
+1789354100.111681 fm-wake-lib.sh:1827 printf '%s\n' 1
+1789354100.111790 fm-wake-lib.sh:1829 '[' 0 -eq 0 ']'
+1789354100.111848 fm-wake-lib.sh:1830 printf '%s\t%s\t%s\t%s\t%s\n' 1789354099 1 check merged-safe-check-https://github.com/o/r/pull/99 'check: merge landed: safe-check https://github.com/o/r/pull/99 external'
+1789354100.111912 fm-wake-lib.sh:1832 return 0
+1789354100.112077 fm-wake-lib.sh:1795 fm_lock_release /tmp/fm-pr-check-security.q7m8p0/rejected-metacharacters/home/state/.wake-queue.lock
+1789354100.112140 fm-wake-lib.sh:1098 local lockdir=/tmp/fm-pr-check-security.q7m8p0/rejected-metacharacters/home/state/.wake-queue.lock pid current ownerdir
+1789354100.112168 fm-wake-lib.sh:1099 fm_current_pid current
+1789354100.112195 fm-wake-lib.sh:38 local fm_pid
+1789354100.112241 fm-wake-lib.sh:39 fm_pid=2972488
+1789354100.112252 fm-wake-lib.sh:40 case "$fm_pid" in
+1789354100.112266 fm-wake-lib.sh:41 '[' 1 -gt 0 ']'
+1789354100.112281 fm-wake-lib.sh:42 printf -v current %s 2972488
+1789354100.112308 fm-wake-lib.sh:1100 '[' -L /tmp/fm-pr-check-security.q7m8p0/rejected-metacharacters/home/state/.wake-queue.lock ']'
++1789354100.113471 fm-wake-lib.sh:1101 fm_lock_link_owner /tmp/fm-pr-check-security.q7m8p0/rejected-metacharacters/home/state/.wake-queue.lock
++1789354100.114032 fm-wake-lib.sh:470 local lockdir=/tmp/fm-pr-check-security.q7m8p0/rejected-metacharacters/home/state/.wake-queue.lock owner
+++1789354100.114894 fm-wake-lib.sh:471 readlink /tmp/fm-pr-check-security.q7m8p0/rejected-metacharacters/home/state/.wake-queue.lock
++1789354100.120413 fm-wake-lib.sh:471 owner=/tmp/fm-pr-check-security.q7m8p0/rejected-metacharacters/home/state/.wake-queue.lock.owner.ax58pE
++1789354100.120552 fm-wake-lib.sh:472 '[' -n /tmp/fm-pr-check-security.q7m8p0/rejected-metacharacters/home/state/.wake-queue.lock.owner.ax58pE ']'
++1789354100.120586 fm-wake-lib.sh:473 case "$owner" in
++1789354100.120631 fm-wake-lib.sh:474 printf '%s\n' /tmp/fm-pr-check-security.q7m8p0/rejected-metacharacters/home/state/.wake-queue.lock.owner.ax58pE
+1789354100.121500 fm-wake-lib.sh:1101 ownerdir=/tmp/fm-pr-check-security.q7m8p0/rejected-metacharacters/home/state/.wake-queue.lock.owner.ax58pE
+1789354100.121609 fm-wake-lib.sh:1102 '[' -n /tmp/fm-pr-check-security.q7m8p0/rejected-metacharacters/home/state/.wake-queue.lock.owner.ax58pE ']'
++1789354100.122926 fm-wake-lib.sh:1103 cat /tmp/fm-pr-check-security.q7m8p0/rejected-metacharacters/home/state/.wake-queue.lock.owner.ax58pE/pid
+1789354100.129648 fm-wake-lib.sh:1103 pid=2972488
+1789354100.129799 fm-wake-lib.sh:1104 '[' 2972488 = 2972488 ']'
+1789354100.129882 fm-wake-lib.sh:1105 fm_lock_points_to_owner /tmp/fm-pr-check-security.q7m8p0/rejected-metacharacters/home/state/.wake-queue.lock /tmp/fm-pr-check-security.q7m8p0/rejected-metacharacters/home/state/.wake-queue.lock.owner.ax58pE
+1789354100.130136 fm-wake-lib.sh:480 local lockdir=/tmp/fm-pr-check-security.q7m8p0/rejected-metacharacters/home/state/.wake-queue.lock ownerdir=/tmp/fm-pr-check-security.q7m8p0/rejected-metacharacters/home/state/.wake-queue.lock.owner.ax58pE actual
++1789354100.131653 fm-wake-lib.sh:481 readlink /tmp/fm-pr-check-security.q7m8p0/rejected-metacharacters/home/state/.wake-queue.lock
+1789354100.137809 fm-wake-lib.sh:481 actual=/tmp/fm-pr-check-security.q7m8p0/rejected-metacharacters/home/state/.wake-queue.lock.owner.ax58pE
+1789354100.138040 fm-wake-lib.sh:482 '[' /tmp/fm-pr-check-security.q7m8p0/rejected-metacharacters/home/state/.wake-queue.lock.owner.ax58pE = /tmp/fm-pr-check-security.q7m8p0/rejected-metacharacters/home/state/.wake-queue.lock.owner.ax58pE ']'
+1789354100.138165 fm-wake-lib.sh:1106 rm -f /tmp/fm-pr-check-security.q7m8p0/rejected-metacharacters/home/state/.wake-queue.lock
+1789354100.140184 fm-wake-lib.sh:1107 fm_lock_discard_owner /tmp/fm-pr-check-security.q7m8p0/rejected-metacharacters/home/state/.wake-queue.lock.owner.ax58pE
+1789354100.140301 fm-wake-lib.sh:486 local ownerdir=/tmp/fm-pr-check-security.q7m8p0/rejected-metacharacters/home/state/.wake-queue.lock.owner.ax58pE
+1789354100.140342 fm-wake-lib.sh:487 '[' -n /tmp/fm-pr-check-security.q7m8p0/rejected-metacharacters/home/state/.wake-queue.lock.owner.ax58pE ']'
+1789354100.140368 fm-wake-lib.sh:488 fm_lock_clean_known_files /tmp/fm-pr-check-security.q7m8p0/rejected-metacharacters/home/state/.wake-queue.lock.owner.ax58pE
+1789354100.140404 fm-wake-lib.sh:419 local lockdir=/tmp/fm-pr-check-security.q7m8p0/rejected-metacharacters/home/state/.wake-queue.lock.owner.ax58pE
+1789354100.140454 fm-wake-lib.sh:420 rm -f /tmp/fm-pr-check-security.q7m8p0/rejected-metacharacters/home/state/.wake-queue.lock.owner.ax58pE/pid /tmp/fm-pr-check-security.q7m8p0/rejected-metacharacters/home/state/.wake-queue.lock.owner.ax58pE/fm-home /tmp/fm-pr-check-security.q7m8p0/rejected-metacharacters/home/state/.wake-queue.lock.owner.ax58pE/pid-identity /tmp/fm-pr-check-security.q7m8p0/rejected-metacharacters/home/state/.wake-queue.lock.owner.ax58pE/role /tmp/fm-pr-check-security.q7m8p0/rejected-metacharacters/home/state/.wake-queue.lock.owner.ax58pE/watcher-path
+1789354100.143179 fm-wake-lib.sh:489 rmdir /tmp/fm-pr-check-security.q7m8p0/rejected-metacharacters/home/state/.wake-queue.lock.owner.ax58pE
+1789354100.147930 fm-wake-lib.sh:1108 return 0
+1789354100.148152 fm-wake-lib.sh:1796 return 0
+1789354100.148229 fm-merge-outcome-lib.sh:106 '[' 0 -eq 0 ']'
+1789354100.148274 fm-merge-outcome-lib.sh:107 fm_pr_poll_merge_mark_notified /tmp/fm-pr-check-security.q7m8p0/rejected-metacharacters/home/state safe-check github github.com o/r 99
+1789354100.148348 fm-pr-lib.sh:985 local state=/tmp/fm-pr-check-security.q7m8p0/rejected-metacharacters/home/state id=safe-check provider=github host=github.com path=o/r number=99 marker tmp state_device
+1789354100.148386 fm-pr-lib.sh:986 fm_pr_task_id_valid safe-check
+1789354100.148407 fm-pr-lib.sh:102 local id=safe-check
+1789354100.148421 fm-pr-lib.sh:103 fm_task_id_path_safe safe-check
+1789354100.148438 fm-pr-lib.sh:94 local id=safe-check
+1789354100.148452 fm-pr-lib.sh:95 local LC_ALL=C
+1789354100.148475 fm-pr-lib.sh:96 case "$id" in
+1789354100.148530 fm-pr-lib.sh:987 '[' -d /tmp/fm-pr-check-security.q7m8p0/rejected-metacharacters/home/state ']'
+1789354100.148558 fm-pr-lib.sh:987 '[' '!' -L /tmp/fm-pr-check-security.q7m8p0/rejected-metacharacters/home/state ']'
++1789354100.149810 fm-pr-lib.sh:988 fm_pr_file_device /tmp/fm-pr-check-security.q7m8p0/rejected-metacharacters/home/state
+++1789354100.151083 fm-pr-lib.sh:225 uname
++1789354100.157486 fm-pr-lib.sh:225 '[' Linux = Darwin ']'
++1789354100.157603 fm-pr-lib.sh:228 stat -c %d /tmp/fm-pr-check-security.q7m8p0/rejected-metacharacters/home/state
+1789354100.163168 fm-pr-lib.sh:988 state_device=74
+1789354100.163319 fm-pr-lib.sh:989 marker=/tmp/fm-pr-check-security.q7m8p0/rejected-metacharacters/home/state/safe-check.pr-poll-merge-notified
+1789354100.163359 fm-pr-lib.sh:990 fm_pr_regular_destination_on_device_or_absent /tmp/fm-pr-check-security.q7m8p0/rejected-metacharacters/home/state/safe-check.pr-poll-merge-notified 74
+1789354100.163442 fm-pr-lib.sh:283 local path=/tmp/fm-pr-check-security.q7m8p0/rejected-metacharacters/home/state/safe-check.pr-poll-merge-notified device=74
+1789354100.163487 fm-pr-lib.sh:284 fm_pr_regular_destination_or_absent /tmp/fm-pr-check-security.q7m8p0/rejected-metacharacters/home/state/safe-check.pr-poll-merge-notified
+1789354100.163556 fm-pr-lib.sh:275 local path=/tmp/fm-pr-check-security.q7m8p0/rejected-metacharacters/home/state/safe-check.pr-poll-merge-notified
+1789354100.163605 fm-pr-lib.sh:276 '[' '!' -L /tmp/fm-pr-check-security.q7m8p0/rejected-metacharacters/home/state/safe-check.pr-poll-merge-notified ']'
+1789354100.163643 fm-pr-lib.sh:277 '[' -e /tmp/fm-pr-check-security.q7m8p0/rejected-metacharacters/home/state/safe-check.pr-poll-merge-notified ']'
+1789354100.163669 fm-pr-lib.sh:285 '[' '!' -e /tmp/fm-pr-check-security.q7m8p0/rejected-metacharacters/home/state/safe-check.pr-poll-merge-notified ']'
+1789354100.163702 fm-pr-lib.sh:991 umask 077
++1789354100.164917 fm-pr-lib.sh:992 mktemp /tmp/fm-pr-check-security.q7m8p0/rejected-metacharacters/home/state/.fm-pr-poll-merge-notified.XXXXXX
+1789354100.169770 fm-pr-lib.sh:992 tmp=/tmp/fm-pr-check-security.q7m8p0/rejected-metacharacters/home/state/.fm-pr-poll-merge-notified.clrqhl
+1789354100.170031 fm-pr-lib.sh:993 printf '%s\n%s\n%s\n%s\n%s\n' fm-pr-poll-merge-notified-v1 github github.com o/r 99
+1789354100.170164 fm-pr-lib.sh:995 chmod 0600 /tmp/fm-pr-check-security.q7m8p0/rejected-metacharacters/home/state/.fm-pr-poll-merge-notified.clrqhl
+1789354100.174836 fm-pr-lib.sh:996 fm_pr_poll_merge_marker_matches /tmp/fm-pr-check-security.q7m8p0/rejected-metacharacters/home/state/.fm-pr-poll-merge-notified.clrqhl 74 github github.com o/r 99
+1789354100.175091 fm-pr-lib.sh:953 local marker=/tmp/fm-pr-check-security.q7m8p0/rejected-metacharacters/home/state/.fm-pr-poll-merge-notified.clrqhl device=74 expected_provider=github expected_host=github.com expected_path=o/r expected_number=99
+1789354100.175132 fm-pr-lib.sh:954 local version provider host path number
+1789354100.175160 fm-pr-lib.sh:955 fm_pr_private_file_valid /tmp/fm-pr-check-security.q7m8p0/rejected-metacharacters/home/state/.fm-pr-poll-merge-notified.clrqhl 600 74
+1789354100.175203 fm-pr-lib.sh:267 local path=/tmp/fm-pr-check-security.q7m8p0/rejected-metacharacters/home/state/.fm-pr-poll-merge-notified.clrqhl mode=600 device=74
+1789354100.175228 fm-pr-lib.sh:268 '[' -f /tmp/fm-pr-check-security.q7m8p0/rejected-metacharacters/home/state/.fm-pr-poll-merge-notified.clrqhl ']'
+1789354100.175264 fm-pr-lib.sh:268 '[' '!' -L /tmp/fm-pr-check-security.q7m8p0/rejected-metacharacters/home/state/.fm-pr-poll-merge-notified.clrqhl ']'
++1789354100.176539 fm-pr-lib.sh:269 fm_pr_file_mode /tmp/fm-pr-check-security.q7m8p0/rejected-metacharacters/home/state/.fm-pr-poll-merge-notified.clrqhl
+++1789354100.177512 fm-pr-lib.sh:217 uname
++1789354100.182190 fm-pr-lib.sh:217 '[' Linux = Darwin ']'
++1789354100.182307 fm-pr-lib.sh:220 stat -c %a /tmp/fm-pr-check-security.q7m8p0/rejected-metacharacters/home/state/.fm-pr-poll-merge-notified.clrqhl
+1789354100.188282 fm-pr-lib.sh:269 '[' 600 = 600 ']'
++1789354100.189583 fm-pr-lib.sh:270 fm_pr_file_device /tmp/fm-pr-check-security.q7m8p0/rejected-metacharacters/home/state/.fm-pr-poll-merge-notified.clrqhl
+++1789354100.190566 fm-pr-lib.sh:225 uname
++1789354100.195077 fm-pr-lib.sh:225 '[' Linux = Darwin ']'
++1789354100.195234 fm-pr-lib.sh:228 stat -c %d /tmp/fm-pr-check-security.q7m8p0/rejected-metacharacters/home/state/.fm-pr-poll-merge-notified.clrqhl
+1789354100.202833 fm-pr-lib.sh:270 '[' 74 = 74 ']'
++1789354100.204136 fm-pr-lib.sh:271 fm_pr_file_link_count /tmp/fm-pr-check-security.q7m8p0/rejected-metacharacters/home/state/.fm-pr-poll-merge-notified.clrqhl
+++1789354100.205467 fm-pr-lib.sh:233 uname
++1789354100.211332 fm-pr-lib.sh:233 '[' Linux = Darwin ']'
++1789354100.211498 fm-pr-lib.sh:236 stat -c %h /tmp/fm-pr-check-security.q7m8p0/rejected-metacharacters/home/state/.fm-pr-poll-merge-notified.clrqhl
+1789354100.216884 fm-pr-lib.sh:271 '[' 1 = 1 ']'
+1789354100.217035 fm-pr-lib.sh:956 exec
+1789354100.217095 fm-pr-lib.sh:957 IFS=
+1789354100.217106 fm-pr-lib.sh:957 read -r version
+1789354100.217151 fm-pr-lib.sh:958 IFS=
+1789354100.217160 fm-pr-lib.sh:958 read -r provider
+1789354100.217180 fm-pr-lib.sh:959 IFS=
+1789354100.217188 fm-pr-lib.sh:959 read -r host
+1789354100.217210 fm-pr-lib.sh:960 IFS=
+1789354100.217217 fm-pr-lib.sh:960 read -r path
+1789354100.217237 fm-pr-lib.sh:961 IFS=
+1789354100.217244 fm-pr-lib.sh:961 read -r number
+1789354100.217266 fm-pr-lib.sh:962 IFS=
+1789354100.217273 fm-pr-lib.sh:962 read -r _extra
+1789354100.217288 fm-pr-lib.sh:966 exec
+1789354100.217314 fm-pr-lib.sh:967 '[' fm-pr-poll-merge-notified-v1 = fm-pr-poll-merge-notified-v1 ']'
+1789354100.217331 fm-pr-lib.sh:968 '[' github = github ']'
+1789354100.217344 fm-pr-lib.sh:969 '[' github.com = github.com ']'
+1789354100.217355 fm-pr-lib.sh:970 '[' o/r = o/r ']'
+1789354100.217366 fm-pr-lib.sh:971 '[' 99 = 99 ']'
+1789354100.217525 fm-pr-lib.sh:998 fm_pr_regular_destination_on_device_or_absent /tmp/fm-pr-check-security.q7m8p0/rejected-metacharacters/home/state/safe-check.pr-poll-merge-notified 74
+1789354100.217581 fm-pr-lib.sh:283 local path=/tmp/fm-pr-check-security.q7m8p0/rejected-metacharacters/home/state/safe-check.pr-poll-merge-notified device=74
+1789354100.217611 fm-pr-lib.sh:284 fm_pr_regular_destination_or_absent /tmp/fm-pr-check-security.q7m8p0/rejected-metacharacters/home/state/safe-check.pr-poll-merge-notified
+1789354100.217637 fm-pr-lib.sh:275 local path=/tmp/fm-pr-check-security.q7m8p0/rejected-metacharacters/home/state/safe-check.pr-poll-merge-notified
+1789354100.217661 fm-pr-lib.sh:276 '[' '!' -L /tmp/fm-pr-check-security.q7m8p0/rejected-metacharacters/home/state/safe-check.pr-poll-merge-notified ']'
+1789354100.217692 fm-pr-lib.sh:277 '[' -e /tmp/fm-pr-check-security.q7m8p0/rejected-metacharacters/home/state/safe-check.pr-poll-merge-notified ']'
+1789354100.217715 fm-pr-lib.sh:285 '[' '!' -e /tmp/fm-pr-check-security.q7m8p0/rejected-metacharacters/home/state/safe-check.pr-poll-merge-notified ']'
+1789354100.217752 fm-pr-lib.sh:999 mv -f -- /tmp/fm-pr-check-security.q7m8p0/rejected-metacharacters/home/state/.fm-pr-poll-merge-notified.clrqhl /tmp/fm-pr-check-security.q7m8p0/rejected-metacharacters/home/state/safe-check.pr-poll-merge-notified
+1789354100.220619 fm-pr-lib.sh:1000 fm_pr_poll_merge_marker_matches /tmp/fm-pr-check-security.q7m8p0/rejected-metacharacters/home/state/safe-check.pr-poll-merge-notified 74 github github.com o/r 99
+1789354100.220892 fm-pr-lib.sh:953 local marker=/tmp/fm-pr-check-security.q7m8p0/rejected-metacharacters/home/state/safe-check.pr-poll-merge-notified device=74 expected_provider=github expected_host=github.com expected_path=o/r expected_number=99
+1789354100.220938 fm-pr-lib.sh:954 local version provider host path number
+1789354100.220964 fm-pr-lib.sh:955 fm_pr_private_file_valid /tmp/fm-pr-check-security.q7m8p0/rejected-metacharacters/home/state/safe-check.pr-poll-merge-notified 600 74
+1789354100.221074 fm-pr-lib.sh:267 local path=/tmp/fm-pr-check-security.q7m8p0/rejected-metacharacters/home/state/safe-check.pr-poll-merge-notified mode=600 device=74
+1789354100.221115 fm-pr-lib.sh:268 '[' -f /tmp/fm-pr-check-security.q7m8p0/rejected-metacharacters/home/state/safe-check.pr-poll-merge-notified ']'
+1789354100.221179 fm-pr-lib.sh:268 '[' '!' -L /tmp/fm-pr-check-security.q7m8p0/rejected-metacharacters/home/state/safe-check.pr-poll-merge-notified ']'
++1789354100.222384 fm-pr-lib.sh:269 fm_pr_file_mode /tmp/fm-pr-check-security.q7m8p0/rejected-metacharacters/home/state/safe-check.pr-poll-merge-notified
+++1789354100.224884 fm-pr-lib.sh:217 uname
++1789354100.230143 fm-pr-lib.sh:217 '[' Linux = Darwin ']'
++1789354100.230268 fm-pr-lib.sh:220 stat -c %a /tmp/fm-pr-check-security.q7m8p0/rejected-metacharacters/home/state/safe-check.pr-poll-merge-notified
+1789354100.235400 fm-pr-lib.sh:269 '[' 600 = 600 ']'
++1789354100.236640 fm-pr-lib.sh:270 fm_pr_file_device /tmp/fm-pr-check-security.q7m8p0/rejected-metacharacters/home/state/safe-check.pr-poll-merge-notified
+++1789354100.237674 fm-pr-lib.sh:225 uname
++1789354100.242720 fm-pr-lib.sh:225 '[' Linux = Darwin ']'
++1789354100.242835 fm-pr-lib.sh:228 stat -c %d /tmp/fm-pr-check-security.q7m8p0/rejected-metacharacters/home/state/safe-check.pr-poll-merge-notified
+1789354100.248004 fm-pr-lib.sh:270 '[' 74 = 74 ']'
++1789354100.249236 fm-pr-lib.sh:271 fm_pr_file_link_count /tmp/fm-pr-check-security.q7m8p0/rejected-metacharacters/home/state/safe-check.pr-poll-merge-notified
+++1789354100.250204 fm-pr-lib.sh:233 uname
++1789354100.255067 fm-pr-lib.sh:233 '[' Linux = Darwin ']'
++1789354100.255177 fm-pr-lib.sh:236 stat -c %h /tmp/fm-pr-check-security.q7m8p0/rejected-metacharacters/home/state/safe-check.pr-poll-merge-notified
+1789354100.260447 fm-pr-lib.sh:271 '[' 1 = 1 ']'
+1789354100.260607 fm-pr-lib.sh:956 exec
+1789354100.260666 fm-pr-lib.sh:957 IFS=
+1789354100.260677 fm-pr-lib.sh:957 read -r version
+1789354100.260721 fm-pr-lib.sh:958 IFS=
+1789354100.260730 fm-pr-lib.sh:958 read -r provider
+1789354100.260756 fm-pr-lib.sh:959 IFS=
+1789354100.260764 fm-pr-lib.sh:959 read -r host
+1789354100.260787 fm-pr-lib.sh:960 IFS=
+1789354100.260795 fm-pr-lib.sh:960 read -r path
+1789354100.260814 fm-pr-lib.sh:961 IFS=
+1789354100.260821 fm-pr-lib.sh:961 read -r number
+1789354100.260840 fm-pr-lib.sh:962 IFS=
+1789354100.260847 fm-pr-lib.sh:962 read -r _extra
+1789354100.260864 fm-pr-lib.sh:966 exec
+1789354100.260889 fm-pr-lib.sh:967 '[' fm-pr-poll-merge-notified-v1 = fm-pr-poll-merge-notified-v1 ']'
+1789354100.260913 fm-pr-lib.sh:968 '[' github = github ']'
+1789354100.260927 fm-pr-lib.sh:969 '[' github.com = github.com ']'
+1789354100.260941 fm-pr-lib.sh:970 '[' o/r = o/r ']'
+1789354100.260953 fm-pr-lib.sh:971 '[' 99 = 99 ']'
+1789354100.261200 fm-merge-outcome-lib.sh:110 fm_lock_release /tmp/fm-pr-check-security.q7m8p0/rejected-metacharacters/home/state/safe-check.pr-poll-merge-notified.lock
+1789354100.261245 fm-wake-lib.sh:1098 local lockdir=/tmp/fm-pr-check-security.q7m8p0/rejected-metacharacters/home/state/safe-check.pr-poll-merge-notified.lock pid current ownerdir
+1789354100.261265 fm-wake-lib.sh:1099 fm_current_pid current
+1789354100.261283 fm-wake-lib.sh:38 local fm_pid
+1789354100.261322 fm-wake-lib.sh:39 fm_pid=2972488
+1789354100.261333 fm-wake-lib.sh:40 case "$fm_pid" in
+1789354100.261349 fm-wake-lib.sh:41 '[' 1 -gt 0 ']'
+1789354100.261364 fm-wake-lib.sh:42 printf -v current %s 2972488
+1789354100.261390 fm-wake-lib.sh:1100 '[' -L /tmp/fm-pr-check-security.q7m8p0/rejected-metacharacters/home/state/safe-check.pr-poll-merge-notified.lock ']'
++1789354100.262838 fm-wake-lib.sh:1101 fm_lock_link_owner /tmp/fm-pr-check-security.q7m8p0/rejected-metacharacters/home/state/safe-check.pr-poll-merge-notified.lock
++1789354100.263248 fm-wake-lib.sh:470 local lockdir=/tmp/fm-pr-check-security.q7m8p0/rejected-metacharacters/home/state/safe-check.pr-poll-merge-notified.lock owner
+++1789354100.264322 fm-wake-lib.sh:471 readlink /tmp/fm-pr-check-security.q7m8p0/rejected-metacharacters/home/state/safe-check.pr-poll-merge-notified.lock
++1789354100.269572 fm-wake-lib.sh:471 owner=/tmp/fm-pr-check-security.q7m8p0/rejected-metacharacters/home/state/safe-check.pr-poll-merge-notified.lock.owner.qNR1Yk
++1789354100.269726 fm-wake-lib.sh:472 '[' -n /tmp/fm-pr-check-security.q7m8p0/rejected-metacharacters/home/state/safe-check.pr-poll-merge-notified.lock.owner.qNR1Yk ']'
++1789354100.269789 fm-wake-lib.sh:473 case "$owner" in
++1789354100.269853 fm-wake-lib.sh:474 printf '%s\n' /tmp/fm-pr-check-security.q7m8p0/rejected-metacharacters/home/state/safe-check.pr-poll-merge-notified.lock.owner.qNR1Yk
+1789354100.270788 fm-wake-lib.sh:1101 ownerdir=/tmp/fm-pr-check-security.q7m8p0/rejected-metacharacters/home/state/safe-check.pr-poll-merge-notified.lock.owner.qNR1Yk
+1789354100.270881 fm-wake-lib.sh:1102 '[' -n /tmp/fm-pr-check-security.q7m8p0/rejected-metacharacters/home/state/safe-check.pr-poll-merge-notified.lock.owner.qNR1Yk ']'
++1789354100.272179 fm-wake-lib.sh:1103 cat /tmp/fm-pr-check-security.q7m8p0/rejected-metacharacters/home/state/safe-check.pr-poll-merge-notified.lock.owner.qNR1Yk/pid
+1789354100.277469 fm-wake-lib.sh:1103 pid=2972488
+1789354100.277620 fm-wake-lib.sh:1104 '[' 2972488 = 2972488 ']'
+1789354100.277697 fm-wake-lib.sh:1105 fm_lock_points_to_owner /tmp/fm-pr-check-security.q7m8p0/rejected-metacharacters/home/state/safe-check.pr-poll-merge-notified.lock /tmp/fm-pr-check-security.q7m8p0/rejected-metacharacters/home/state/safe-check.pr-poll-merge-notified.lock.owner.qNR1Yk
+1789354100.277795 fm-wake-lib.sh:480 local lockdir=/tmp/fm-pr-check-security.q7m8p0/rejected-metacharacters/home/state/safe-check.pr-poll-merge-notified.lock ownerdir=/tmp/fm-pr-check-security.q7m8p0/rejected-metacharacters/home/state/safe-check.pr-poll-merge-notified.lock.owner.qNR1Yk actual
++1789354100.279047 fm-wake-lib.sh:481 readlink /tmp/fm-pr-check-security.q7m8p0/rejected-metacharacters/home/state/safe-check.pr-poll-merge-notified.lock
+1789354100.284307 fm-wake-lib.sh:481 actual=/tmp/fm-pr-check-security.q7m8p0/rejected-metacharacters/home/state/safe-check.pr-poll-merge-notified.lock.owner.qNR1Yk
+1789354100.284442 fm-wake-lib.sh:482 '[' /tmp/fm-pr-check-security.q7m8p0/rejected-metacharacters/home/state/safe-check.pr-poll-merge-notified.lock.owner.qNR1Yk = /tmp/fm-pr-check-security.q7m8p0/rejected-metacharacters/home/state/safe-check.pr-poll-merge-notified.lock.owner.qNR1Yk ']'
+1789354100.284551 fm-wake-lib.sh:1106 rm -f /tmp/fm-pr-check-security.q7m8p0/rejected-metacharacters/home/state/safe-check.pr-poll-merge-notified.lock
+1789354100.286990 fm-wake-lib.sh:1107 fm_lock_discard_owner /tmp/fm-pr-check-security.q7m8p0/rejected-metacharacters/home/state/safe-check.pr-poll-merge-notified.lock.owner.qNR1Yk
+1789354100.287154 fm-wake-lib.sh:486 local ownerdir=/tmp/fm-pr-check-security.q7m8p0/rejected-metacharacters/home/state/safe-check.pr-poll-merge-notified.lock.owner.qNR1Yk
+1789354100.287210 fm-wake-lib.sh:487 '[' -n /tmp/fm-pr-check-security.q7m8p0/rejected-metacharacters/home/state/safe-check.pr-poll-merge-notified.lock.owner.qNR1Yk ']'
+1789354100.287234 fm-wake-lib.sh:488 fm_lock_clean_known_files /tmp/fm-pr-check-security.q7m8p0/rejected-metacharacters/home/state/safe-check.pr-poll-merge-notified.lock.owner.qNR1Yk
+1789354100.287280 fm-wake-lib.sh:419 local lockdir=/tmp/fm-pr-check-security.q7m8p0/rejected-metacharacters/home/state/safe-check.pr-poll-merge-notified.lock.owner.qNR1Yk
+1789354100.287323 fm-wake-lib.sh:420 rm -f /tmp/fm-pr-check-security.q7m8p0/rejected-metacharacters/home/state/safe-check.pr-poll-merge-notified.lock.owner.qNR1Yk/pid /tmp/fm-pr-check-security.q7m8p0/rejected-metacharacters/home/state/safe-check.pr-poll-merge-notified.lock.owner.qNR1Yk/fm-home /tmp/fm-pr-check-security.q7m8p0/rejected-metacharacters/home/state/safe-check.pr-poll-merge-notified.lock.owner.qNR1Yk/pid-identity /tmp/fm-pr-check-security.q7m8p0/rejected-metacharacters/home/state/safe-check.pr-poll-merge-notified.lock.owner.qNR1Yk/role /tmp/fm-pr-check-security.q7m8p0/rejected-metacharacters/home/state/safe-check.pr-poll-merge-notified.lock.owner.qNR1Yk/watcher-path
+1789354100.289544 fm-wake-lib.sh:489 rmdir /tmp/fm-pr-check-security.q7m8p0/rejected-metacharacters/home/state/safe-check.pr-poll-merge-notified.lock.owner.qNR1Yk
+1789354100.294293 fm-wake-lib.sh:1108 return 0
+1789354100.294478 fm-merge-outcome-lib.sh:111 return 0
+1789354100.294722 fm-watch.sh:2063 '[' 0 -ne 0 ']'
+1789354100.294743 fm-watch.sh:2067 '[' -n '' ']'
+1789354100.294757 fm-watch.sh:2074 retire_merged_pr_poll safe-check
+1789354100.294780 fm-watch.sh:1902 local id=safe-check
+1789354100.294807 fm-watch.sh:1903 fm_pr_poll_retirement_publish /tmp/fm-pr-check-security.q7m8p0/rejected-metacharacters/home/state safe-check /tmp/fm-target-99f67cc/bin/fm-pr-poll.sh merged
+1789354100.294861 fm-pr-lib.sh:852 local state=/tmp/fm-pr-check-security.q7m8p0/rejected-metacharacters/home/state id=safe-check template=/tmp/fm-target-99f67cc/bin/fm-pr-poll.sh result=merged receipt state_device tmp
+1789354100.294886 fm-pr-lib.sh:853 '[' merged = merged ']'
+1789354100.294904 fm-pr-lib.sh:854 fm_pr_poll_snapshot_matches /tmp/fm-pr-check-security.q7m8p0/rejected-metacharacters/home/state safe-check /tmp/fm-target-99f67cc/bin/fm-pr-poll.sh
+1789354100.294957 fm-pr-lib.sh:638 local state=/tmp/fm-pr-check-security.q7m8p0/rejected-metacharacters/home/state id=safe-check template=/tmp/fm-target-99f67cc/bin/fm-pr-poll.sh registration reg_hash reg_identity
+1789354100.294984 fm-pr-lib.sh:639 '[' -n safe-check ']'
+1789354100.294999 fm-pr-lib.sh:639 '[' safe-check = safe-check ']'
+1789354100.295015 fm-pr-lib.sh:640 fm_pr_poll_artifacts_valid /tmp/fm-pr-check-security.q7m8p0/rejected-metacharacters/home/state safe-check /tmp/fm-target-99f67cc/bin/fm-pr-poll.sh
+1789354100.295106 fm-pr-lib.sh:581 local state=/tmp/fm-pr-check-security.q7m8p0/rejected-metacharacters/home/state id=safe-check template=/tmp/fm-target-99f67cc/bin/fm-pr-poll.sh state_device check data registration meta data_hash template_hash data_identity check_identity
+1789354100.295137 fm-pr-lib.sh:582 fm_pr_task_id_valid safe-check
+1789354100.295160 fm-pr-lib.sh:102 local id=safe-check
+1789354100.295173 fm-pr-lib.sh:103 fm_task_id_path_safe safe-check
+1789354100.295190 fm-pr-lib.sh:94 local id=safe-check
+1789354100.295201 fm-pr-lib.sh:95 local LC_ALL=C
+1789354100.295225 fm-pr-lib.sh:96 case "$id" in
+1789354100.295284 fm-pr-lib.sh:583 '[' -d /tmp/fm-pr-check-security.q7m8p0/rejected-metacharacters/home/state ']'
+1789354100.295316 fm-pr-lib.sh:583 '[' '!' -L /tmp/fm-pr-check-security.q7m8p0/rejected-metacharacters/home/state ']'
++1789354100.296557 fm-pr-lib.sh:584 fm_pr_file_device /tmp/fm-pr-check-security.q7m8p0/rejected-metacharacters/home/state
+++1789354100.297542 fm-pr-lib.sh:225 uname
++1789354100.303219 fm-pr-lib.sh:225 '[' Linux = Darwin ']'
++1789354100.303345 fm-pr-lib.sh:228 stat -c %d /tmp/fm-pr-check-security.q7m8p0/rejected-metacharacters/home/state
+1789354100.308770 fm-pr-lib.sh:584 state_device=74
+1789354100.308865 fm-pr-lib.sh:585 check=/tmp/fm-pr-check-security.q7m8p0/rejected-metacharacters/home/state/safe-check.check.sh
+1789354100.308886 fm-pr-lib.sh:586 data=/tmp/fm-pr-check-security.q7m8p0/rejected-metacharacters/home/state/safe-check.pr-poll
+1789354100.308910 fm-pr-lib.sh:587 registration=/tmp/fm-pr-check-security.q7m8p0/rejected-metacharacters/home/state/safe-check.pr-poll-registration
+1789354100.308930 fm-pr-lib.sh:588 meta=/tmp/fm-pr-check-security.q7m8p0/rejected-metacharacters/home/state/safe-check.meta
+1789354100.308953 fm-pr-lib.sh:589 fm_pr_private_file_valid /tmp/fm-pr-check-security.q7m8p0/rejected-metacharacters/home/state/safe-check.check.sh 600 74
+1789354100.309021 fm-pr-lib.sh:267 local path=/tmp/fm-pr-check-security.q7m8p0/rejected-metacharacters/home/state/safe-check.check.sh mode=600 device=74
+1789354100.309053 fm-pr-lib.sh:268 '[' -f /tmp/fm-pr-check-security.q7m8p0/rejected-metacharacters/home/state/safe-check.check.sh ']'
+1789354100.309085 fm-pr-lib.sh:268 '[' '!' -L /tmp/fm-pr-check-security.q7m8p0/rejected-metacharacters/home/state/safe-check.check.sh ']'
++1789354100.310252 fm-pr-lib.sh:269 fm_pr_file_mode /tmp/fm-pr-check-security.q7m8p0/rejected-metacharacters/home/state/safe-check.check.sh
+++1789354100.311111 fm-pr-lib.sh:217 uname
++1789354100.315718 fm-pr-lib.sh:217 '[' Linux = Darwin ']'
++1789354100.315834 fm-pr-lib.sh:220 stat -c %a /tmp/fm-pr-check-security.q7m8p0/rejected-metacharacters/home/state/safe-check.check.sh
+1789354100.321527 fm-pr-lib.sh:269 '[' 600 = 600 ']'
++1789354100.322812 fm-pr-lib.sh:270 fm_pr_file_device /tmp/fm-pr-check-security.q7m8p0/rejected-metacharacters/home/state/safe-check.check.sh
+++1789354100.323599 fm-pr-lib.sh:225 uname
++1789354100.328355 fm-pr-lib.sh:225 '[' Linux = Darwin ']'
++1789354100.328460 fm-pr-lib.sh:228 stat -c %d /tmp/fm-pr-check-security.q7m8p0/rejected-metacharacters/home/state/safe-check.check.sh
+1789354100.333561 fm-pr-lib.sh:270 '[' 74 = 74 ']'
++1789354100.334815 fm-pr-lib.sh:271 fm_pr_file_link_count /tmp/fm-pr-check-security.q7m8p0/rejected-metacharacters/home/state/safe-check.check.sh
+++1789354100.335647 fm-pr-lib.sh:233 uname
++1789354100.340500 fm-pr-lib.sh:233 '[' Linux = Darwin ']'
++1789354100.340600 fm-pr-lib.sh:236 stat -c %h /tmp/fm-pr-check-security.q7m8p0/rejected-metacharacters/home/state/safe-check.check.sh
+1789354100.345691 fm-pr-lib.sh:271 '[' 1 = 1 ']'
+1789354100.345840 fm-pr-lib.sh:590 fm_pr_private_file_valid /tmp/fm-pr-check-security.q7m8p0/rejected-metacharacters/home/state/safe-check.pr-poll 600 74
+1789354100.345884 fm-pr-lib.sh:267 local path=/tmp/fm-pr-check-security.q7m8p0/rejected-metacharacters/home/state/safe-check.pr-poll mode=600 device=74
+1789354100.345980 fm-pr-lib.sh:268 '[' -f /tmp/fm-pr-check-security.q7m8p0/rejected-metacharacters/home/state/safe-check.pr-poll ']'
+1789354100.346035 fm-pr-lib.sh:268 '[' '!' -L /tmp/fm-pr-check-security.q7m8p0/rejected-metacharacters/home/state/safe-check.pr-poll ']'
++1789354100.347172 fm-pr-lib.sh:269 fm_pr_file_mode /tmp/fm-pr-check-security.q7m8p0/rejected-metacharacters/home/state/safe-check.pr-poll
+++1789354100.348139 fm-pr-lib.sh:217 uname
++1789354100.352827 fm-pr-lib.sh:217 '[' Linux = Darwin ']'
++1789354100.352927 fm-pr-lib.sh:220 stat -c %a /tmp/fm-pr-check-security.q7m8p0/rejected-metacharacters/home/state/safe-check.pr-poll
+1789354100.358767 fm-pr-lib.sh:269 '[' 600 = 600 ']'
++1789354100.360038 fm-pr-lib.sh:270 fm_pr_file_device /tmp/fm-pr-check-security.q7m8p0/rejected-metacharacters/home/state/safe-check.pr-poll
+++1789354100.360873 fm-pr-lib.sh:225 uname
++1789354100.366777 fm-pr-lib.sh:225 '[' Linux = Darwin ']'
++1789354100.366910 fm-pr-lib.sh:228 stat -c %d /tmp/fm-pr-check-security.q7m8p0/rejected-metacharacters/home/state/safe-check.pr-poll
+1789354100.372785 fm-pr-lib.sh:270 '[' 74 = 74 ']'
++1789354100.373959 fm-pr-lib.sh:271 fm_pr_file_link_count /tmp/fm-pr-check-security.q7m8p0/rejected-metacharacters/home/state/safe-check.pr-poll
+++1789354100.374819 fm-pr-lib.sh:233 uname
++1789354100.379659 fm-pr-lib.sh:233 '[' Linux = Darwin ']'
++1789354100.379759 fm-pr-lib.sh:236 stat -c %h /tmp/fm-pr-check-security.q7m8p0/rejected-metacharacters/home/state/safe-check.pr-poll
+1789354100.385872 fm-pr-lib.sh:271 '[' 1 = 1 ']'
+1789354100.386091 fm-pr-lib.sh:591 fm_pr_private_file_valid /tmp/fm-pr-check-security.q7m8p0/rejected-metacharacters/home/state/safe-check.pr-poll-registration 600 74
+1789354100.386135 fm-pr-lib.sh:267 local path=/tmp/fm-pr-check-security.q7m8p0/rejected-metacharacters/home/state/safe-check.pr-poll-registration mode=600 device=74
+1789354100.386167 fm-pr-lib.sh:268 '[' -f /tmp/fm-pr-check-security.q7m8p0/rejected-metacharacters/home/state/safe-check.pr-poll-registration ']'
+1789354100.386198 fm-pr-lib.sh:268 '[' '!' -L /tmp/fm-pr-check-security.q7m8p0/rejected-metacharacters/home/state/safe-check.pr-poll-registration ']'
++1789354100.387340 fm-pr-lib.sh:269 fm_pr_file_mode /tmp/fm-pr-check-security.q7m8p0/rejected-metacharacters/home/state/safe-check.pr-poll-registration
+++1789354100.388410 fm-pr-lib.sh:217 uname
++1789354100.392731 fm-pr-lib.sh:217 '[' Linux = Darwin ']'
++1789354100.392831 fm-pr-lib.sh:220 stat -c %a /tmp/fm-pr-check-security.q7m8p0/rejected-metacharacters/home/state/safe-check.pr-poll-registration
+1789354100.399253 fm-pr-lib.sh:269 '[' 600 = 600 ']'
++1789354100.400568 fm-pr-lib.sh:270 fm_pr_file_device /tmp/fm-pr-check-security.q7m8p0/rejected-metacharacters/home/state/safe-check.pr-poll-registration
+++1789354100.401423 fm-pr-lib.sh:225 uname
++1789354100.406290 fm-pr-lib.sh:225 '[' Linux = Darwin ']'
++1789354100.406408 fm-pr-lib.sh:228 stat -c %d /tmp/fm-pr-check-security.q7m8p0/rejected-metacharacters/home/state/safe-check.pr-poll-registration
+1789354100.411946 fm-pr-lib.sh:270 '[' 74 = 74 ']'
++1789354100.413336 fm-pr-lib.sh:271 fm_pr_file_link_count /tmp/fm-pr-check-security.q7m8p0/rejected-metacharacters/home/state/safe-check.pr-poll-registration
+++1789354100.414386 fm-pr-lib.sh:233 uname
++1789354100.418928 fm-pr-lib.sh:233 '[' Linux = Darwin ']'
++1789354100.419133 fm-pr-lib.sh:236 stat -c %h /tmp/fm-pr-check-security.q7m8p0/rejected-metacharacters/home/state/safe-check.pr-poll-registration
+1789354100.424936 fm-pr-lib.sh:271 '[' 1 = 1 ']'
+1789354100.425089 fm-pr-lib.sh:592 '[' -f /tmp/fm-pr-check-security.q7m8p0/rejected-metacharacters/home/state/safe-check.meta ']'
+1789354100.425139 fm-pr-lib.sh:592 '[' '!' -L /tmp/fm-pr-check-security.q7m8p0/rejected-metacharacters/home/state/safe-check.meta ']'
++1789354100.426340 fm-pr-lib.sh:593 fm_pr_file_link_count /tmp/fm-pr-check-security.q7m8p0/rejected-metacharacters/home/state/safe-check.meta
+++1789354100.427506 fm-pr-lib.sh:233 uname
++1789354100.432169 fm-pr-lib.sh:233 '[' Linux = Darwin ']'
++1789354100.432264 fm-pr-lib.sh:236 stat -c %h /tmp/fm-pr-check-security.q7m8p0/rejected-metacharacters/home/state/safe-check.meta
+1789354100.437562 fm-pr-lib.sh:593 '[' 1 = 1 ']'
+1789354100.437660 fm-pr-lib.sh:594 cmp -s /tmp/fm-target-99f67cc/bin/fm-pr-poll.sh /tmp/fm-pr-check-security.q7m8p0/rejected-metacharacters/home/state/safe-check.check.sh
+1789354100.439771 fm-pr-lib.sh:595 fm_pr_poll_data_parse /tmp/fm-pr-check-security.q7m8p0/rejected-metacharacters/home/state/safe-check.pr-poll
+1789354100.439909 fm-pr-lib.sh:335 local file=/tmp/fm-pr-check-security.q7m8p0/rejected-metacharacters/home/state/safe-check.pr-poll provider url host path number
+1789354100.439949 fm-pr-lib.sh:336 FM_PR_DATA_PROVIDER=
+1789354100.439964 fm-pr-lib.sh:337 FM_PR_DATA_URL=
+1789354100.439976 fm-pr-lib.sh:338 FM_PR_DATA_HOST=
+1789354100.439985 fm-pr-lib.sh:339 FM_PR_DATA_PATH=
+1789354100.439995 fm-pr-lib.sh:340 FM_PR_DATA_NUMBER=
+1789354100.440010 fm-pr-lib.sh:341 '[' -f /tmp/fm-pr-check-security.q7m8p0/rejected-metacharacters/home/state/safe-check.pr-poll ']'
+1789354100.440044 fm-pr-lib.sh:341 '[' '!' -L /tmp/fm-pr-check-security.q7m8p0/rejected-metacharacters/home/state/safe-check.pr-poll ']'
+1789354100.440059 fm-pr-lib.sh:342 exec
+1789354100.440092 fm-pr-lib.sh:343 IFS=
+1789354100.440101 fm-pr-lib.sh:343 read -r provider
+1789354100.440132 fm-pr-lib.sh:344 IFS=
+1789354100.440139 fm-pr-lib.sh:344 read -r url
+1789354100.440156 fm-pr-lib.sh:345 IFS=
+1789354100.440164 fm-pr-lib.sh:345 read -r host
+1789354100.440179 fm-pr-lib.sh:346 IFS=
+1789354100.440187 fm-pr-lib.sh:346 read -r path
+1789354100.440202 fm-pr-lib.sh:347 IFS=
+1789354100.440211 fm-pr-lib.sh:347 read -r number
+1789354100.440227 fm-pr-lib.sh:348 IFS=
+1789354100.440238 fm-pr-lib.sh:348 read -r _extra
+1789354100.440262 fm-pr-lib.sh:352 exec
+1789354100.440284 fm-pr-lib.sh:353 fm_pr_url_parse https://github.com/o/r/pull/99
+1789354100.440388 fm-pr-lib.sh:169 local raw=https://github.com/o/r/pull/99 pattern host path
+1789354100.440422 fm-pr-lib.sh:170 local LC_ALL=C
+1789354100.440456 fm-pr-lib.sh:171 FM_PR_PROVIDER=
+1789354100.440473 fm-pr-lib.sh:172 FM_PR_URL=
+1789354100.440484 fm-pr-lib.sh:173 FM_PR_HOST=
+1789354100.440495 fm-pr-lib.sh:174 FM_PR_PATH=
+1789354100.440504 fm-pr-lib.sh:175 FM_PR_OWNER=
+1789354100.440513 fm-pr-lib.sh:176 FM_PR_REPO=
+1789354100.440521 fm-pr-lib.sh:177 FM_PR_NUMBER=
+1789354100.440537 fm-pr-lib.sh:178 pattern='^https://github\.com/([A-Za-z0-9]|[A-Za-z0-9][A-Za-z0-9-]{0,37}[A-Za-z0-9])/([A-Za-z0-9._-]{1,100})/pull/([1-9][0-9]*)$'
+1789354100.440551 fm-pr-lib.sh:179 [[ https://github.com/o/r/pull/99 =~ ^https://github\.com/([A-Za-z0-9]|[A-Za-z0-9][A-Za-z0-9-]{0,37}[A-Za-z0-9])/([A-Za-z0-9._-]{1,100})/pull/([1-9][0-9]*)$ ]]
+1789354100.440957 fm-pr-lib.sh:180 [[ o != *--* ]]
+1789354100.440976 fm-pr-lib.sh:181 '[' r '!=' . ']'
+1789354100.440992 fm-pr-lib.sh:181 '[' r '!=' .. ']'
+1789354100.441002 fm-pr-lib.sh:182 FM_PR_PROVIDER=github
+1789354100.441012 fm-pr-lib.sh:183 FM_PR_URL=https://github.com/o/r/pull/99
+1789354100.441021 fm-pr-lib.sh:184 FM_PR_HOST=github.com
+1789354100.441034 fm-pr-lib.sh:185 FM_PR_PATH=o/r
+1789354100.441044 fm-pr-lib.sh:188 FM_PR_OWNER=o
+1789354100.441055 fm-pr-lib.sh:190 FM_PR_REPO=r
+1789354100.441064 fm-pr-lib.sh:191 FM_PR_NUMBER=99
+1789354100.441074 fm-pr-lib.sh:192 return 0
+1789354100.441137 fm-pr-lib.sh:354 '[' github = github ']'
+1789354100.441156 fm-pr-lib.sh:355 '[' github.com = github.com ']'
+1789354100.441168 fm-pr-lib.sh:356 '[' o/r = o/r ']'
+1789354100.441180 fm-pr-lib.sh:357 '[' 99 = 99 ']'
+1789354100.441191 fm-pr-lib.sh:358 FM_PR_DATA_PROVIDER=github
+1789354100.441202 fm-pr-lib.sh:359 FM_PR_DATA_URL=https://github.com/o/r/pull/99
+1789354100.441212 fm-pr-lib.sh:360 FM_PR_DATA_HOST=github.com
+1789354100.441222 fm-pr-lib.sh:361 FM_PR_DATA_PATH=o/r
+1789354100.441235 fm-pr-lib.sh:362 FM_PR_DATA_NUMBER=99
++1789354100.442810 fm-pr-lib.sh:596 fm_pr_sha256 /tmp/fm-pr-check-security.q7m8p0/rejected-metacharacters/home/state/safe-check.pr-poll
++1789354100.443080 fm-pr-lib.sh:257 command -v shasum
++1789354100.443894 fm-pr-lib.sh:258 shasum -a 256 /tmp/fm-pr-check-security.q7m8p0/rejected-metacharacters/home/state/safe-check.pr-poll
++1789354100.444228 fm-pr-lib.sh:258 awk '{print $1}'
+1789354100.474233 fm-pr-lib.sh:596 data_hash=efb68e1603469fff3b15ca368ca6e2798f600d3d600366e6317a517628ebf8b4
++1789354100.475550 fm-pr-lib.sh:597 fm_pr_sha256 /tmp/fm-pr-check-security.q7m8p0/rejected-metacharacters/home/state/safe-check.check.sh
++1789354100.475878 fm-pr-lib.sh:257 command -v shasum
++1789354100.476761 fm-pr-lib.sh:258 shasum -a 256 /tmp/fm-pr-check-security.q7m8p0/rejected-metacharacters/home/state/safe-check.check.sh
++1789354100.477078 fm-pr-lib.sh:258 awk '{print $1}'
+1789354100.507596 fm-pr-lib.sh:597 template_hash=e87aae384ec62ae28f78a0779020f52f7b891ba0cafea2551b5a2c4e967870cf
++1789354100.508939 fm-pr-lib.sh:598 fm_pr_file_identity /tmp/fm-pr-check-security.q7m8p0/rejected-metacharacters/home/state/safe-check.pr-poll
++1789354100.509257 fm-pr-lib.sh:249 local device inode
+++1789354100.510251 fm-pr-lib.sh:250 fm_pr_file_device /tmp/fm-pr-check-security.q7m8p0/rejected-metacharacters/home/state/safe-check.pr-poll
++++1789354100.511445 fm-pr-lib.sh:225 uname
+++1789354100.516168 fm-pr-lib.sh:225 '[' Linux = Darwin ']'
+++1789354100.516270 fm-pr-lib.sh:228 stat -c %d /tmp/fm-pr-check-security.q7m8p0/rejected-metacharacters/home/state/safe-check.pr-poll
++1789354100.522149 fm-pr-lib.sh:250 device=74
+++1789354100.523127 fm-pr-lib.sh:251 fm_pr_file_inode /tmp/fm-pr-check-security.q7m8p0/rejected-metacharacters/home/state/safe-check.pr-poll
++++1789354100.524113 fm-pr-lib.sh:241 uname
+++1789354100.528994 fm-pr-lib.sh:241 '[' Linux = Darwin ']'
+++1789354100.529093 fm-pr-lib.sh:244 stat -c %i /tmp/fm-pr-check-security.q7m8p0/rejected-metacharacters/home/state/safe-check.pr-poll
++1789354100.534353 fm-pr-lib.sh:251 inode=475373
++1789354100.534453 fm-pr-lib.sh:252 '[' -n 74 ']'
++1789354100.534477 fm-pr-lib.sh:252 '[' -n 475373 ']'
++1789354100.534496 fm-pr-lib.sh:253 printf '%s:%s\n' 74 475373
+1789354100.535229 fm-pr-lib.sh:598 data_identity=74:475373
++1789354100.536368 fm-pr-lib.sh:599 fm_pr_file_identity /tmp/fm-pr-check-security.q7m8p0/rejected-metacharacters/home/state/safe-check.check.sh
++1789354100.536702 fm-pr-lib.sh:249 local device inode
+++1789354100.537629 fm-pr-lib.sh:250 fm_pr_file_device /tmp/fm-pr-check-security.q7m8p0/rejected-metacharacters/home/state/safe-check.check.sh
++++1789354100.538926 fm-pr-lib.sh:225 uname
+++1789354100.544391 fm-pr-lib.sh:225 '[' Linux = Darwin ']'
+++1789354100.544500 fm-pr-lib.sh:228 stat -c %d /tmp/fm-pr-check-security.q7m8p0/rejected-metacharacters/home/state/safe-check.check.sh
++1789354100.549621 fm-pr-lib.sh:250 device=74
+++1789354100.550707 fm-pr-lib.sh:251 fm_pr_file_inode /tmp/fm-pr-check-security.q7m8p0/rejected-metacharacters/home/state/safe-check.check.sh
++++1789354100.551725 fm-pr-lib.sh:241 uname
+++1789354100.556662 fm-pr-lib.sh:241 '[' Linux = Darwin ']'
+++1789354100.556769 fm-pr-lib.sh:244 stat -c %i /tmp/fm-pr-check-security.q7m8p0/rejected-metacharacters/home/state/safe-check.check.sh
++1789354100.561980 fm-pr-lib.sh:251 inode=475374
++1789354100.562096 fm-pr-lib.sh:252 '[' -n 74 ']'
++1789354100.562122 fm-pr-lib.sh:252 '[' -n 475374 ']'
++1789354100.562146 fm-pr-lib.sh:253 printf '%s:%s\n' 74 475374
+1789354100.562937 fm-pr-lib.sh:599 check_identity=74:475374
+1789354100.563071 fm-pr-lib.sh:600 fm_pr_poll_registration_parse /tmp/fm-pr-check-security.q7m8p0/rejected-metacharacters/home/state/safe-check.pr-poll-registration
+1789354100.563453 fm-pr-lib.sh:370 local file=/tmp/fm-pr-check-security.q7m8p0/rejected-metacharacters/home/state/safe-check.pr-poll-registration version id provider url host path number data_hash template_hash data_identity check_identity
+1789354100.563503 fm-pr-lib.sh:371 FM_PR_REG_ID=
+1789354100.563516 fm-pr-lib.sh:372 FM_PR_REG_PROVIDER=
+1789354100.563527 fm-pr-lib.sh:373 FM_PR_REG_URL=
+1789354100.563536 fm-pr-lib.sh:374 FM_PR_REG_HOST=
+1789354100.563547 fm-pr-lib.sh:375 FM_PR_REG_PATH=
+1789354100.563555 fm-pr-lib.sh:376 FM_PR_REG_NUMBER=
+1789354100.563564 fm-pr-lib.sh:377 FM_PR_REG_DATA_HASH=
+1789354100.563572 fm-pr-lib.sh:378 FM_PR_REG_TEMPLATE_HASH=
+1789354100.563582 fm-pr-lib.sh:379 FM_PR_REG_DATA_IDENTITY=
+1789354100.563593 fm-pr-lib.sh:380 FM_PR_REG_CHECK_IDENTITY=
+1789354100.563609 fm-pr-lib.sh:381 '[' -f /tmp/fm-pr-check-security.q7m8p0/rejected-metacharacters/home/state/safe-check.pr-poll-registration ']'
+1789354100.563640 fm-pr-lib.sh:381 '[' '!' -L /tmp/fm-pr-check-security.q7m8p0/rejected-metacharacters/home/state/safe-check.pr-poll-registration ']'
+1789354100.563655 fm-pr-lib.sh:382 exec
+1789354100.563695 fm-pr-lib.sh:383 IFS=
+1789354100.563703 fm-pr-lib.sh:383 read -r version
+1789354100.563738 fm-pr-lib.sh:384 IFS=
+1789354100.563746 fm-pr-lib.sh:384 read -r id
+1789354100.563767 fm-pr-lib.sh:385 IFS=
+1789354100.563774 fm-pr-lib.sh:385 read -r provider
+1789354100.563791 fm-pr-lib.sh:386 IFS=
+1789354100.563806 fm-pr-lib.sh:386 read -r url
+1789354100.563826 fm-pr-lib.sh:387 IFS=
+1789354100.563834 fm-pr-lib.sh:387 read -r host
+1789354100.563850 fm-pr-lib.sh:388 IFS=
+1789354100.563857 fm-pr-lib.sh:388 read -r path
+1789354100.563873 fm-pr-lib.sh:389 IFS=
+1789354100.563880 fm-pr-lib.sh:389 read -r number
+1789354100.563896 fm-pr-lib.sh:390 IFS=
+1789354100.563904 fm-pr-lib.sh:390 read -r data_hash
+1789354100.563922 fm-pr-lib.sh:391 IFS=
+1789354100.563929 fm-pr-lib.sh:391 read -r template_hash
+1789354100.563947 fm-pr-lib.sh:392 IFS=
+1789354100.563954 fm-pr-lib.sh:392 read -r data_identity
+1789354100.564110 fm-pr-lib.sh:393 IFS=
+1789354100.564124 fm-pr-lib.sh:393 read -r check_identity
+1789354100.564148 fm-pr-lib.sh:394 IFS=
+1789354100.564156 fm-pr-lib.sh:394 read -r _extra
+1789354100.564173 fm-pr-lib.sh:398 exec
+1789354100.564285 fm-pr-lib.sh:399 '[' fm-pr-poll-registration-v2 = fm-pr-poll-registration-v2 ']'
+1789354100.564339 fm-pr-lib.sh:400 fm_pr_task_id_valid safe-check
+1789354100.564374 fm-pr-lib.sh:102 local id=safe-check
+1789354100.564394 fm-pr-lib.sh:103 fm_task_id_path_safe safe-check
+1789354100.564420 fm-pr-lib.sh:94 local id=safe-check
+1789354100.564433 fm-pr-lib.sh:95 local LC_ALL=C
+1789354100.564460 fm-pr-lib.sh:96 case "$id" in
+1789354100.564526 fm-pr-lib.sh:401 fm_pr_url_parse https://github.com/o/r/pull/99
+1789354100.564582 fm-pr-lib.sh:169 local raw=https://github.com/o/r/pull/99 pattern host path
+1789354100.564601 fm-pr-lib.sh:170 local LC_ALL=C
+1789354100.564617 fm-pr-lib.sh:171 FM_PR_PROVIDER=
+1789354100.564629 fm-pr-lib.sh:172 FM_PR_URL=
+1789354100.564639 fm-pr-lib.sh:173 FM_PR_HOST=
+1789354100.564649 fm-pr-lib.sh:174 FM_PR_PATH=
+1789354100.564658 fm-pr-lib.sh:175 FM_PR_OWNER=
+1789354100.564666 fm-pr-lib.sh:176 FM_PR_REPO=
+1789354100.564675 fm-pr-lib.sh:177 FM_PR_NUMBER=
+1789354100.564692 fm-pr-lib.sh:178 pattern='^https://github\.com/([A-Za-z0-9]|[A-Za-z0-9][A-Za-z0-9-]{0,37}[A-Za-z0-9])/([A-Za-z0-9._-]{1,100})/pull/([1-9][0-9]*)$'
+1789354100.564708 fm-pr-lib.sh:179 [[ https://github.com/o/r/pull/99 =~ ^https://github\.com/([A-Za-z0-9]|[A-Za-z0-9][A-Za-z0-9-]{0,37}[A-Za-z0-9])/([A-Za-z0-9._-]{1,100})/pull/([1-9][0-9]*)$ ]]
+1789354100.565296 fm-pr-lib.sh:180 [[ o != *--* ]]
+1789354100.565337 fm-pr-lib.sh:181 '[' r '!=' . ']'
+1789354100.565362 fm-pr-lib.sh:181 '[' r '!=' .. ']'
+1789354100.565378 fm-pr-lib.sh:182 FM_PR_PROVIDER=github
+1789354100.565395 fm-pr-lib.sh:183 FM_PR_URL=https://github.com/o/r/pull/99
+1789354100.565408 fm-pr-lib.sh:184 FM_PR_HOST=github.com
+1789354100.565427 fm-pr-lib.sh:185 FM_PR_PATH=o/r
+1789354100.565442 fm-pr-lib.sh:188 FM_PR_OWNER=o
+1789354100.565456 fm-pr-lib.sh:190 FM_PR_REPO=r
+1789354100.565470 fm-pr-lib.sh:191 FM_PR_NUMBER=99
+1789354100.565484 fm-pr-lib.sh:192 return 0
+1789354100.565573 fm-pr-lib.sh:402 '[' github = github ']'
+1789354100.565603 fm-pr-lib.sh:403 '[' github.com = github.com ']'
+1789354100.565622 fm-pr-lib.sh:404 '[' o/r = o/r ']'
+1789354100.565641 fm-pr-lib.sh:405 '[' 99 = 99 ']'
+1789354100.565662 fm-pr-lib.sh:406 [[ efb68e1603469fff3b15ca368ca6e2798f600d3d600366e6317a517628ebf8b4 =~ ^[0-9a-f]{64}$ ]]
+1789354100.565857 fm-pr-lib.sh:407 [[ e87aae384ec62ae28f78a0779020f52f7b891ba0cafea2551b5a2c4e967870cf =~ ^[0-9a-f]{64}$ ]]
+1789354100.566168 fm-pr-lib.sh:408 [[ 74:475373 =~ ^[0-9]+:[0-9]+$ ]]
+1789354100.566238 fm-pr-lib.sh:409 [[ 74:475374 =~ ^[0-9]+:[0-9]+$ ]]
+1789354100.566283 fm-pr-lib.sh:410 FM_PR_REG_ID=safe-check
+1789354100.566297 fm-pr-lib.sh:411 FM_PR_REG_PROVIDER=github
+1789354100.566309 fm-pr-lib.sh:412 FM_PR_REG_URL=https://github.com/o/r/pull/99
+1789354100.566320 fm-pr-lib.sh:413 FM_PR_REG_HOST=github.com
+1789354100.566331 fm-pr-lib.sh:414 FM_PR_REG_PATH=o/r
+1789354100.566341 fm-pr-lib.sh:415 FM_PR_REG_NUMBER=99
+1789354100.566352 fm-pr-lib.sh:416 FM_PR_REG_DATA_HASH=efb68e1603469fff3b15ca368ca6e2798f600d3d600366e6317a517628ebf8b4
+1789354100.566363 fm-pr-lib.sh:417 FM_PR_REG_TEMPLATE_HASH=e87aae384ec62ae28f78a0779020f52f7b891ba0cafea2551b5a2c4e967870cf
+1789354100.566374 fm-pr-lib.sh:418 FM_PR_REG_DATA_IDENTITY=74:475373
+1789354100.566391 fm-pr-lib.sh:419 FM_PR_REG_CHECK_IDENTITY=74:475374
+1789354100.566478 fm-pr-lib.sh:601 '[' safe-check = safe-check ']'
+1789354100.566496 fm-pr-lib.sh:602 '[' github = github ']'
+1789354100.566511 fm-pr-lib.sh:603 '[' https://github.com/o/r/pull/99 = https://github.com/o/r/pull/99 ']'
+1789354100.566525 fm-pr-lib.sh:604 '[' github.com = github.com ']'
+1789354100.566601 fm-pr-lib.sh:605 '[' o/r = o/r ']'
+1789354100.566637 fm-pr-lib.sh:606 '[' 99 = 99 ']'
+1789354100.566658 fm-pr-lib.sh:607 '[' efb68e1603469fff3b15ca368ca6e2798f600d3d600366e6317a517628ebf8b4 = efb68e1603469fff3b15ca368ca6e2798f600d3d600366e6317a517628ebf8b4 ']'
+1789354100.566679 fm-pr-lib.sh:608 '[' e87aae384ec62ae28f78a0779020f52f7b891ba0cafea2551b5a2c4e967870cf = e87aae384ec62ae28f78a0779020f52f7b891ba0cafea2551b5a2c4e967870cf ']'
+1789354100.566695 fm-pr-lib.sh:609 '[' 74:475373 = 74:475373 ']'
+1789354100.566709 fm-pr-lib.sh:610 '[' 74:475374 = 74:475374 ']'
+1789354100.566725 fm-pr-lib.sh:611 fm_pr_metadata_identity_parse /tmp/fm-pr-check-security.q7m8p0/rejected-metacharacters/home/state/safe-check.meta
+1789354100.566775 fm-pr-lib.sh:289 local file=/tmp/fm-pr-check-security.q7m8p0/rejected-metacharacters/home/state/safe-check.meta line value pr_count=0 seen_pr=0 post_pr_invalid=0
+1789354100.566800 fm-pr-lib.sh:290 FM_PR_META_PROVIDER=
+1789354100.566811 fm-pr-lib.sh:291 FM_PR_META_URL=
+1789354100.566821 fm-pr-lib.sh:292 FM_PR_META_HOST=
+1789354100.566830 fm-pr-lib.sh:293 FM_PR_META_PATH=
+1789354100.566839 fm-pr-lib.sh:294 FM_PR_META_NUMBER=
+1789354100.566854 fm-pr-lib.sh:295 '[' -f /tmp/fm-pr-check-security.q7m8p0/rejected-metacharacters/home/state/safe-check.meta ']'
+1789354100.566883 fm-pr-lib.sh:295 '[' '!' -L /tmp/fm-pr-check-security.q7m8p0/rejected-metacharacters/home/state/safe-check.meta ']'
++1789354100.568428 fm-pr-lib.sh:296 fm_pr_file_link_count /tmp/fm-pr-check-security.q7m8p0/rejected-metacharacters/home/state/safe-check.meta
+++1789354100.569459 fm-pr-lib.sh:233 uname
++1789354100.574323 fm-pr-lib.sh:233 '[' Linux = Darwin ']'
++1789354100.574435 fm-pr-lib.sh:236 stat -c %h /tmp/fm-pr-check-security.q7m8p0/rejected-metacharacters/home/state/safe-check.meta
+1789354100.579933 fm-pr-lib.sh:296 '[' 1 = 1 ']'
+1789354100.580068 fm-pr-lib.sh:297 IFS=
+1789354100.580089 fm-pr-lib.sh:297 read -r line
+1789354100.580124 fm-pr-lib.sh:298 case "$line" in
+1789354100.580150 fm-pr-lib.sh:321 '[' 0 -eq 0 ']'
+1789354100.580165 fm-pr-lib.sh:297 IFS=
+1789354100.580173 fm-pr-lib.sh:297 read -r line
+1789354100.580196 fm-pr-lib.sh:298 case "$line" in
+1789354100.580224 fm-pr-lib.sh:300 pr_count=1
+1789354100.580241 fm-pr-lib.sh:301 '[' 1 -eq 1 ']'
+1789354100.580258 fm-pr-lib.sh:302 value=https://github.com/o/r/pull/99
+1789354100.580279 fm-pr-lib.sh:303 fm_pr_url_parse https://github.com/o/r/pull/99
+1789354100.580387 fm-pr-lib.sh:169 local raw=https://github.com/o/r/pull/99 pattern host path
+1789354100.580410 fm-pr-lib.sh:170 local LC_ALL=C
+1789354100.580436 fm-pr-lib.sh:171 FM_PR_PROVIDER=
+1789354100.580450 fm-pr-lib.sh:172 FM_PR_URL=
+1789354100.580462 fm-pr-lib.sh:173 FM_PR_HOST=
+1789354100.580472 fm-pr-lib.sh:174 FM_PR_PATH=
+1789354100.580481 fm-pr-lib.sh:175 FM_PR_OWNER=
+1789354100.580489 fm-pr-lib.sh:176 FM_PR_REPO=
+1789354100.580497 fm-pr-lib.sh:177 FM_PR_NUMBER=
+1789354100.580510 fm-pr-lib.sh:178 pattern='^https://github\.com/([A-Za-z0-9]|[A-Za-z0-9][A-Za-z0-9-]{0,37}[A-Za-z0-9])/([A-Za-z0-9._-]{1,100})/pull/([1-9][0-9]*)$'
+1789354100.580527 fm-pr-lib.sh:179 [[ https://github.com/o/r/pull/99 =~ ^https://github\.com/([A-Za-z0-9]|[A-Za-z0-9][A-Za-z0-9-]{0,37}[A-Za-z0-9])/([A-Za-z0-9._-]{1,100})/pull/([1-9][0-9]*)$ ]]
+1789354100.580948 fm-pr-lib.sh:180 [[ o != *--* ]]
+1789354100.580965 fm-pr-lib.sh:181 '[' r '!=' . ']'
+1789354100.580979 fm-pr-lib.sh:181 '[' r '!=' .. ']'
+1789354100.580988 fm-pr-lib.sh:182 FM_PR_PROVIDER=github
+1789354100.580998 fm-pr-lib.sh:183 FM_PR_URL=https://github.com/o/r/pull/99
+1789354100.581006 fm-pr-lib.sh:184 FM_PR_HOST=github.com
+1789354100.581027 fm-pr-lib.sh:185 FM_PR_PATH=o/r
+1789354100.581039 fm-pr-lib.sh:188 FM_PR_OWNER=o
+1789354100.581049 fm-pr-lib.sh:190 FM_PR_REPO=r
+1789354100.581058 fm-pr-lib.sh:191 FM_PR_NUMBER=99
+1789354100.581067 fm-pr-lib.sh:192 return 0
+1789354100.581135 fm-pr-lib.sh:304 FM_PR_META_PROVIDER=github
+1789354100.581151 fm-pr-lib.sh:305 FM_PR_META_URL=https://github.com/o/r/pull/99
+1789354100.581162 fm-pr-lib.sh:306 FM_PR_META_HOST=github.com
+1789354100.581172 fm-pr-lib.sh:307 FM_PR_META_PATH=o/r
+1789354100.581182 fm-pr-lib.sh:308 FM_PR_META_NUMBER=99
+1789354100.581193 fm-pr-lib.sh:310 seen_pr=1
+1789354100.581208 fm-pr-lib.sh:297 IFS=
+1789354100.581216 fm-pr-lib.sh:297 read -r line
+1789354100.581235 fm-pr-lib.sh:297 '[' -n '' ']'
+1789354100.581256 fm-pr-lib.sh:325 '[' 1 -eq 1 ']'
+1789354100.581269 fm-pr-lib.sh:326 '[' 0 -eq 0 ']'
+1789354100.581282 fm-pr-lib.sh:327 '[' -n https://github.com/o/r/pull/99 ']'
+1789354100.581355 fm-pr-lib.sh:612 '[' github = github ']'
+1789354100.581376 fm-pr-lib.sh:613 '[' https://github.com/o/r/pull/99 = https://github.com/o/r/pull/99 ']'
+1789354100.581390 fm-pr-lib.sh:614 '[' github.com = github.com ']'
+1789354100.581403 fm-pr-lib.sh:615 '[' o/r = o/r ']'
+1789354100.581420 fm-pr-lib.sh:616 '[' 99 = 99 ']'
+1789354100.581530 fm-pr-lib.sh:641 registration=/tmp/fm-pr-check-security.q7m8p0/rejected-metacharacters/home/state/safe-check.pr-poll-registration
++1789354100.582970 fm-pr-lib.sh:642 fm_pr_sha256 /tmp/fm-pr-check-security.q7m8p0/rejected-metacharacters/home/state/safe-check.pr-poll-registration
++1789354100.583354 fm-pr-lib.sh:257 command -v shasum
++1789354100.584244 fm-pr-lib.sh:258 shasum -a 256 /tmp/fm-pr-check-security.q7m8p0/rejected-metacharacters/home/state/safe-check.pr-poll-registration
++1789354100.584587 fm-pr-lib.sh:258 awk '{print $1}'
+1789354100.615599 fm-pr-lib.sh:642 reg_hash=6cf2d556ab639280104f3f7bfc55aae215df77d60e4f8da1b7cdb1c958785453
++1789354100.617068 fm-pr-lib.sh:643 fm_pr_file_identity /tmp/fm-pr-check-security.q7m8p0/rejected-metacharacters/home/state/safe-check.pr-poll-registration
++1789354100.617483 fm-pr-lib.sh:249 local device inode
+++1789354100.618565 fm-pr-lib.sh:250 fm_pr_file_device /tmp/fm-pr-check-security.q7m8p0/rejected-metacharacters/home/state/safe-check.pr-poll-registration
++++1789354100.619729 fm-pr-lib.sh:225 uname
+++1789354100.624413 fm-pr-lib.sh:225 '[' Linux = Darwin ']'
+++1789354100.624547 fm-pr-lib.sh:228 stat -c %d /tmp/fm-pr-check-security.q7m8p0/rejected-metacharacters/home/state/safe-check.pr-poll-registration
++1789354100.629790 fm-pr-lib.sh:250 device=74
+++1789354100.630712 fm-pr-lib.sh:251 fm_pr_file_inode /tmp/fm-pr-check-security.q7m8p0/rejected-metacharacters/home/state/safe-check.pr-poll-registration
++++1789354100.631814 fm-pr-lib.sh:241 uname
+++1789354100.637001 fm-pr-lib.sh:241 '[' Linux = Darwin ']'
+++1789354100.637144 fm-pr-lib.sh:244 stat -c %i /tmp/fm-pr-check-security.q7m8p0/rejected-metacharacters/home/state/safe-check.pr-poll-registration
++1789354100.642761 fm-pr-lib.sh:251 inode=475375
++1789354100.642924 fm-pr-lib.sh:252 '[' -n 74 ']'
++1789354100.642954 fm-pr-lib.sh:252 '[' -n 475375 ']'
++1789354100.642978 fm-pr-lib.sh:253 printf '%s:%s\n' 74 475375
+1789354100.643853 fm-pr-lib.sh:643 reg_identity=74:475375
+1789354100.643962 fm-pr-lib.sh:644 '[' github = github ']'
+1789354100.643997 fm-pr-lib.sh:645 '[' https://github.com/o/r/pull/99 = https://github.com/o/r/pull/99 ']'
+1789354100.644018 fm-pr-lib.sh:646 '[' github.com = github.com ']'
+1789354100.644038 fm-pr-lib.sh:647 '[' o/r = o/r ']'
+1789354100.644058 fm-pr-lib.sh:648 '[' 99 = 99 ']'
+1789354100.644096 fm-pr-lib.sh:649 '[' efb68e1603469fff3b15ca368ca6e2798f600d3d600366e6317a517628ebf8b4 = efb68e1603469fff3b15ca368ca6e2798f600d3d600366e6317a517628ebf8b4 ']'
+1789354100.644127 fm-pr-lib.sh:650 '[' e87aae384ec62ae28f78a0779020f52f7b891ba0cafea2551b5a2c4e967870cf = e87aae384ec62ae28f78a0779020f52f7b891ba0cafea2551b5a2c4e967870cf ']'
+1789354100.644149 fm-pr-lib.sh:651 '[' 74:475373 = 74:475373 ']'
+1789354100.644167 fm-pr-lib.sh:652 '[' 74:475374 = 74:475374 ']'
+1789354100.644213 fm-pr-lib.sh:653 '[' 6cf2d556ab639280104f3f7bfc55aae215df77d60e4f8da1b7cdb1c958785453 = 6cf2d556ab639280104f3f7bfc55aae215df77d60e4f8da1b7cdb1c958785453 ']'
+1789354100.644236 fm-pr-lib.sh:654 '[' 74:475375 = 74:475375 ']'
++1789354100.646017 fm-pr-lib.sh:855 fm_pr_file_device /tmp/fm-pr-check-security.q7m8p0/rejected-metacharacters/home/state
+++1789354100.647133 fm-pr-lib.sh:225 uname
++1789354100.652022 fm-pr-lib.sh:225 '[' Linux = Darwin ']'
++1789354100.652141 fm-pr-lib.sh:228 stat -c %d /tmp/fm-pr-check-security.q7m8p0/rejected-metacharacters/home/state
+1789354100.657768 fm-pr-lib.sh:855 state_device=74
+1789354100.657897 fm-pr-lib.sh:856 receipt=/tmp/fm-pr-check-security.q7m8p0/rejected-metacharacters/home/state/safe-check.pr-poll-retirement
+1789354100.658024 fm-pr-lib.sh:857 fm_pr_regular_destination_on_device_or_absent /tmp/fm-pr-check-security.q7m8p0/rejected-metacharacters/home/state/safe-check.pr-poll-retirement 74
+1789354100.658114 fm-pr-lib.sh:283 local path=/tmp/fm-pr-check-security.q7m8p0/rejected-metacharacters/home/state/safe-check.pr-poll-retirement device=74
+1789354100.658155 fm-pr-lib.sh:284 fm_pr_regular_destination_or_absent /tmp/fm-pr-check-security.q7m8p0/rejected-metacharacters/home/state/safe-check.pr-poll-retirement
+1789354100.658227 fm-pr-lib.sh:275 local path=/tmp/fm-pr-check-security.q7m8p0/rejected-metacharacters/home/state/safe-check.pr-poll-retirement
+1789354100.658253 fm-pr-lib.sh:276 '[' '!' -L /tmp/fm-pr-check-security.q7m8p0/rejected-metacharacters/home/state/safe-check.pr-poll-retirement ']'
+1789354100.658294 fm-pr-lib.sh:277 '[' -e /tmp/fm-pr-check-security.q7m8p0/rejected-metacharacters/home/state/safe-check.pr-poll-retirement ']'
+1789354100.658325 fm-pr-lib.sh:285 '[' '!' -e /tmp/fm-pr-check-security.q7m8p0/rejected-metacharacters/home/state/safe-check.pr-poll-retirement ']'
+1789354100.658375 fm-pr-lib.sh:858 '[' '!' -e /tmp/fm-pr-check-security.q7m8p0/rejected-metacharacters/home/state/safe-check.pr-poll-retirement ']'
+1789354100.658393 fm-pr-lib.sh:858 '[' '!' -L /tmp/fm-pr-check-security.q7m8p0/rejected-metacharacters/home/state/safe-check.pr-poll-retirement ']'
+1789354100.658408 fm-pr-lib.sh:859 umask 077
++1789354100.659604 fm-pr-lib.sh:860 mktemp /tmp/fm-pr-check-security.q7m8p0/rejected-metacharacters/home/state/.fm-pr-poll-retirement.XXXXXX
+1789354100.664545 fm-pr-lib.sh:860 tmp=/tmp/fm-pr-check-security.q7m8p0/rejected-metacharacters/home/state/.fm-pr-poll-retirement.gUUOqn
+1789354100.664839 fm-pr-lib.sh:861 printf '%s\n%s\n%s\n%s\n%s\n%s\n%s\n%s\n%s\n%s\n%s\n%s\n%s\n%s\n' fm-pr-poll-retirement-v1 safe-check github https://github.com/o/r/pull/99 github.com o/r 99 efb68e1603469fff3b15ca368ca6e2798f600d3d600366e6317a517628ebf8b4 e87aae384ec62ae28f78a0779020f52f7b891ba0cafea2551b5a2c4e967870cf 74:475373 74:475374 6cf2d556ab639280104f3f7bfc55aae215df77d60e4f8da1b7cdb1c958785453 74:475375 merged
+1789354100.664932 fm-pr-lib.sh:876 chmod 0600 /tmp/fm-pr-check-security.q7m8p0/rejected-metacharacters/home/state/.fm-pr-poll-retirement.gUUOqn
+1789354100.669146 fm-pr-lib.sh:877 fm_pr_private_file_valid /tmp/fm-pr-check-security.q7m8p0/rejected-metacharacters/home/state/.fm-pr-poll-retirement.gUUOqn 600 74
+1789354100.669336 fm-pr-lib.sh:267 local path=/tmp/fm-pr-check-security.q7m8p0/rejected-metacharacters/home/state/.fm-pr-poll-retirement.gUUOqn mode=600 device=74
+1789354100.669391 fm-pr-lib.sh:268 '[' -f /tmp/fm-pr-check-security.q7m8p0/rejected-metacharacters/home/state/.fm-pr-poll-retirement.gUUOqn ']'
+1789354100.669446 fm-pr-lib.sh:268 '[' '!' -L /tmp/fm-pr-check-security.q7m8p0/rejected-metacharacters/home/state/.fm-pr-poll-retirement.gUUOqn ']'
++1789354100.670970 fm-pr-lib.sh:269 fm_pr_file_mode /tmp/fm-pr-check-security.q7m8p0/rejected-metacharacters/home/state/.fm-pr-poll-retirement.gUUOqn
+++1789354100.672322 fm-pr-lib.sh:217 uname
++1789354100.677270 fm-pr-lib.sh:217 '[' Linux = Darwin ']'
++1789354100.677379 fm-pr-lib.sh:220 stat -c %a /tmp/fm-pr-check-security.q7m8p0/rejected-metacharacters/home/state/.fm-pr-poll-retirement.gUUOqn
+1789354100.682827 fm-pr-lib.sh:269 '[' 600 = 600 ']'
++1789354100.684451 fm-pr-lib.sh:270 fm_pr_file_device /tmp/fm-pr-check-security.q7m8p0/rejected-metacharacters/home/state/.fm-pr-poll-retirement.gUUOqn
+++1789354100.685993 fm-pr-lib.sh:225 uname
++1789354100.690693 fm-pr-lib.sh:225 '[' Linux = Darwin ']'
++1789354100.690801 fm-pr-lib.sh:228 stat -c %d /tmp/fm-pr-check-security.q7m8p0/rejected-metacharacters/home/state/.fm-pr-poll-retirement.gUUOqn
+1789354100.696251 fm-pr-lib.sh:270 '[' 74 = 74 ']'
++1789354100.697801 fm-pr-lib.sh:271 fm_pr_file_link_count /tmp/fm-pr-check-security.q7m8p0/rejected-metacharacters/home/state/.fm-pr-poll-retirement.gUUOqn
+++1789354100.699076 fm-pr-lib.sh:233 uname
++1789354100.704542 fm-pr-lib.sh:233 '[' Linux = Darwin ']'
++1789354100.704653 fm-pr-lib.sh:236 stat -c %h /tmp/fm-pr-check-security.q7m8p0/rejected-metacharacters/home/state/.fm-pr-poll-retirement.gUUOqn
+1789354100.710440 fm-pr-lib.sh:271 '[' 1 = 1 ']'
+1789354100.710677 fm-pr-lib.sh:878 fm_pr_poll_retirement_parse /tmp/fm-pr-check-security.q7m8p0/rejected-metacharacters/home/state/.fm-pr-poll-retirement.gUUOqn
+1789354100.710989 fm-pr-lib.sh:658 local file=/tmp/fm-pr-check-security.q7m8p0/rejected-metacharacters/home/state/.fm-pr-poll-retirement.gUUOqn version id provider url host path number data_hash template_hash
+1789354100.711032 fm-pr-lib.sh:659 local data_identity check_identity reg_hash reg_identity result _extra
+1789354100.711056 fm-pr-lib.sh:660 FM_PR_RETIRE_ID=
+1789354100.711068 fm-pr-lib.sh:661 FM_PR_RETIRE_PROVIDER=
+1789354100.711077 fm-pr-lib.sh:662 FM_PR_RETIRE_URL=
+1789354100.711085 fm-pr-lib.sh:663 FM_PR_RETIRE_HOST=
+1789354100.711093 fm-pr-lib.sh:664 FM_PR_RETIRE_PATH=
+1789354100.711101 fm-pr-lib.sh:665 FM_PR_RETIRE_NUMBER=
+1789354100.711109 fm-pr-lib.sh:666 FM_PR_RETIRE_DATA_HASH=
+1789354100.711117 fm-pr-lib.sh:667 FM_PR_RETIRE_TEMPLATE_HASH=
+1789354100.711127 fm-pr-lib.sh:668 FM_PR_RETIRE_DATA_IDENTITY=
+1789354100.711135 fm-pr-lib.sh:669 FM_PR_RETIRE_CHECK_IDENTITY=
+1789354100.711148 fm-pr-lib.sh:670 FM_PR_RETIRE_REG_HASH=
+1789354100.711156 fm-pr-lib.sh:671 FM_PR_RETIRE_REG_IDENTITY=
+1789354100.711170 fm-pr-lib.sh:672 '[' -f /tmp/fm-pr-check-security.q7m8p0/rejected-metacharacters/home/state/.fm-pr-poll-retirement.gUUOqn ']'
+1789354100.711197 fm-pr-lib.sh:672 '[' '!' -L /tmp/fm-pr-check-security.q7m8p0/rejected-metacharacters/home/state/.fm-pr-poll-retirement.gUUOqn ']'
+1789354100.711212 fm-pr-lib.sh:673 exec
